:020000040800F2
:1000000000400220A5750108357601082556010833
:1000100000000000000000000000000000000000E0
:100020000000000000000000000000002BB60108E6
:10003000000000000000000041B70108115601084F
:1000400035760108357601083576010835760108E0
:1000500035760108357601083576010835760108D0
:1000600035760108855A0108A55A0108F95A010890
:1000700035760108357601083576010835760108B0
:1000800035760108357601083576010835760108A0
:100090003576010835760108357601083576010890
:1000A000357601083576010835760108D9560108FC
:0C00B00085570108315801083576010819
:1000C00010B5064C2378002B07D1054B002B02D02E
:1000D000044800E000BF0123237010BD8009002008
:1000E00000000000C4C20208044B10B5002B03D06E
:1000F0000349044800E000BF10BDC04600000000F6
:1001000084090020C4C2020802780B78002A03D0B8
:10011000013001319A42F7D0D01A70470023C25CF7
:100120000133002AFBD1581E7047000002B471460B
:1001300049084900095C49008E4402BC7047C0462A
:1001400003B47146490840004900095A49008E44E9
:1001500003BC7047002243088B4274D303098B42CF
:100160005FD3030A8B4244D3030B8B4228D3030C87
:100170008B420DD3FF22090212BA030C8B4202D329
:100180001212090265D0030B8B4219D300E0090A51
:10019000C30B8B4201D3CB03C01A5241830B8B425A
:1001A00001D38B03C01A5241430B8B4201D34B0343
:1001B000C01A5241030B8B4201D30B03C01A5241A8
:1001C000C30A8B4201D3CB02C01A5241830A8B422D
:1001D00001D38B02C01A5241430A8B4201D34B0216
:1001E000C01A5241030A8B4201D30B02C01A52417A
:1001F000CDD2C3098B4201D3CB01C01A524183092E
:100200008B4201D38B01C01A524143098B4201D367
:100210004B01C01A524103098B4201D30B01C01A92
:100220005241C3088B4201D3CB00C01A524183080C
:100230008B4201D38B00C01A524143088B4201D339
:100240004B00C01A5241411A00D201465241104699
:100250007047FFE701B5002000F0F0F802BDC0468E
:100260000029F7D076E7704703460B437FD400227E
:1002700043088B4274D303098B425FD3030A8B423A
:1002800044D3030B8B4228D3030C8B420DD3FF22A4
:10029000090212BA030C8B4202D31212090265D072
:1002A000030B8B4219D300E0090AC30B8B4201D325
:1002B000CB03C01A5241830B8B4201D38B03C01A6C
:1002C0005241430B8B4201D34B03C01A5241030BE3
:1002D0008B4201D30B03C01A5241C30A8B4201D394
:1002E000CB02C01A5241830A8B4201D38B02C01A3F
:1002F0005241430A8B4201D34B02C01A5241030AB6
:100300008B4201D30B02C01A5241CDD2C3098B429A
:1003100001D3CB01C01A524183098B4201D38B0117
:10032000C01A524143098B4201D34B01C01A5241BA
:1003300003098B4201D30B01C01A5241C3088B42FF
:1003400001D3CB00C01A524183088B4201D38B00EA
:10035000C01A524143088B4201D34B00C01A52418C
:10036000411A00D201465241104670475DE0CA0F63
:1003700000D04942031000D34042534000229C4623
:1003800003098B422DD3030A8B4212D3FC2289012D
:1003900012BA030A8B420CD3890192118B4208D303
:1003A000890192118B4204D389013AD0921100E065
:1003B0008909C3098B4201D3CB01C01A5241830979
:1003C0008B4201D38B01C01A524143098B4201D3A6
:1003D0004B01C01A524103098B4201D30B01C01AD1
:1003E0005241C3088B4201D3CB00C01A524183084B
:1003F0008B4201D38B00C01A5241D9D243088B42A1
:1004000001D34B00C01A5241411A00D20146634643
:1004100052415B10104601D34042002B00D54942A7
:10042000704763465B1000D3404201B5002000F0E6
:1004300005F802BD0029F8D016E770477047C0469E
:100440008446100062468C461900634600E0C046B0
:100450001FB501F0B9FE002801D40021C8421FBD1C
:1004600010B501F0F9FD4042013010BD10B501F0AA
:10047000ABFE002801DB002010BD012010BDC046EE
:1004800010B501F0A1FE002801DD002010BD012003
:1004900010BDC04610B501F023FE002801DC00208D
:1004A00010BD012010BDC04610B501F019FE002896
:1004B00001DA002010BD012010BDC04684460800AE
:1004C0006146FFE71FB500F06BFB002801D4002157
:1004D000C8421FBD10B500F0EBFA4042013010BD1C
:1004E00010B500F05DFB002801DB002010BD0120ED
:1004F00010BDC04610B500F053FB002801DD002000
:1005000010BD012010BDC04610B500F0F9FA00285A
:1005100001DC002010BD012010BDC04610B500F068
:10052000EFFA002801DA002010BD012010BDC046FE
:10053000002B11D1002A0FD1002900D1002802D0B0
:100540000021C943080007B4024802A140180290E4
:1005500003BDC046E9FEFFFF03B4684601B502983B
:1005600000F0BAF8019B9E4602B00CBC7047C04632
:10057000F0B5CE469946030C9C46130447461B0C27
:100580001D000E0061460404240C80B50700100C09
:100590004B436543414360432C0CC01824188C46E0
:1005A000A34203D980235B029846C4444946794359
:1005B0005643230C2D042D0C89196344240460191F
:1005C000C918C0BCB946B046F0BDC0469E2110B5A2
:1005D000C905041CFFF7A2FF002803D1201C00F06E
:1005E0000FFE10BD9E21201CC90500F065FC00F027
:1005F00007FE80231B069C466044F2E770B500228C
:100600000C4B04000D00FFF74FFF002804D1200021
:10061000290002F0D1FC70BD064B00222000290009
:1006200002F00CF902F0C8FC80231B069C466044D3
:10063000F1E7C0460000E04170B50022002304004D
:100640000D00FFF713FF002808D12000290000F05B
:100650000FF802000B001000190070BD80231B066C
:10066000E918200000F004F8002342428B41F2E731
:1006700070B500220B4B0D00040001F017FEFFF7D0
:10068000BDFF060002F002FD0022074B01F00EFE46
:1006900002000B002000290002F0D0F8FFF7AEFFA7
:1006A000310070BD0000F03D0000F04170B5060063
:1006B000080002F0BDFC0022064B01F0F7FD0D0022
:1006C0000400300002F0E2FC2B00220000F046FEA5
:1006D00070BDC0460000F041F0B557464E46454655
:1006E000DE46E0B504000D009246994683B08B4289
:1006F00030D82DD04946504602F0D6FD29000600DC
:10070000200002F0D1FD331A9846203B34D49B469A
:1007100053465A46934042461F00534693401E009C
:10072000AF423BD8AF4200D179E05B46A41BBD414C
:10073000002B00DA76E000220023009201930123CF
:100740005A4693400193012342469340009329E087
:100750008242CFD900220023009201930C9B002BF0
:1007600001D01C605D600098019903B0F0BCBB46ED
:10077000B246A946A046F0BD42469B4620239B1A9E
:100780005246DA40414613004A468A401700424624
:100790001F43534693401E00AF42C3D9002200239B
:1007A000009201934346002BD8D0FB0772081A43EE
:1007B00046467B080EE0AB4201D1A2420CD8A41AF7
:1007C0009D41012024196D410021013E24184D4115
:1007D000002E06D0AB42EED9013E24196D41002E09
:1007E000F8D1009801995B4600196941002B24DB80
:1007F0002B005A464446D3402A00E2401C005B4688
:100800001500002B2ADB26009E40330026004746B9
:10081000BE403200801A9941009001919EE7A342A8
:10082000BCD882E74246202300219B1A0022009177
:1008300001920122DA40019285E7424620239B1A69
:100840002A0046469A402300F340444613432A00B8
:10085000E2401C005B461500002BD4DA42462F0014
:100860002023260097409B1ADE403B003343CDE710
:10087000F0B54F464646D6464402C0B547000E1C6A
:10088000640A3F0EC50F002F3CD0FF2F42D000233B
:10089000802299469A46E400D20414437F3F7302B3
:1008A0005B0A984673001B0EF60F002B1BD0FF2B24
:1008B00013D042468021D200C9041143884600204B
:1008C0007F3B2900FF1A4B467140C9B20F2B00D95C
:1008D000B5E0744A9B00D3589F464346002B3FD156
:1008E000FF3F023303E04346002B2DD101232900B3
:1008F0004A467140C9B21A430E2A38D86A48920053
:1009000082589746002C13D104239946033B0027B5
:100910009A46C4E7002C05D108239946063BFF27D9
:100920009A46BCE70C239946093BFF279A46B6E74F
:10093000200002F09BFC7627431F9C4000237F424F
:1009400099469A463F1AAAE7404602F08FFC424673
:10095000431F9A4076235B421B1A90460020B0E763
:1009600003234A461A4391460320FC33A9E70D00AE
:10097000FF200022C005ED0710432843E0BCBA4623
:10098000B146A846F0BD0D0000200022F2E7534614
:10099000022BEDD0032B33D0A046012B05D1002034
:1009A0000022E7E7350003287AD03B007F33002B95
:1009B0002DDD4246520707D00F2241460A40042A45
:1009C00002D004229446E0444246120105D5424634
:1009D000364B1A403B0090468033FE2BC8DC424623
:1009E0009201520AD8B2C5E780220025FF20D20327
:1009F000C0E78022D203144202D04346134249D0BA
:100A00008022D20322435202FF20520AB2E701227F
:100A1000D31A1B2BC3DC4246DA4043469E37BB4009
:100A2000591E8B411A43530704D00F231340042B44
:100A300000D00432530129D5012000229AE7424612
:100A400063015501AB4215D21B200022013F012654
:100A50001C0052005B00002C01DB9D4201D85B1B97
:100A6000324301380028F3D1581E8341134398467E
:100A70000D009AE71A2001225B1BE8E7023B5A426D
:100A800053415B4235000022D8B273E79201002047
:100A9000520A6FE71A4352023500FF20520A69E7F3
:100AA0004446ADE7ACFE0208ECFE0208FFFFFFF78C
:100AB00070B542004E024C0045026D0A120EC30F83
:100AC000760A240EC90FFF2A10D0FF2C0CD001206B
:100AD000A2420AD1B54208D18B420FD0002A04D1DC
:100AE0002800431E984100E0012070BD0120FF2C2A
:100AF000FBD13543F9D14B401800F6E70020F4E76D
:100B000030B5420044024D02C30F4800640A120E81
:100B10006D0A000EC90FFF2A19D0FF280BD0002A3A
:100B20001ED100280BD1002D27D0002C34D1002954
:100B30002FD0080030BD002D28D1002A01D1002C73
:100B4000F5D08B4207D1002B23D01800F2E7002C00
:100B50001CD1FF2814D0581E022318400138E9E7A1
:100B60000028F8D08B42F6D18242F4DCEBDBAC42B9
:100B7000F1D80020AC42DDD2E5E7002CDAD0EAE77C
:100B8000002D03D18B42E6D10020D3E70220404262
:100B9000D0E701204042CDE78B42E8D0DBE7C046FA
:100BA00030B5420044024D02C30F4800640A120EE1
:100BB0006D0A000EC90FFF2A1AD0FF280ED0002A96
:100BC0001ED100280ED1002D2AD0002C0CD08B4233
:100BD0001DD0581E02231840013810E0002D0DD101
:100BE000002A20D1002C1ED1002923D0080006E0C5
:100BF000002C03D1FF28ECD1002D17D0022030BDEE
:100C00000028E6D08B42E4D18242E2DC04DBAC4235
:100C1000DFD80020AC42F2D2002B0BD01800EEE758
:100C2000002CECD0D5E78B42D3D1F5E700208B42E6
:100C3000E5D0CEE701204042E1E7C046F0B54F469F
:100C40004646D64643025B0A4500C0B599460F1C8E
:100C50002D0EC60F002D00D188E0FF2D00D18DE0B4
:100C60008022DB00D2041A430023914698469A461C
:100C70007F3D7C027B00640A1B0EFF0F002B68D0B7
:100C8000FF2B21D08022E400D204144342467F3B54
:100C90005B1900215D1C0A2A2EDC7E404246022A96
:100CA00023DC013A012A00D9BDE002296ED00129D6
:100CB0002CD100200022C005F60710433043E0BCD1
:100CC000BA46B146A846F0BD2B00FF33002C65D0D4
:100CD0000322414611433200013588467A40FF35F0
:100CE0000A2900DDD8E01600032140460122824097
:100CF000A620C000024220D05346022B46D0032B30
:100D000000D1BBE051464C460129D2D02B007F33A5
:100D1000002B70DD620704D00F222240042A00D08D
:100D20000434220103D5634B1C402B008033FE2B7F
:100D30002CDCA201520AD8B2BDE79020800002420A
:100D400027D1B938FF3810426DD03E00A1468A46FF
:100D5000D2E7002C41D1012342461A4390462B0092
:100D6000424601215D1C0A2A97DDC5E7002B26D1EA
:100D700004239846033B00259A467AE7002B18D1B6
:100D800008239846063BFF259A4672E7FF2000227B
:100D900091E780220026FF20D2038CE74146022201
:100DA000013511438846FF350A29A5DC02217E4022
:100DB00074E70C239846093BFF259A4659E718002B
:100DC00002F054FA4A46431F76259A4000236D42AA
:100DD000914698469A462D1A4BE7200002F046FAB3
:100DE0004246431F9C402B1A763B00215D1C0A2A79
:100DF00000DC52E780E70122D31A1B2B00DD58E705
:100E00009E352200AC40DA40631E9C4122435307CA
:100E100004D00F231340042B00D00432530137D5E4
:100E20000120002247E7210C4A462404240C270015
:100E3000100C1204120C44435743484351433A0CDC
:100E400009195218944203D9802149028C46604402
:100E50003F0411043F0CC9198C01671EBC41120CE0
:100E6000890E12180C439201144312010ED501236E
:100E700062081C40144349E73E00A14680224B46CD
:100E8000D2031A435202FF20520A14E71D003DE725
:100E900092010020520A0EE70F29EDD180224B4625
:100EA000D2031342EAD01442E8D13E00FF2022438D
:100EB00001E7C046FFFFFFF7F8B54746CE464E02B2
:100EC00043024500720AC40F480080B594465F0A89
:100ED0002D0E9B09000EC90FB609FF2824D0012250
:100EE00051402A1A8C420FD0002A00DC6AE1002807
:100EF00035D1002E00D1A2E0511E012A00D124E1FB
:100F0000FF2A21D00A002FE0002A00DC67E1002838
:100F10005ED0FF2D18D08021C9040E431B2A00DCAF
:100F200076E02A00013332E02A00FF3A9146002E93
:100F300042D08C4255D04A46002A00D19CE0002D78
:100F400000D177E00C003300DB08002B00D16EE00D
:100F50008022D20313435B02FF205B0A24E0FF2DB3
:100F6000F2D08021C9040E4301211B2A08DC310084
:100F70002020D140821A96403200501E82411143F7
:100F80005B1A5A0160D407212A00194057D00F215B
:100F90001940042900D00433590150D5501CFE2AB1
:100FA00045D09B01C0B25B0AC0051843E40720434B
:100FB000C0BCB946B046F8BD012251408C42BAD1FE
:100FC0004A46002A10D0002D00D198E00023BBE74C
:100FD000002E34D0511E012A6ED0FF2AB4D00A0050
:100FE0009CE7002A00D088E0FE206A1C104200D056
:100FF00092E0002D00D0A4E0002B00D1CBE0002E29
:1010000000D0CAE00022DB085B025B0AD0B2CBE76B
:1010100031002020D140821A96403200501E824179
:101020000A439B185A01AED56A1CFE2D4AD1FF20F7
:101030000023B9E7FF22002B4BD10C003300DB0863
:10104000FF2A00D181E7DFE79F01BF09380002F0E6
:101050000DF905388740854221DC3B002021421BE9
:101060000132D3408A1A97407A1E974100223B43AF
:10107000590700D08BE78FE7FE206A1C104212D17F
:10108000002D52D1002B7CD0002EBBD09A1B5001DA
:1010900000D48BE001240022F31A0C40E8E7564B01
:1010A0002A1A3B40E4E79F1B7A0146D4002FCDD19A
:1010B00000240020002377E79B1901250132590104
:1010C00000D460E701214D4819405B0803400B4301
:1010D000CEE7571E012A5AD00C00FF2A33D0012236
:1010E0001B2F07DC2021C91B1A008B40FA40591E18
:1010F0008B411A430500B31A43E7002D23D1FF2289
:10110000002B9BD0511E012AD6D0FF2A1BD01B29B1
:101110002CDD0200731C3AE7FF2A88D09B195B087C
:10112000590700D033E7DB086EE7002B10D1002E03
:1011300043D0012433000C4006E70124F71A0C4089
:1011400084E7002B04D13300FEE601259B1B18E742
:10115000002E00D1F8E68022D203974204D39445B2
:1011600002D2012433000C40DB08F1E61A002025EE
:10117000CA40691A8B40591E8B41134305009B19C5
:1011800050E7002E94D0012433000C403AE70C00C5
:101190000125F31AF5E6330034E79B1900225901C3
:1011A000C1D5154A1340DB0801222DE7002A00D1E2
:1011B0007EE713000022DB0826E780230024FF20BF
:1011C000DB03F1E6002A00D156E7471B3A00002D69
:1011D00000D130E78022D2040C0013437FE7002ABD
:1011E00000D101E7411B002D01D10A0088E78022D0
:1011F000D20413438BE7C046FFFFFFFBFFFFFF7DD9
:1012000041024200C30F490A0020120E7E2A03DD6C
:101210009D2A02DD094A9818704780200004014386
:10122000952A07DC9620821AD1404842002BF3D140
:101230000800F1E7963A9140F7E7C046FFFFFF7FCD
:1012400070B5002813D0C317C5185D40C40F28001F
:1012500002F00CF89E2301001B1A962B0FDC0828C5
:1012600034D008398D406D026D0AD8B202E00024F6
:1012700000200025C0052843E407204370BD992BBA
:1012800016DC421F052800D095402A001148024074
:101290006E0709D00F263540042D05D004325501C4
:1012A00002D59F2302405B1A9201550AD8B2E1E7AA
:1012B0000522121A2800D040020008001B30854089
:1012C0002800451EA84102431500DEE76D02962066
:1012D0006D0ACFE7FFFFFFFB70B5041E0ED001F0D3
:1012E000C5FF9E2301001B1A962B0CDC08282FD06B
:1012F00008398C406402640AD8B201E0002000245E
:10130000C005204370BD992B16DC421F052800D074
:101310009440220010480240650709D00F252C4058
:10132000042C05D00432540102D59F2302405B1ADD
:101330009201540AD8B2E3E7020020001B32904029
:101340000200501E82410520401AC4401443E0E7C9
:1013500064029620640AD3E7FFFFFFFBF0B557460F
:101360004E464546DE46E0B583B0009001910C0341
:101370004F00CE0F610A009C1D03640F0C430099BF
:1013800000920193C80059004B0D9946009A019BA9
:101390006D0AD90F530F2B439A46009B7F0DDA003D
:1013A00094464A46B046BA1A8E4200D1B0E0002AAE
:1013B00000DC78E04946002900D1E9E0C9498F42C4
:1013C00000D195E10125382A16DC80215346090415
:1013D0000B439A461F2A00DDE7E1202155468B1A70
:1013E00061469D40D1400D43614699404B1E994155
:1013F0005346D3400D43E41A451BA8428041404266
:10140000241A230200D40FE16402640A002C00D1E4
:1014100039E1200001F02AFF0300083B20212800C9
:10142000CA1AD0409C4002009D4022439F4200DDEA
:1014300073E1D81B0130091A2C008D40C4406B1E8B
:101440009D411300C2408B402543002714001D43DB
:101450006B0709D00F232B40042B05D02B1DAB426B
:10146000AD416D4264191D00230200D42DE19D4A57
:101470000137974200D1D3E046469B49ED08214011
:101480004A072A437C054D022D0B640D24052C438D
:10149000F60734431000210003B0F0BCBB46B2464F
:1014A000A946A046F0BD002A00D184E04A46D21BDE
:1014B000002F00D06DE12500054300D127E1561E25
:1014C000012A00D13BE2874DAA4200D16AE2012500
:1014D000382E12DC32001F2A00DDF8E1202625001C
:1014E000B61A07005346B040D440B540D740461E18
:1014F000B0411B1B9A463D4305436246551BAC4514
:101500009241534652420E004F4688469C1A78E755
:10151000002A00DC8EE04946002975D16146534619
:10152000194300D1F6E0511E012A00D191E16D4D21
:10153000AA4200D1DCE00125382914DC0A001F2A68
:1015400000DDA2E120215346891A8B401D0063462D
:10155000D3401D4363468B4019004B1E99415346AF
:10156000D3400D43E4182D18854280414042241891
:10157000230259D55B4B01379F4251D001215A4B71
:101580006A081C4029400A43E507154364085FE7E1
:1015900061465346194300D1BCE0511E012A00D1D7
:1015A00064E1504DAA4200D16AE10125382900DDED
:1015B00022E70A000EE74D4A7D1C154200D0D0E01C
:1015C00025006246534605431A43002F00D037E1F9
:1015D000002D00D1A8E1002A00D16AE16346C51AB6
:1015E0005346E21AA8429B415B42D31A1A0200D426
:1015F00003E263461D1AAC459241534652421C1BFE
:101600000E008846A41A23E736498F4270D0012580
:10161000382AA8DC8021534609040B439A468EE7FA
:101620003C000025002231E707232B40002B00D08F
:1016300010E793E0002A74D04A46D21B002F00D155
:10164000C7E02849894500D185E10125382A12DC07
:10165000802109040C431F2A00DDABE12021250075
:10166000891A070088408D40D740411E8841D440E8
:101670003D430543A244654465459241524252446C
:1016800014004F4674E7280001F0F0FD0300183302
:101690001F2B00DCC2E62A00083882409F4200DD92
:1016A000A9E0DB1B581C1F2800DCACE115001F3B28
:1016B000DD40202805D040231B1A9A40531E9A4132
:1016C0001543072300272B40B0E7ED08054B6207C1
:1016D0002A43E4089F420FD02403250B7C05640DA8
:1016E000D4E6C046FF070000FFFF7FFFFE070000B3
:1016F000C00862070243E4081300234300D186E1D7
:1017000080252D0325432D03C34C2D0BBEE66046DB
:1017100054460E001700C508D8E7C04CFF1A144005
:1017200096E6BF4A791C11426BD122000243002F7A
:1017300000D0DBE0002A00D12DE1624653461A4377
:1017400000D1B6E06346C51885428041544440420A
:101750002418230202D50F00B04B1C403A00280089
:10176000D8E76246851AA8429241534652429146B2
:10177000E31A1A004B46D21A130091461A0254D4A7
:101780004A464C462A4300D040E600260024002565
:101790007CE6A14DA94500D190E00125382A00DD65
:1017A000ABE680252D042C4395E6110055462039E3
:1017B000CD40A946202A06D0402153468A1A93409C
:1017C00062461A43944665466B1E9D414B461D4337
:1017D00012E62100014300D1C4E0511E012A00D1CC
:1017E000FBE08D4DAA4200D1B5E00125382900DD8E
:1017F00041E70A002FE7894CFF1A14406207E4080A
:101800006AE7854A914200D1E3E06346C21882420A
:1018100080412300404253441B18DD075C08072326
:10182000520815430F002B4000E763461D1AAC45D4
:101830009241534652421C1B0E008846A41AE5E50D
:10184000002D00D091E0002A38D180240026240306
:1018500056E76346C51885428041544440422418E7
:101860000127230200D4DFE6022787E66346C51A74
:10187000A842804153464042E41A0127241AC0E599
:101880006207C0080243E40836E7110053462039D6
:10189000CB409946202A06D0402153468A1A9340CD
:1018A00062461A43944665466B1E9D414B461D4356
:1018B00059E66207C0080243E4080DE753465A0799
:1018C0006346D80853460E000243DC0814E71500AF
:1018D0002600203DEE40202A03D04025AA1A94403D
:1018E0002043421E90410500354306E6002A7CD085
:1018F00062465346C0081A4300D1FAE66207104315
:101900008022E4081203144208D0D908114205D1FC
:101910006346D80853460C005B071843420FC000CB
:10192000C00852070243E7E6002A00D12DE76346CC
:10193000D80853465A070E000243DC08CCE663463B
:101940001D1AAC459241534652421C1B0E0088465C
:10195000A41A013755E56346D90853465A070A4386
:10196000DC08C9E660465446D4E6C008002A00D127
:10197000BFE6620710438022E40812031442CDD070
:10198000DD081542CAD16346D80853465B070E00EE
:101990002C001843C2E76346D90853465A070A4346
:1019A000DC0899E66346D80853465A070E000243FE
:1019B000DC08A1E6110027002039CF40202A03D0FF
:1019C00040218A1A94402043421E904105003D4325
:1019D00051E60C000025002258E560446045924124
:1019E000544452420500A4183AE753465A07634646
:1019F000D90853460A43DC087EE61A001C002A4335
:101A000000D0ABE6C1E620210025091A19E5002225
:101A10000025014C3AE5C046FF070000FFFF7FFFAD
:101A2000FE070000F0B5DE46454657464E46E0B597
:101A300087B0009201930B031B0B9B46CA0F4B0010
:101A4000040080465B0D029200D16AE1D44A9342C1
:101A500000D18CE15946420FC9000A438021090494
:101A60001143C2009046CF4A894692469A440023C9
:101A700000240393009E019F3B031B0B9B467B00AE
:101A800030005B0DFD0F002B00D128E1C44A9342CA
:101A900000D177E15946720FC9000A438021090439
:101AA00011438B46BF49F2008C4651466344CB1A22
:101AB0009A460023029E6E400F2C27D8BA49A400F4
:101AC00009598F46CB464246029E039B022B16D0F5
:101AD000032B00D1A6E2012B00D0DFE0002200237F
:101AE000002490461B052343F60733434046190064
:101AF00007B0F0BCBB46B246A946A046F0BD0022E6
:101B000000249046A64BEDE72E00DFE7CB4500D240
:101B1000D4E100D1CFE101235B429C4644464846D4
:101B20000027E2445B46150E1B021D43190C2B04D3
:101B3000120200951D0C914602910395FEF790FB51
:101B400002006A430B04210C804619438A4209D9DA
:101B5000009D0123AC465B4261449C46E0448D42BB
:101B600000D8FBE1881A0299FEF77AFB039A240455
:101B700042430904240C03000C43A24206D90099F5
:101B8000013B8C466444A14200D8E1E1A01A4246E0
:101B900012041A4393464B4659461B0C1D000493EE
:101BA0000B0449460904090C0C001B0C5C43120C85
:101BB0006B43884651436A43250CAC465B1863442B
:101BC000994203D9802149028C466244190C2404AD
:101BD0001B04240C8A181C19904202D316D1A74268
:101BE00014D25B46009D013B4F4405934F459B41FA
:101BF000AC465B426344C018854200D3A1E18242F7
:101C000000D9F6E100D1F1E1059B9B463C1BA742C0
:101C1000BF41009D801A7F42C01B854200D1D0E1A8
:101C20000299FEF71DFB039A0B044243210C0700A7
:101C300019438A4200D978E1881A0299FEF710FB0D
:101C4000039A240442430904240C03000C43A242D7
:101C500000D95DE14146A41A3A041A43049D1304D5
:101C60001B0C594347466B439C46100C47430B0CD7
:101C7000BC44634468439F4203D980256D02AC464F
:101C800060441F0C09041B04090C3F185B18BC427C
:101C900000D202E100D1FDE001231A43434B53443B
:101CA000002B00DCAEE0510700D098E15946C90195
:101CB00006D559463E4B194080238B46DB005344E2
:101CC0003C498B4200DD1AE75946D20849071143C7
:101CD0005A465B0554028846240B5B0D02E75A46C0
:101CE000009B1A4300D17EE05B46002B00D100E14F
:101CF000584601F0BBFA020003000B3A1D27009E74
:101D0000BA1A19005846D6400839884032000243B2
:101D10009346009A8A40284953448A469A440023AD
:101D2000C8E65B460343994656D05B46002B00D17C
:101D3000CDE0584601F09AFA0B235B429C46020024
:101D4000844466461D239B1B260011005846DE4036
:101D50000839884033000343994623008B40984656
:101D6000164B00249B1A9A460023039382E65A4698
:101D7000024391462AD100229A4602239046082423
:101D8000039377E65A46009B1A430D4B9C46E24468
:101D9000002A17D102231C4300239B46023389E605
:101DA000FF07000001FCFFFF28FF0208FF030000FF
:101DB000FFFFFFFEFE070000F30300000DFCFFFF26
:101DC00001F8FFFF032332001C4373E69A46032306
:101DD000D9460C2403934DE6002398469A460133D6
:101DE0000424039346E601231C4300239B4601334E
:101DF00060E60023802498460026924B240371E677
:101E0000012252420121C91A382900DD66E61F2944
:101E100000DCABE01F204042C31A5846D840030004
:101E2000202904D058468849514488400243511E15
:101E30008A411A43072319000024114013420CD091
:101E40000F231340042B00D1F9E0111D91429B4157
:101E50000A005B4259075B021C0BD2080A439046FA
:101E600000233FE680244B462403234209D05B46EF
:101E7000234206D11C4324032E009046714B240BB1
:101E800030E680244B4624031C432403029E6D4B02
:101E9000240B27E6002B00D100E70098511E844652
:101EA0006444844200D284E0BC4200D2AEE000D15F
:101EB000C1E00A00F0E6424500D92CE64B46DC07BB
:101EC000580843465B081C434346DF072AE601F0F7
:101ED000CDF915239C4684440200634620321C2B16
:101EE00000DC2EE7230008388340994600239846FB
:101EF00036E701F0BBF902000300153220331C2A3B
:101F000000DCFBE600990838814000228B4602E79E
:101F10000099013B8C466444A14200D99AE6A24252
:101F200000D897E6831E644494E6AC466144013FC2
:101F30008D4200D980E68A4200D87DE6871E614442
:101F40007AE6854200D05FE6B94500D95CE656E600
:101F5000A24200D81AE6831E644417E68A4200D8DB
:101F600000E6AC46831E98466144FBE53748140002
:101F7000504482405B4617008340CC407A1E974114
:101F800023433B431A005B46CB40510709D00F2146
:101F90001140042905D0111D9142924152429B18D3
:101FA0000A00190200D455E70022012300249046BC
:101FB00098E50A00BC4200D06EE64B4500D06BE6C7
:101FC0006CE6234B234A5344924500DA18E701217B
:101FD00049420A1D8A42894149428B4466E60F21E3
:101FE0001140042900D161E61100F2E7BC4200D89B
:101FF0000AE602235B429C4600994F444F459B41B1
:10200000E3448C465B426344C018FFE54946009DAB
:10201000480048458941AC46494261448146023AFC
:102020006418C7E780245B4624031C4324039046BE
:10203000044B240B56E59945E8D30A00BDE700237D
:1020400008E7C046FF0700003E0400001E04000031
:10205000FF03000002FCFFFFF0B55746DE464E4688
:102060004546E0B50D000400E80F83460903D80F8C
:10207000090B824619488C461F0369005E00490D12
:102080003F0B760D814218D086420FD00120B1421D
:102090000DD1BC450BD1944209D1D3451CD00029A8
:1020A00005D160462043431E984100E00120F0BC6A
:1020B000BB46B246A946A046F0BD01208E42F6D1ED
:1020C000614639430F0017432743F0D15B46524620
:1020D000981A431E9841EAE70020E8E7FF0700004E
:1020E000F0B557464E464546DE46E0B50D000F03B7
:1020F000390B83B00400804601915800E90F314F3D
:10210000400D8C466E00190382469146760D090BF0
:10211000D80FBE421FD0BA450FD0002E2FD1554642
:10212000019E3443002D27D10A433AD0002C45D1DB
:1021300000281AD10120404217E011433BD1002E64
:1021400002D1019F2743F3D0844509D16346002B78
:10215000F0D0604609E0019F27432CD1B24524D03E
:1021600063460220013B1840013803B0F0BCBB4677
:10217000B246A946A046F0BD002CD9D0E4E75446AB
:10218000002CEDD08445EBD15645E9DCDEDB019B2C
:102190008B42E5D8DAD1C845E2D80020C845E4D260
:1021A000D4E70020002CE0D0DAE7114303D18445C6
:1021B000D6D10020D9E702204042D6E78445E6D0B8
:1021C000CEE7C046FF070000F0B557464E464546ED
:1021D000DE46E0B50D000F0304008046E80F390B22
:1021E000844683B05800304F400D01911E036900B2
:1021F00082469146490D360BD80FB94220D0BA45D8
:102200000FD000292BD101990C435146002937D119
:10221000324338D0002C44D1002819D1012040424B
:1022200016E0164313D1002902D1019F2743F3D0B2
:10223000844520D063460220013B1840013807E066
:10224000019F274303D18A45F4D116431FD00220B2
:1022500003B0F0BCBB46B246A946A046F0BD54460A
:10226000002CE7D08445E5D15145E3DC03DB019B3D
:10227000B342DFD80FD06346002BCFD06046E7E7EC
:10228000002CC9D0D4E70020002CE1D0D2E784454F
:10229000D0D10020DCE7C845CCD80020C845D7D233
:1022A000E9E78445E3D0C5E7FF070000F0B55746EE
:1022B000DE464E464546E0B51F000B031B0B1600DD
:1022C0009A46CA0F4B000400934687B05B0D00D1BD
:1022D000D5E0BB4A934200D1F8E05146420FC90015
:1022E0000A43802109041143C2009146B54A8A4637
:1022F0009D180023984602933C037B00FA0F3000A0
:10230000240B5B0D009200D196E0AD4A934231D090
:10231000720FE4002243802424041443A94AF000ED
:10232000944663445B195A1C0192424600260A2ACD
:1023300042DC5A4600994A4093464246022A32DC21
:10234000013A012A00D949E1022E00D1CAE0012E4A
:102350003DD100230024002210005A461B052343D0
:10236000D2071343190007B0F0BCBB46B246A946DA
:10237000A046F0BD924B2643EB18002E00D1BBE0E7
:102380000322414611435A46884600994A4080211B
:1023900009018C4629006144019141460A2900DD6A
:1023A00033E293460326424601279740A6213A008E
:1023B000C9000A400F4231D0029E022E00D135E200
:1023C000032E00D1D2E154464846012EC1D0019AD5
:1023D0007D4B94466344002B00DCC0E0420709D0EB
:1023E0000F220240042A05D0021D82428041404251
:1023F00024181000E20106D5744B019A1C4080237A
:102400009446DB006344724A93426BDC6207C00867
:1024100064025B050243240B5B0D9DE7902189005C
:102420000F4263D188223A4200D1D7E0009BA246F6
:102430009B4681460296BFE72300334300D17FE0ED
:10244000002C00D1ADE1200000F010FF02000300DD
:102450000B3A1D201900821A30000839D0408C40F8
:102460000443300088405B4AEB1A944663445A1C8C
:102470000192424600260A2A00DC5AE79CE75346AE
:102480000343994654D05346002B00D177E1504680
:1024900000F0ECFE0B235B429C46020084441100DA
:1024A0005046083988401D23804660461B1A20008C
:1024B000D8400300404603439A4623008B40994688
:1024C0000023444D9846AD1A029315E75246024345
:1024D000914626D100221D000223924608329046E2
:1024E000029309E700240022354B35E700238024BE
:1024F0009B462403324B2FE70222414611438022A0
:10250000120194462A006244884601920A2900DD9D
:1025100052E75A460020009904004A40934602269A
:102520000BE70C221D000323814690460293E3E64D
:1025300000239A4604339846033B00250293DBE6CA
:10254000424601331A432B0090465A1C01924246E0
:102550000024002001260A2A00DCEAE62CE70122FA
:10256000D21A382A00DDF4E61F2A00DC2AE11F21F6
:102570004942CB1A2100D9400B00202A05D0164A27
:10258000019D94466544AC402043421E904118434F
:10259000072319000024014003420CD00F230340FD
:1025A000042B00D140E1031D8342A4411800644282
:1025B00061076402240BC20800230A43CCE6C0462C
:1025C000FF07000001FCFFFFFF030000FFFFFFFE0D
:1025D000FE0700000DFCFFFF3E04000049464A468E
:1025E0000904090C0D00160C020C0004000C4543F4
:1025F000AC4605007543A84615000F0075430092D0
:1026000002952A00009D6F4365462D0CA94647445C
:102610004F44B84505D915008022520290464544E2
:1026200002953D0C039565462D043F042D0CAC46E8
:102630003D0065440495250C2404240CAC4625007B
:102640007543A84665460F00694341448946674380
:10265000390C49446E43884503D980225202904682
:1026600046440D0CA846350045440595039D3F049E
:10267000A8463F0C0904C9198844454603955546A8
:102680002E04360C2F0C3500454378438146380024
:10269000A8462D0CAA46009A504372434A4452441D
:1026A000914503D980256D02A9464844150CA946D9
:1026B00045462D042D0CA84665467D43120448442A
:1026C0009044A9463200654662436E437C43170C32
:1026D0003619BF19BC4203D980246402A446E144E0
:1026E000029C039EA446059D66448E428941AC46E9
:1026F00012043C04120CA218624449425418464485
:10270000A4464645A44182466442A046AA4292415C
:102710008C458941E244D044494252420A43A04593
:10272000A44182458941644249420C4341463F0CE1
:10273000D2191219CC0D049970020843411E884128
:1027400041464A44F60D52023043490214430843BD
:10275000D20135D50122430802401343E007184354
:10276000640834E6009BA2469B468146802453467B
:1027700024031C4324034A462E4B240BECE500F0B3
:1027800075FD15239C4684440200634620321C2BB1
:1027900000DC84E6002399462300083883409A46EB
:1027A0008EE600F063FD02000300153220331C2A80
:1027B00000DC4EE602003400083A0020944052E665
:1027C000019304E61C4B21009C460300019DD3406D
:1027D0006544A94019430300AB40581E8341194387
:1027E0000800D4404B0709D00F230B40042B05D021
:1027F0000B1D8B428041404224181800230200D454
:10280000D6E6012300240022A6E50F29AAD18023C1
:1028100052461B031A42A9D01C42A7D11C43009B5D
:1028200002009B46034B97E50024C1E60024014BC0
:10283000220091E5FF0700001E040000F0B54E469F
:102840004546DE465746E0B585B0009001910C0341
:102850004F00CE0F610A009CB046640F0C430099F4
:102860007F0DC80011001A001B039C4600910192C5
:1028700051004B0D9946019B009DD90F63466A0F8D
:102880005B0A1343EA0094469346C14A03900293BD
:10289000914500D1CDE0012569404D467D1BAA46FA
:1028A0008E4200D180E0002D00DC35E3494600294E
:1028B00000D1DFE0974200D194E152460125382A49
:1028C00019DC8022029B12041343029352461F2AF2
:1028D00000DDE3E1534620226146029DD21A954075
:1028E000D9400D43614691400A00511E8A4115436B
:1028F000029ADA40A41A451BA84280414042241A99
:10290000230200D43DE16402640A002C00D147E1B7
:10291000200000F0ABFC0300083B20212800CA1A6D
:10292000D0409C4002009D4022439F4200DD77E161
:10293000D81B0130091A2C008D40C4406B1E9D41EC
:102940001300C2408B402543002714001D436B0732
:1029500009D00F232B40042B05D02B1DAB42AD41DA
:102960006D4264191D00230200D440E1884A0137FA
:10297000974200D101E1012643468649ED082140F6
:102980004A072A437C054D022D0B640D1E40240589
:102990002C43F60734431000210005B0F0BCBB46C1
:1029A000B246A946A046F0BD002D00DCD0E2494663
:1029B000002900D0D4E06146029B194300D12BE1ED
:1029C000691E012D00D1D9E1954200D10AE101250E
:1029D000382917DC8A4653461F2B00DDE7E1202209
:1029E000D21A029B614693401D005346D94063466C
:1029F00093401A000D43511E8A4153461543029AD3
:102A0000DA40A4182D188542804140422418230240
:102A100000D4B6E05E4B01379F4200D1ADE001210A
:102A20005C4B6A081C4029400A43E50715436408CB
:102A30008DE7594A029B92466246BA441A432CD00B
:102A40008E422ED05246002A60D0002F00D1DBE00B
:102A500063460E00029CD80862070243E408130094
:102A6000234300D154E280252D0325432D03484CF8
:102A70002D0B8CE76146029B194300D1CCE0290065
:102A80000139012D00D188E1954200D1AAE001254C
:102A9000382900DD2FE78A4618E7012251408E428F
:102AA000D0D15346002B00D1BEE0002F00D038E13A
:102AB000CA462200024300D1E2E15346591E012BCF
:102AC00000D10DE2324A924500D1D2E101273829E6
:102AD00013DC1F2900DDEEE12022029B521A2500A3
:102AE00007009A46CC4090409540CF40A244421EF9
:102AF000904153462F43074302933D00654465458B
:102B00009241029B52424F46D41880E7234A7D1CD3
:102B1000154200D0AAE062462500029B05431A43F5
:102B2000002F00D0F5E0002D00D16BE1002A00D18C
:102B300052E16346C51A029BE21AA8429B415B42DE
:102B4000D31A1A0200D4D5E163461D1AAC4592414E
:102B50000126029B52421C1B8846A41A0E40F6E630
:102B600097423FD052460125382A00DD4AE78022AD
:102B7000029B1204134302932DE73C000025002220
:102B800005E707232B40002B00D0E2E66BE0C046B0
:102B9000FF070000FFFF7FFF01F8FFFFFE070000B7
:102BA000280000F063FB030018331F2B00DCB4E6A1
:102BB0002A00083882409F4200DDB9E0DB1B581C28
:102BC0001F2800DCA0E115001F3BDD40202805D0B8
:102BD00040231B1A9A40531E9A411543072300278E
:102BE0002B40D0E7C00862070243E40837E7EA0851
:102BF00063071A43D34BE4089F4200D12FE7240315
:102C0000250B7C05640DC2E6CA462200024358D15A
:102C100063460E00029C0393039B5746DA08E7E7DE
:102C2000C94CFF1A144092E6C84D7A1C2A4200D0C3
:102C300084E022000243002F00D0EFE0002A00D100
:102C4000E5E0624602990A4300D1C5E06346C51833
:102C50008C4685428041644440422418230202D5B8
:102C6000B94B01371C40BA460395D5E76246851A31
:102C7000A842924152429146029BE31A1A004B46E7
:102C8000D21A130091461A026CD44A464C462A4383
:102C900000D03AE600260024002578E60299534643
:102CA0000D00203AD540202B06D04022D21A0B002E
:102CB000934062461A4393465B465A1E93411D4316
:102CC00019E653465A1E012B00D1C6E09D4EB2456F
:102CD00000D1BDE688460E000125382A10DC1F2AE7
:102CE0007FDC20212500891A070088408D40D740CD
:102CF000D440411E8841029B3D431B1B0543029368
:102D00006246551BAC459241029B52424F469C1A6B
:102D1000F6E5002D00D0B7E0002A00D1F0E0012652
:102D20000E4063460298D90842070A43C40896E653
:102D3000854CFF1A14406207E40860E781498A4223
:102D400000D1C9E06346C11881428041029B4042E4
:102D5000E3181B18DD075C08072349080D4317001B
:102D60002B4010E763461D1AAC4592410126029B99
:102D700052421C1B8846A41A0E40C6E56346C5187D
:102D8000029B854280419C464042644424180127AE
:102D9000230200D4F5E6022741E66346C51AA8429D
:102DA0008041029B4042E41A0127241AA8E5029DB3
:102DB00052462B00203AD34019005346202B06D010
:102DC0004022D21A2B00934062461A4393465D4636
:102DD0006B1E9D410D4315E66207C0080243E408DF
:102DE0000DE7110027002039CF40202A05D04021CF
:102DF0008A1A9440250005430395039D6A1E954158
:102E00003D437DE7002A00D144E701260E4063469A
:102E1000D908029B5A070A43DC08F0E6002A28D0AA
:102E20006246029FC0083A4300D1DCE662071043C5
:102E30008022E4081203144209D0FD08154206D18D
:102E4000634601262C00D8087B0718430E40420F2A
:102E5000C000C0085207024301E663461D1AAC4594
:102E60009241029B52421C1B0E0088460127A41A65
:102E700046E56346D908029B5A070A43DC08EEE59B
:102E80006346029C0393C7E6C008002A00D1AAE665
:102E9000620710438022E40812031442D7D0029F35
:102EA000FD081542D3D163460126D8087B072C00C4
:102EB00018430E40CBE70A002700203AD7402029CC
:102EC00005D04022521A9440250005430395039DE6
:102ED0006A1E95412F4310E614000025002256E596
:102EE000029B60449946604592414C445242050021
:102EF000A4184CE71A001C002A4300D0B3E6C9E628
:102F0000802400262403AEE520210025091A17E5B8
:102F1000002200250B4C3AE5002D00D1F6E54B468A
:102F2000DA1B9246002F00D16FE6382A05DC802696
:102F30003604344388460E00D1E688460E0001254B
:102F4000DEE6C046FF070000FFFF7FFFFE07000030
:102F5000002D00D168E64B46D91B002F01D18A46CF
:102F6000A7E50127382900DDC7E5802212041443B4
:102F7000AFE5C046F0B5C6461E03360BB0460D4E53
:102F80000C034D005F0000B5240B6D0D7F0DB542A5
:102F90000BD0084900208F4204D14646164330002A
:102FA000431E984180BCB846F0BD04430120002C6C
:102FB000F8D1EEE7FF0700000B00020070B5164DD8
:102FC0000C0382B04900002000920193240B490DAC
:102FD000DE0FA94204DD1148814203DD104BF018D9
:102FE00002B070BD8020400320430E4C641A1F2C99
:102FF00008DD0D4B5B1AD84003005842002EEFD17C
:103000001800EDE7094B009A9C46030061448B4091
:10301000E2401343F1E7C046FE0300001D04000038
:10302000FFFFFF7F3304000013040000EDFBFFFFF0
:1030300070B5002816D0C317C5185D40C40F28000E
:1030400000F014F9104B1B1A5B055B0D0A2814DC09
:1030500002002E00153296400B22121AD5402D0385
:103060002D0B03E000240023002500261B052B4325
:10307000E40723433000190070BD0B3885402D0351
:1030800000262D0BF2E7C0461E04000010B5041EFA
:1030900010D000F0EBF80E4B1B1A5B055B0D0A28F5
:1030A0000FDC0B222100121AD14015300A03844094
:1030B000120B01E0002300221B051343200019001E
:1030C00010BD22000B38824012030024120BF3E7DC
:1030D0001E04000070B542024300C40FFE201B0E08
:1030E000591C550A08420CD0E02189008C466D0716
:1030F000120B63441B051343E40723432800190004
:1031000070BD002B14D1002D1BD0280000F0AEF8AC
:103110000A281CDC0B232A001B1ADA400300153393
:103120009D400E4B12031B1A5B05120B5B0DE1E772
:10313000002D09D0130B802212031A436D07084B90
:10314000D8E700230022D5E70022054BD2E7030091
:103150002A000B3B9A400025E3E7C04689030000A4
:10316000FF070000F0B54B000F035B0D3B4C450F14
:1031700083B07F0A5E1C2F4300900191CA0FC500E7
:1031800026420BD036495C18FE2C13DDFF200023AD
:10319000C0051843D207104303B0F0BD002B02D185
:1031A00000200023F4E73D43F0D08023DB03FF2021
:1031B0003B43EDE7002C14DD009BFF009B01581EF4
:1031C0008341690F3B430B43590741D00F211940FD
:1031D000042928D00433590125D501340023E0B255
:1031E000D6E721001731DBDB80211E20090439439B
:1031F000001B1F281BDD02267642341B0E00E64012
:103200003400202804D017488446634499400D4375
:103210002B00591E8B412343590715D00F21002441
:103220001940042917D19B015B0AE0B2B0E70E4CAC
:103230001C192B00A540C340A140681E85412943AD
:103240000B4300245907C1D19B0100205B0A9FE773
:10325000DB08E0B29CE70433E5E7C046FE07000068
:1032600080FCFFFFA2FCFFFF82FCFFFF1C2101236B
:103270001B04984201D3000C10391B0A984201D359
:10328000000A08391B09984201D30009043902A237
:10329000105C40187047C04604030202010101019E
:1032A000000000000000000010B5002903D1FFF766
:1032B000DDFF203002E00800FFF7D8FF10BDC04658
:1032C00080B500AFBFF34F8FC046044B044ADA60AD
:1032D000BFF34F8FC046C046FDE7C04600ED00E09B
:1032E0000400FA0580B500AF00F012F800F08EF887
:1032F00000F0C0F800F02AF900F0B8F900F0CAFABE
:1033000000F03AFC00F0CAFCC046BD4680BD00009B
:1033100090B583B000AF3B1D00221A70BB1D082280
:103320001A80BB1C00221A80334ABB1C12881A80E8
:10333000BB1C1B88314A934207D1314B01221A70C2
:10334000304B00221A70FA2351E0BB1C1B881B0A69
:103350009BB2DAB22A4B1A70294B1B78002B02D190
:10336000274B01221A70BB1C1B88DAB2254B1A703E
:103370007B1D01221A7032E07B1C00221A7024E0AF
:10338000BB1D1B881C4A9446634419007B1D1B7897
:103390005A1E7B1C1B78DBB21C000B8898B21A49A2
:1033A00013009B009B185B009B181B195B00021C01
:1033B0005A52BB1DBA1D128808321A807B1C1B781A
:1033C000DBB20133DAB27B1C1A707B1C1B78DBB2D8
:1033D0000A2BD5D97B1D1A787B1D01321A70084B38
:1033E0001B787A1D12789A42C6D93B1D1B781800AB
:1033F000BD4603B090BDC04600A80708FFFF00000F
:103400007C000020341D00202C19002080B582B0E3
:1034100000AFFB1D00221A70BB1D01221A7019E0BB
:10342000BB1D1B789BB2013398B2BB1D1B78013BBF
:103430005A000E4BD318190010F0B7FDBB1D1B78B6
:10344000192B02D9FB1D0A221A70BB1D1A78BB1D4D
:1034500001321A70064B1B78BA1D12789A42DFD9D6
:10346000FB1D1B781800BD4602B080BD001D00206A
:103470007C00002090B583B000AFFB1C00221A70C6
:10348000BB1D00221A803B0000221A807B1D0022F7
:103490001A704BE03B1D01221A7033E0BB1D1B88E4
:1034A0001C339BB23A001100180010F07EFD3B0067
:1034B00018887B1D1A783B1D1978C4B22148130067
:1034C0009B009B185B00C318221C5A543B001B88AE
:1034D0001B0A98B27B1D1A783B1D1B78591EC4B27B
:1034E000184813009B009B185B00C318221C5A54F9
:1034F000BB1D1A88BB1D01321A803B1D3A1D127874
:1035000002321A703B1D1B78092BC7D97B1D1A7814
:103510000C4913009B009B185B00CB180933002259
:103520001A707B1D1A787B1D01321A70064B1B78AE
:103530007A1D12789A42ADD9FB1C1B781800BD4643
:1035400003B090BDA01B00207C00002090B583B08C
:1035500000AFFB1C00221A70BB1D00221A803B002A
:1035600000221A807B1D00221A707B1D00221A7017
:1035700015E0BB1D1B88CB3398B27B1D1B785A000E
:10358000374BD318190010F010FDBB1D1A88BB1D56
:1035900001321A807B1D1A787B1D01321A70314B63
:1035A0001B787A1D12789A42E3D37B1D00221A7091
:1035B0004BE03B1D01221A7033E0BB1D1B88993381
:1035C0009BB23A001100180010F0EFFC3B00188885
:1035D0007B1D1A783B1D1978C4B2234813009B0049
:1035E0009B185B00C318221C5A543B001B881B0A03
:1035F00098B27B1D1A783B1D1B78591EC4B21A481D
:1036000013009B009B185B00C318221C5A54BB1D5F
:103610001A88BB1D01321A803B1D3A1D12780232F6
:103620001A703B1D1B78092BC7D97B1D1A780E49D0
:1036300013009B009B185B00CB18093300221A7003
:103640007B1D1A787B1D01321A707B1D1B78092B9C
:10365000AFD9FB1C1B781800BD4603B090BDC04617
:10366000CC1C00207C000020F4090020B0B588B0FC
:1036700002AF0B23FB1800221A703B1D00221A8098
:10368000BB1C00221A8008243B1900221A80BB1D93
:1036900000221A8017257B1900221A7000233B6133
:1036A0000023FB603B1D1900E42010F07EFC0300AA
:1036B0001A003B191A803B191B88002B03D13B1DB4
:1036C0001A887B191A703B1D1900E52010F06DFC5B
:1036D00003001A0008243B191A80BB1C1900E620BD
:1036E00010F063FC03001A00BB1D1A803B191B88F5
:1036F000002B0AD1BB1D1B88002B06D13B1D1B884C
:103700001B04BA1C12889B183B613B1D1900E72063
:1037100010F04BFC03001A0008243B191A80BB1C54
:103720001900E82010F041FC03001A00BB1D1A80AC
:103730003B191B88002B0AD1BB1D1B88002B06D10F
:103740003B1D1B881B04BA1C12889B18FB603B1D89
:103750001900E92010F029FC03001A0008217B1849
:103760001A807B181B88002B0BD13B1D1B881B0A62
:103770009BB2DAB2414B1A703B1D1B88DAB2404B48
:103780001A703B1D1900EA2010F00FFC03001A000C
:1037900008217B181A807B181B88002B0BD13B1D3E
:1037A0001B881B0A9BB2DAB2364B1A703B1D1B8872
:1037B000DAB2354B1A703B1D1900EB2010F0F5FB07
:1037C00003001A0008217B181A807B181B88002B25
:1037D0000BD13B1D1B881B0A9BB2DAB22B4B1A7014
:1037E0003B1D1B88DAB22A4B1A70244B1B78002B26
:1037F00011D0234B1B78002B0DD0204B1D78204B74
:103800001B78FC6839691722BA18107800932B00CE
:10381000220007F0CFFA1B4B1B78002B11D01A4B5C
:103820001B78002B0DD0174B1D78174B1B78FC68AD
:1038300039691722BA18107800932B00220007F07C
:10384000B9FA124B1B78002B11D0114B1B78002BAF
:103850000DD00E4B1D780E4B1B78FC683969172272
:10386000BA18107800932B00220007F0A3FA0B235C
:10387000FB181B781800BD4606B0B0BD5B1D0020CC
:103880005C1D00205D1D00205E1D00205F1D0020CE
:10389000601D0020B0B584B000AF0F23FB180022DC
:1038A0001A7008243A198A235B001100180010F0DE
:1038B0007CFB03001A000C217B181A807B181B88E4
:1038C000002B24D13B191B881A1C03231340DAB2A6
:1038D000A44B03210A4050011A7860218A43111C2D
:1038E000021C0A431A703B191B881B0A9BB21A1C44
:1038F00001231340DAB29B4B01210A4090001A7851
:1039000004218A43111C021C0A431A701FE0964BC3
:103910001B785B069B0FDAB2924B03210A405001E1
:103920001A7860218A43111C021C0A431A708E4BBC
:103930001B785B07DB0FDAB28A4B01210A4090004B
:103940001A7804218A43111C021C0A431A700824A5
:103950003A198E235B001100180010F026FB0300BB
:103960001A000C217B181A807B181B88002B11D1A0
:103970003B191B881BB29BB2DB0BDAB2794B0121DE
:103980000A40D0001A7808218A43111C021C0A43FD
:103990001A700FE0744B1B781B07DB0FDAB2714B08
:1039A00001210A40D0001A7808218A43111C021C08
:1039B0000A431A7008243A191623FF33110018001D
:1039C00010F0F3FA03001A000C217B181A807B1800
:1039D0001B88002B04D13B191A88644B1A8003E022
:1039E000634B1A88614B1A8008243A198B235B00B9
:1039F0001100180010F0D9FA03001A000C217B18EE
:103A00001A807B181B88002B04D13B191A88574B4E
:103A10005A8003E0564B5A88544B5A8008243A196E
:103A20001823FF331100180010F0BFFA03001A002A
:103A30000C217B181A807B181B88002B0CD13B199A
:103A40001B88DAB2494B1A713B191B881B0A9BB2BF
:103A5000DAB2464B5A7107E0454B1A79434B1A715B
:103A6000434B5A79414B5A7108243A198C235B0015
:103A70001100180010F099FA03001A000C257B19A8
:103A80001A80BA1D1A23FF331100180010F08DFAA6
:103A900003001A000A217B181A807B191B88002B4F
:103AA0000DD17B181B88002B09D13B191B881A00EC
:103AB000BB1D1B881B041A432C4B9A600CE02D4B3A
:103AC0001B78002B04D0294BE12252029A6003E0BC
:103AD000274B9A68254B9A6008243A198D235B007E
:103AE0001100180010F061FA03001A000C217B1875
:103AF0001A807B181B88002B0CD13B191B88DAB26B
:103B00001A4B1A733B191B881B0A9BB2DAB2174B6C
:103B10005A7305E0154B18225A73144B00221A737E
:103B200008243A191C23FF331100180010F03DFA45
:103B300003001A000C217B181A807B181B88002BAD
:103B400005D13B191B88DAB2084B9A7603E0084B83
:103B50009A7E064B9A760F23FB181B781800BD46F9
:103B600004B0B0BD541D0020581D0020381D002099
:103B7000800000205A1D002080B582B000AFBB1D20
:103B800000221A703B0000221A803B1D00221A807E
:103B9000FB1C00221A70FB1D00221A7071E0FB1D35
:103BA0001B783B339BB29B009BB23A00110018007C
:103BB00010F0FBF903001A003B1D1A803B1D1B8807
:103BC000002B59D13B001B881B0A9AB2FB1C1A70B0
:103BD000FB1C1B781B09DBB21A00FB1D1B78013391
:103BE0009A4249D1FB1C1B780F22134044D0FB1D85
:103BF0001B785A1CFB1C1B780F210B40D8B226499E
:103C000013005B009B18CB180133021C1A703B0099
:103C10001988FB1D1B785A1CC8B21F4913005B0092
:103C20009B18CB180233021C1A70FB1D1B785A1C00
:103C3000194913005B009B18CB1801331A78FB1D40
:103C40001B780133DBB21900100010F093FFFB1D4D
:103C50001B780133D8B2FB1D1B785A1C0E49130088
:103C60005B009B18CB1802331B7801221340DBB298
:103C70000022190011F080F9FB1D1A78FB1D01329A
:103C80001A70FB1D1B78062B89D9BB1D1B781800E9
:103C9000BD4602B080BDC0466436002090B585B0F8
:103CA00000AF0F23FB1800221A706F4BBB6032204D
:103CB00022F09EF803003B603B68002B01D1FB2300
:103CC000CEE0BB681B78FE2B01D0FF23C8E0FB1DB4
:103CD00000221A70B8E00F23FB1800221A7010E0BF
:103CE000BB685A1CBA6019000F203B181B783A6851
:103CF000D3180A78D2B21A703B181A783B180132DE
:103D00001A700F243B191B78132BE9D9FB1D1A7865
:103D100013009B009B189B00544A98183B68013382
:103D20001422190023F07FFD3B68142200211800A3
:103D300023F051FC3B1900221A70BB681433BB609E
:103D40000FE0BA680F203B181B783968CB1812783F
:103D50001A70BB680133BB603B183A181278013205
:103D60001A70BB681B78FE2B08D0BB681B78FF2B32
:103D700004D00F23FB181B78312BE2D90F217B18BD
:103D80001B78013B3A68D3181B78002B04D07B18B2
:103D90007A18127801321A700F23FB181A78FB1D5B
:103DA0001C78100022F024F8030019002F4A230089
:103DB0009B001B199B00D3180C331960FB1D1A784C
:103DC0002A4913009B009B189B00CB180C331B68DF
:103DD000002B12D1FB1D1A7813009B009B189B002F
:103DE000224A9B1814220021180023F0F4FB3B68A0
:103DF000180022F007F80E2332E0FB1D1A781B4949
:103E000013009B009B189B00CB180C3318680F24E1
:103E10003B191A783B68190023F005FD144B1B78F9
:103E20000133DAB2124B1A703B191A783B68002141
:103E3000180023F0D0FBBB681B78FE2B0AD1FB1DBA
:103E40001A78FB1D01321A70FB1D1B78042B00D859
:103E500041E700E0C0463B68180021F0D3FF002393
:103E60001800BD4605B090BD00B00708E81D002051
:103E7000950A002080B582B000AFFB1D00221A70A9
:103E8000BB1D01221A7021E0BB1D1B785A1E154B69
:103E90005200D35A002B0DD0BB1D1B789BB20133AF
:103EA00098B2BB1D1B785A1E0E4B5200D35A1900F4
:103EB00010F09CF8BB1D1B78192B02D9FB1D0A22A0
:103EC0001A70BB1D1A78BB1D01321A70064B1B7885
:103ED000BA1D12789A42D7D9FB1D1B781800BD462F
:103EE00002B080BD001D00207C00002090B583B092
:103EF00000AFFB1C00221A70BB1D00221A803B0081
:103F000000221A807B1D00221A7047E07B1D1A7860
:103F1000284913009B009B185B005B5C002B38D08A
:103F20003B1D01221A7030E07B1D1A783B1D1B7867
:103F3000591E204813009B009B185B00C3185B5C54
:103F40001B0299B27B1D1A783B1D1878194C13007F
:103F50009B009B185B00E3181B5C1A003B008A184F
:103F60001A80BB1D1B881C339AB23B001B881900AA
:103F7000100010F03BF8BB1D1A88BB1D01321A80DF
:103F80003B1D3A1D127802321A703B1D1B78092B1B
:103F9000CAD97B1D1A787B1D01321A70064B1B781B
:103FA0007A1D12789A42B1D9FB1C1B781800BD46C5
:103FB00003B090BDA01B00207C000020F0B587B0AE
:103FC00000AFB9607A6019000F243B19021C1A7007
:103FD0000E257B190A1C1A701726BB1900221A70AD
:103FE0003B191B789BB21900E4200FF0FFFFBB6860
:103FF0001B0A9BB21900E5200FF0F8FFBB689BB2CB
:104000001900E6200FF0F2FF7B681B0A9BB2190033
:10401000E7200FF0EBFF7B689BB21900E8200FF060
:10402000E5FF7B191B789BB21B029AB22023102458
:104030001B19DB191B789BB2D3189BB21900E9201E
:104040000FF0D4FF24231B19DB191B789BB21B0232
:104050009AB228231B19DB191B789BB2D3189BB289
:104060001900EA200FF0C2FF2C231B19DB191B7863
:104070009BB21B029AB230231B19DB191B789BB22F
:10408000D3189BB21900EB200FF0B0FFBB191B78BF
:104090001800BD4607B0F0BD80B582B000AFFB1D73
:1040A00000221A70284B1A881623FF3311001800BB
:1040B0000FF09CFF244B5A888B235B0011001800E3
:1040C0000FF094FF204B5B791B021AB21E4B1B7B37
:1040D0001BB213431BB29AB21823FF33110018000E
:1040E0000FF084FF184B9B689AB28C235B00110081
:1040F00018000FF07BFF144B9B681B0C9AB21A231D
:10410000FF33110018000FF071FF0F4B5B7B1B0298
:104110001AB20D4B1B791BB213431BB29AB28D23FB
:104120005B00110018000FF061FF074B9B7E1A0027
:104130001C23FF33110018000FF058FFFB1D1B78E4
:104140001800BD4602B080BD381D002080B582B089
:1041500000AFFB1D00221A701B4B342200211800F7
:1041600023F039FABB1D01221A7021E0BB1D1B7818
:104170005A1E154B5200D35A002B0DD0BB1D1B7875
:104180009BB2013398B2BB1D1B785A1E0E4B5200D6
:10419000D35A19000FF02AFFBB1D1B78192B02D927
:1041A000FB1D0A221A70BB1D1A78BB1D01321A7042
:1041B000064B1B78BA1D12789A42D7D9FB1D1B7883
:1041C0001800BD4602B080BD001D00207C0000200C
:1041D000B0B58EB002AF1423F8180A257A19182347
:1041E000F9180823FB1800930300012010F07CF855
:1041F0000C23F818BA1D1023F9183B1D0093030077
:10420000022010F071F81C217B1801225A607B18E3
:1042100000229A607B191B881A007B181A60BB6900
:104220001A000C007B18190010001CF0E7FA21009E
:104230007B1800225A607B1802229A603B1D1B8863
:104240001A007B181A60FB681A007B18190010000E
:104250001CF0D4FABB6918007B191B8800221900D6
:104260001CF055FC052012F00FFBFB681A003B1DEB
:104270001B88190010001CF02DFC031E17D1BB6910
:1042800018007B191B88012219001CF040FC052036
:1042900012F0FAFAFB681A003B1D1B881900100087
:1042A0001CF018FC0300012B01D1012300E00023C6
:1042B0001800BD460CB0B0BD90B585B000AF7860B9
:1042C0000F23FB1800221A701CE00F243B191A78E8
:1042D000114913005B009B189B00CB1808331A6828
:1042E0007B6811001800FBF70FFF031E04D13B1978
:1042F0001B780133DBB20BE00F217B181A787B1897
:1043000001321A700F23FB181B78002BDDD000231D
:104310001800BD4605B090BDD034002080B584B0F3
:1043200000AF78600F23FB1800221A7041E0264A84
:104330007B6811001800FBF7E7FE031E01D1012383
:104340003DE0224A7B6811001800FBF7DDFE031EEA
:1043500001D1022333E01E4A7B6811001800FBF7ED
:10436000D3FE031E01D1032329E01A4A7B68110002
:104370001800FBF7C9FE031E01D104231FE0164AF3
:104380007B6811001800FBF7BFFE031E01D1052357
:1043900015E0124A7B6811001800FBF7B5FE031EFA
:1043A00001D106230BE00F217B181A787B1801320C
:1043B0001A700F23FB181B78052BB8D9002318009F
:1043C000BD4604B080BDC046D4C80208D8C80208A3
:1043D000DCC80208E0C80208E4C80208E8C802080D
:1043E00080B582B000AF11F0CDFC11F0C7FE0FF028
:1043F000B1FD0FF067FE0FF059FA12F0ABF90FF0B4
:10440000B3FC12F0E1F90FF0C1FE031E03D00FF070
:1044100043FEFEF755FFFFF7DBFE031E21D03A4BAC
:1044200001221A70322012F02FFA0CF033FD374BB4
:10443000E12252029A60FB1D01221A700CE0334BFC
:104440009A68FB1D1B781100180012F0FBFEFB1D83
:104450001A78FB1D01321A70FB1D1B78062BEED952
:1044600004E0322012F010FA0CF014FDFEF73AFFCF
:1044700013F056F80FF054FA254B1B78002B13D18C
:104480008023DB012348012219001CF040FBFA23A2
:104490005B00180012F0F8F98023DB011D480022B0
:1044A00019001CF034FB26E08023DB0119480122AF
:1044B00019001CF02CFBFA235B00180012F0E4F941
:1044C0008023DB011348002219001CF020FB64202C
:1044D00012F0DAF98023DB010E48012219001CF0EA
:1044E00016FB642012F0D0F98023DB01094800227A
:1044F00019001CF00CFB06F01BFA074B01221A7086
:10450000C046BD4602B080BD5A1D0020381D0020A7
:10451000341D002000040050930A002080B500AF35
:1045200019F09AFF0CF0A4F8FFF75AFF06F02AFAE8
:1045300016F0CCFCC046BD4680BD0000F0B587B08B
:1045400002AF0F23FB1800221A700E23FB18002263
:104550001A700D23FB1800221A707B1D00221A709E
:104560003B1D00221A700C23FB1800221A700B232B
:10457000FB1800221A700A23FB1800221A70092463
:104580003B1900221A70BB1C00221A80B84B012272
:104590001A700823FB1800221A70B64B1B781800FB
:1045A00000F0FAFC322016F099FC3B1901221A7037
:1045B00013E009217B181B785A1EAF4B9200D35A87
:1045C000002B04D00823FB187A1812781A700921DE
:1045D0007B181A787B1801321A700923FB181B7894
:1045E000062BE6D9FB1D01221A701BE0A14B1B789C
:1045F000FA1D12789A4210D0FA1D0823FB1812787F
:104600001B789A4209D0FB1D1B78180012F03AFE65
:1046100003000121180012F063FEFB1D1A78FB1D38
:1046200001321A70FB1D1B78062BDFD9914B1B78CA
:10463000180000F0B1FC914B02221A70322016F0E3
:104640004DFC0E23FB1801221A700923FB180122CE
:104650001A7041E009217B181B785A1E864B920084
:10466000D35A002B32D00E243B193A19127801325A
:104670001A70834B3A1912785A70824B3A19127891
:104680001A707F4B00221A700D007B1818780323D4
:10469000009310230022002106F0B4FF3B191B7881
:1046A0009BB21B029BB27A191278511E724A890082
:1046B0008A5AD2B211007A191278013A5B1899B26B
:1046C0006D4B9200D152322016F008FC09217B1864
:1046D0001A787B1801321A7009217B181B78062B77
:1046E000B8D9694B1A88694B1A807B1801221A7055
:1046F0005CE009243B191B785A1E5F4B9200D35A89
:10470000002B4DD03B191B78591EBB1C5A4A8900FF
:104710008A5A1A80BB1C1B881B0A9AB27B1D1A700E
:104720003B191B785A1E544B9200D25A3B1D1A70EB
:104730007B1D1B78DB001AB23B1D1B781BB2134399
:1047400019B23B191A7889B2504B5200D1523B1919
:104750001B78013B7A1D1278013A47499B00CB1820
:1047600002331888494B16214A43011CD152404B51
:104770001B78DB001AB23B191B781BB2134319B22A
:104780007B1D1B785A1E3B1D18788CB23F491300C5
:104790009B009B185B009B181B185B00221C5A5245
:1047A00009217B181A787B1801321A700923FB182B
:1047B0001B78062B9DD90C23FB1802221A7017E0D8
:1047C0000E23FB181B789BB21622534399B22F4A33
:1047D0000C243B1918780B00112106F08DFE0A20DD
:1047E00016F07CFB21007B181A787B1801321A70B6
:1047F0000C23FA180E23FB1812781B789A42DFD983
:1048000074E10C23FB1802221A7061E1BB1D012226
:104810001A700AE0BB1D1B78013B194A0121D154D3
:10482000BB1D1A78BB1D01321A70BB1D1B780A2BE9
:10483000F0D9134B00229A720C243B191B780B22DF
:104840000E21180006F006FE322016F047FB3B1939
:104850001B7800220C21180006F0FCFD96235B005B
:10486000180016F03BFB0B23FB1801221A7061E0C5
:10487000341D0020900A002028180020920A0020F1
:10488000F80B00207C0000207A0000202C1900206A
:104890000B203B181B78591EBB1CDD4A89008A5A25
:1048A0001A80BB1C1B881B0A9AB27B1D1A70BB1C8A
:1048B0001B88002B38D07B1D1B78002B34D10E2198
:1048C0007B187A18127801321A70D24B7A18127843
:1048D0005A70D14B7A1812781A707B181B789BB2D9
:1048E0001B029BB23A181278511EC94A89008A5A93
:1048F000D2B211003A181278013A5B1899B2C44B3F
:104900009200D152C34B01221A70C24B3A1812784E
:104910009A700C23FB181B7803221021180006F054
:1049200099FD322016F0DAFA0B217B181A787B18E1
:1049300001321A700B22BB181B780A2BA8D9BB189E
:1049400001221A708EE00B243B191B785A1EB04BC3
:104950009200D35A002B00D17EE03B191B78591EE0
:10496000BB1CAB4A89008A5A1A80BB1C1B881B0AD5
:104970009AB27B1D1A703B191B785A1EA44B9200E9
:10498000D25A3B1D1A707B1D1B78012B64D00C255D
:104990007B191B785A1E3B191878A04913009B00FD
:1049A0009B185B009B181B185B005B5A002B18D1EF
:1049B0007B1D1B78DB001AB23B1D1B781BB2134317
:1049C00019B27B191B785A1E3B1918788CB293497F
:1049D00013009B009B185B009B181B185B00221C9C
:1049E0005A527B1D1B785A1E3B1D18788B491300A9
:1049F0009B009B185B009B181B185B005B5A002BED
:104A00002AD10B243B191B78013B7A1D1278013AFD
:104A10007F499B00CB1802331888804B16214A43EC
:104A2000011CD1520C23FB181B78DB001AB23B1976
:104A30001B781BB2134319B27B1D1B785A1E3B1DFA
:104A400018788CB2754913009B009B185B009B186B
:104A50001B185B00221C5A520B217B181A787B18FA
:104A600001321A700B243B191B780A2B00D86AE715
:104A7000674B18220021180022F0ADFD3B190222DD
:104A80001A7017E00E23FB181B789BB216225343B3
:104A900099B2624A0B243B1918780B00112106F0D9
:104AA0002BFD642016F01AFA21007B181A787B1867
:104AB00001321A700B23FA180E23FB1812781B7898
:104AC0009A42DFD90C217B181A787B1801321A70B0
:104AD0000C23FA180E217B1812781B789A4200D802
:104AE00094E60D23FB187A1812781A700D23FA1821
:104AF0000E23FB1812781B789A4200D081E6484BAF
:104B00001B78180000F048FA322016F0E7F90C2361
:104B1000FB1801221A7020E00C23FB181B78591E89
:104B2000BB1C404A89008A5A1A80BB1C1B881B0A7E
:104B30009AB27B1D1A70BB1C1B88002B07D07B1DF3
:104B40001B78002B03D10F23FB1805221A700C21B0
:104B50007B181A787B1801321A700C22BB181B784C
:104B6000062BD9D9BB1802221A703DE00C23FB1882
:104B70001B7800220C21180006F06CFC96235B00C9
:104B8000180016F0ABF90B23FB1801221A7020E075
:104B90000B23FB181B78591EBB1C1D4A89008A5A1F
:104BA0001A80BB1C1B881B0A9AB27B1D1A70BB1C87
:104BB0001B88002B07D07B1D1B78002B03D10F23F4
:104BC000FB1805221A700B217B181A787B1801320A
:104BD0001A700B23FB181B780A2BD9D90C217B18D0
:104BE0001A787B1801321A700C23FA180E23FB185E
:104BF00012781B789A42B9D90F23FB181B78002B27
:104C000000D057E10923FB1801221A7024E0C046A6
:104C100040180020F80B00207C0000202C190020F8
:104C2000900A002028180020D44B1B881BB20920B2
:104C30003A181278013A8021090211410A0012B291
:104C4000D24312B213401BB29AB2CC4B1A803B181B
:104C50001A783B1801321A700923FB181B78062BAF
:104C6000E2D90C23FB180E22BA1812781A70F3E05E
:104C70000A23FB1801221A70A9E00C243B191B78A7
:104C80005A1E0A257B191878BD4913009B009B18F2
:104C90005B009B181B185B005B5A002B21D17B1912
:104CA0001B78013BB74A0021D15420003B181B78E8
:104CB0005A1EB24B5200D35A1BB27A191278013ADB
:104CC0008021090211410A0012B2D24312B21340EC
:104CD00019B23B181B785A1E89B2A84B5200D15208
:104CE0006FE00C257B191B785A1E0A26BB191C780D
:104CF000B91CA34813009B009B185B009B181B1951
:104D00005B001B5A0B80BB1C1B88DB089AB27B1D07
:104D10001A70BB1C1B88DAB23B1D07210A401A70AF
:104D20007B1D1B785A1E954B5200D35A19003B1D10
:104D30001B78013B802212021A4113000B401ED146
:104D4000BB191B78013B8F4A0121D1547B191B7879
:104D50005A1E8A4B5200D35A1AB2BB191B78013B18
:104D60008021090219410B001BB2134319B27B19B0
:104D70001B785A1E89B2814B5200D15221E00A2081
:104D80003B181B78013B7F4A0021D1540C243B196E
:104D90001B785A1E794B5200D35A1BB23A1812781C
:104DA000013A8021090211410A0012B2D24312B223
:104DB000134019B23B191B785A1E89B26F4B52002F
:104DC000D1520A217B181A787B1801321A700A23F3
:104DD000FB181B780A2B00D84FE70C243B191B78D3
:104DE0001900012000F0F8FA20003B181B78013B65
:104DF000654AD35C5A1E7B1D64498A5C1A703C1D4F
:104E00007B1D1A7805003B181B781100180000F074
:104E1000E3FA030023707A1D7B1912781B789A42FB
:104E200006D03B1D1B78013B564AD35C012B02D1B7
:104E3000544B01229A720C243B191B780B220E2131
:104E4000180006F007FB0A2016F048F821007B182E
:104E50001A787B18013A1A700C23FB181B78012B67
:104E600000D905E70923FB1801221A701DE0484B01
:104E70001B7809217A1812789A4210D07A180823E0
:104E8000FB1812781B789A4209D07B181B781800FF
:104E900012F0F8F903000021180012F021FA09219C
:104EA0007B181A787B1801321A700923FB181B78BB
:104EB000062BDCD90F23FB181B78002B25D10C23E4
:104EC000FB1802221A7019E00C243B191B780022EF
:104ED0000121180006F0BEFA3B191B78013B2A4A53
:104EE000D35C1A0013009B009B185B00180015F0A0
:104EF000F5FF3B191A783B1901321A70254B1B78C4
:104F00000C22BA1812789A42DED90F23FB181B78AC
:104F1000002B2CD10BF0E2FCFEF7ACFF642015F067
:104F2000DDFF0C23FB1802221A7019E00C243B1938
:104F30001B7800221521180006F08CFA3B191B780B
:104F4000013B114AD35C1A0013009B009B185B00C5
:104F5000180015F0C3FF3B191A783B1901321A707B
:104F60000C4B1B780C22BA1812789A42DED90F2308
:104F7000FB181B781800BD4605B0F0BD001D0020D1
:104F80002C190020F80B0020681B00208C26002024
:104F9000900A00207C00002080B586B002AF02009D
:104FA000FB1D1A700E23FB1800221A700F23FB182A
:104FB00001221A7028E00F217A18FB1D12781B7845
:104FC0009A421BD0164B1B881B0A9BB2DAB2154BB8
:104FD0001A70134B1B88DAB2124B5A70114B7A18A5
:104FE00012789A707B181878032300930A23002202
:104FF000002106F007FB052015F070FF0F217B183C
:105000001A787B1801321A700F23FB181B78062BB5
:10501000D1D90E23FB181B781800BD4604B080BD03
:105020007A000020F80B0020F0B58DB000AF1F23F0
:10503000F918087069460E0013211823CB18D919E6
:105040000020087017211823CB18D91900200870E8
:1050500016211823CB18D919002008701520182301
:10506000C318D9190020087014201823C318D9199F
:1050700000200870D5490978080001387862396144
:10508000002078613A697B691000400F3A617B61CA
:10509000DD0005433B69DC003960002078603C6836
:1050A0007D682300580F2B00DB00FB60FB68034387
:1050B000FB602300DB00BB600B000733DB08DB0079
:1050C0006A46D31A9D466B4600333B62162118236D
:1050D000CB18DB1900221A7018E016201823C31809
:1050E000DB191B783A6A0021D1541823C318DB1945
:1050F0001A78B74B52000021D1521823C318DB197C
:105100001A781823C318DB1901321A70AF4B1B78B9
:10511000162218215218D21912789A42DDD315217D
:105120001823CB18DB1918228A18D21912780132E9
:105130001A701F23FB181B78013B3A6A08001824D9
:105140000919C9190978D1541823C318DB19182271
:105150008218D219127801321A70172318229B185C
:10516000DB1901221A7054E01F23FB181B785A1E0A
:1051700017241823E318DB191878964913009B00AD
:105180009B185B009B181B185B005B5A002B36D0EA
:105190001F23FB181B785A1E8D4B5200D35A1AB28C
:1051A00020001823C318DB191B78013B012199400B
:1051B0000B001BB2134319B21F23FB181B785A1E96
:1051C00089B2834B5200D1521F23FB181B785A1E01
:1051D0001823C318DB1918787E4913009B009B180D
:1051E0005B009B181B185B005B5ADB089BB2013B02
:1051F0003A6A152118200918C9190978D1541721BC
:105200001823CB18DB191A781823CB18DB190132B5
:105210001A70172318229B18DB191B78062BA3D9A9
:10522000142318229B18DB1900221A701522182348
:10523000D318DB1918215218D219127801321A70BA
:10524000162318229B18DB1900221A70A2E01623DD
:1052500018229B18DB191B783A6AD35C1A001523B5
:1052600018215B18DB191B78013B9A4200D087E0BC
:10527000172318229B18DB1901221A7078E01624D4
:105280001823E318DB191A7817251823EB18DB19F4
:105290001878504913009B009B185B009B181B1843
:1052A0005B005B5A002B59D01823E318DB191A78DE
:1052B0001823EB18DB191878464913009B009B183C
:1052C0005B009B181B185B005B5ADB089BB2013B21
:1052D0003A6AD35C002B41D120001823C318DB1994
:1052E0001A783B4B5200D35A1AB22C001823E318F9
:1052F000DB191B78013B012199400B001BB21343C2
:1053000019B21823C318DB191A7889B2304B52002E
:10531000D1521823C318DB191A781823E318DB19A4
:1053200018782C4913009B009B185B009B181B18D6
:105330005B005B5ADB089BB2013B3A6A15211820DF
:105340000918C9190978D15414221823D318DB1964
:1053500018215218D219127801321A701721182305
:10536000CB18DB191A781823CB18DB1901321A7005
:10537000172318229B18DB191B78062B00D87EE711
:1053800016211823CB18DB191A781823CB18DB1930
:1053900001321A700D4B1B78162218215218D2199F
:1053A00012789A4200D252E7142318229B18DB1974
:1053B0001B78002B00D033E7132318229B18DB192E
:1053C0001B78B5461800BD460DB0F0BD7C0000202E
:1053D000581800202C190020B0B594B000AF02007E
:1053E000FB1D1A70BB1D0A1C1A700823FB18002233
:1053F0001A6004332E220021180022F0ECF83B231F
:10540000FB1800221A704F23FB1800221A703A234F
:10541000FB1800221A704E23FB1800221A709F4BB3
:105420001A220021180022F0D6F8FB1D1B78013B40
:105430009B4A0021D154FB1D1B78013B994A002156
:10544000D1540123BB6432E0FB1D1B785A1E9649E0
:1054500013009B009B185B009B18BA6C9B185B00A9
:105460005B5A002B20D0FB1D1B785A1E8E4913005F
:105470009B009B185B009B18BA6C9B185B005B5AE7
:10548000DB089AB2BB1D1B789BB29A420CD1BB1DA4
:105490001B78013B824A0121D154804BBA1D1278FE
:1054A0001A70BB6CDBB2F5E0BB6C0133BB64BB6C48
:1054B000062BC9DD01237B6411E0FB1D1B787A6C90
:1054C0009A4209D07B6C013B754AFF21D1547B6C19
:1054D000013B744A0021D1547B6C01337B64734BD4
:1054E0001B781A007B6C9342E7DD77E008243A19B9
:1054F0006B4B1100180000F0DBF803001A004F217D
:105500007B1801321A707A18BB1D12781B789A42E8
:105510006DD07B181B78013B3A190121D1544323EC
:10552000FB1801221A7054E04F243B191B785A1EB5
:1055300043257B1918785C4913009B009B185B007E
:105540009B181B185B005B5A002B3CD03B191B7847
:105550005A1E7B191878544913009B009B185B0056
:105560009B181B185B005B5ADB089AB23A217B1828
:105570001A707B181B78013B0822BA18D35C002BE9
:1055800021D13B191B78013B454AD25C3B203B189B
:1055900001321A707B181B78013B414AD35C05002D
:1055A0003A1812789A420ED208007B181B78013BF9
:1055B0003B4A79190978D1543B181B78013B394A89
:1055C00039190978D15443217B181A787B18013294
:1055D0001A704323FB181B78062BA5D90823FB1848
:1055E000180000F0A9F8031E00D17FE700E0C046D4
:1055F00013E04E22BB181B78BA18591C1170190001
:10560000264B4F203A1812785A5401007B181B7809
:105610005A1E7B1823498A5C1A704F23FB181B788B
:10562000013B204AD35C002BE3D10123FB632DE037
:10563000FB1D1B785A1E1C4913009B009B185B0026
:105640009B18FA6B9B185B005B5A002B1BD0FB1D51
:105650001B785A1E144913009B009B185B009B1873
:10566000FA6B9B185B005B5ADB089BB2BA1D127881
:10567000013A0B498A5C013A08498A5C934202D19B
:10568000FB6BDBB206E0FB6B0133FB63FB6B062BB2
:10569000CEDD00231800BD4614B0B0BD8C2600201E
:1056A000681B0020841B00202C1900207C00002097
:1056B00080B584B000AF786039600F217B18FF227D
:1056C0001A700E23FB1800221A703B681B78002BFF
:1056D00003D17B187A6812781A700023BB601BE034
:1056E000BB687A68D3181B780F217A1812789A420F
:1056F0000FD9BB683A68D3181B78002B09D1BB6857
:105700007A68D2187B1812781A700E23FB18BA68C0
:105710001A70BB680133BB60064B1B781A00BB686C
:105720009342DDDB0E23FB181B781800BD4604B046
:1057300080BDC0467C00002080B584B000AF78609A
:105740000F23FB1801221A700023BB600CE0BB681A
:105750007A68D3181A780F217B18791809780A40CB
:105760001A70BB680133BB60064B1B781A00BB681C
:105770009342ECDB0F23FB181B781800BD4604B0E6
:1057800080BDC0467C000020F0B587B002AF0200AB
:10579000FB1D1A70854A864B1100180021F09CFEF3
:1057A000834B1800FAF7BAFC03009AB28049FB1D3C
:1057B000187801235B420093322311F0ADFC0F23D4
:1057C000FB1801221A701BE00F243B191A78794943
:1057D000774B180021F080FE754B1800FAF79EFCFD
:1057E00003009AB27249FB1D187801235B420093B3
:1057F000322311F091FC3B191A783B1901321A70CF
:105800000F23FB181B78062BDED96B49FB1D18787C
:1058100001235B4200933223032211F07DFC0E230F
:10582000FB1800221A70ABE00E243B191B785A1C9F
:1058300062495F4B180021F04FFE5D4B1800FAF7EC
:105840006DFC03009AB25A49FB1D187801235B4294
:105850000093322311F060FC3B191A78584B162143
:105860004A43D35A1A0013005B009B185B00554A49
:1058700099184F4B0522180021F0E1FE4C49FB1D01
:10588000187801235B4200933223052211F044FC77
:105890004D49FB1D187801235B42009332230122FE
:1058A00011F03AFC0D23FB1801221A7053E00E236D
:1058B000FB181A780D23FB181878414913009B0038
:1058C0009B185B009B181B185B005B5A002B06D1D2
:1058D0003E49374B0022180021F0FEFD26E00E2540
:1058E0007B191A780D26BB191878354913009B00CF
:1058F0009B185B009B181B185B005B5ADB089BB274
:105900001C007B191A78BB1918782D4913009B00CD
:105910009B185B009B181B185B005B5A1A0007233F
:1059200013402B492248220021F0D6FD204B1800BD
:10593000FAF7F4FB03009AB21D49FB1D1878012306
:105940005B420093322311F0E7FB0D217B181A789C
:105950007B1801321A700D23FB181B78062BA6D971
:105960001C49FB1D187801235B420093322302225D
:1059700011F0D2FB0E217B181A787B1801321A70B5
:10598000154B1B780E22BA1812789A4200D24BE7B8
:105990001249FB1D187801235B4200933223012238
:1059A00011F0BAFBC046BD4605B0F0BDECC8020818
:1059B000A009002000C9020808C902080CC9020891
:1059C0002C190020F8C2020818C902081CC90208D4
:1059D00020C9020828C902087C0000202CC902083E
:1059E00090B587B002AF0200FB1D1A703C4A3D4BD8
:1059F0001100180021F070FD3A4B1800FAF78EFBE9
:105A000003009AB23749FB1D187801235B420093CB
:105A1000322311F081FB0F23FB1801221A703EE0A4
:105A20000E23FB1801221A702EE00F203B181B7862
:105A30005A1E2D4B5200D35A19000E243B191B78C5
:105A4000013B802212021A4113000B4016D03B1872
:105A50001A783B191B782549224821F03DFD214B3E
:105A60001800FAF75BFB03009AB21E49FB1D187879
:105A700001235B420093322311F04EFB0E217B1871
:105A80001A787B1801321A700E23FB181B780A2B28
:105A9000CBD90F217B181A787B1801321A70144B5E
:105AA0001B780F22BA1812789A42B9D9114A0D4BB5
:105AB0001100180021F010FD0A4B1800FAF72EFB18
:105AC00003009AB20749FB1D187801235B4200933B
:105AD000322311F021FBC046BD4605B090BDC04643
:105AE00030C90208A0090020001D00204CC902088E
:105AF0007C00002060C90208F0B589B002AF020046
:105B0000FB1D1A701223FB1800221A8015F05EFB91
:105B10000300FB60FB6800221A70C74B1B781A0059
:105B2000C649C74B180021F0D7FCC54AFB681100D5
:105B3000180021F058FDC34B1B781A00C249C04B16
:105B4000180021F0C9FCBE4AFB681100180021F0C2
:105B50004AFDBE49BA48002300930423002221F0E5
:105B6000BBFCB74AFB681100180021F03CFDB84AA5
:105B7000B849B34B180021F0AFFCB14AFB681100E3
:105B8000180021F030FDB44AB449AD4B180021F0A3
:105B9000A3FCAB4AFB681100180021F024FDB04AB9
:105BA000A74B1100180021F097FCA54AFB681100D3
:105BB000180021F018FD1723FB1801221A7048E085
:105BC00017243B191A78A7499D4B180021F084FC33
:105BD0009B4AFB681100180021F005FD3B191B785A
:105BE000A14AD35C042B27D89A00A04BD3181B687A
:105BF0009F469F4A924B1100180021F06DFC1CE05B
:105C00009C4A8F4B1100180021F066FC15E09A4A5F
:105C10008B4B1100180021F05FFC0EE0974A884B77
:105C20001100180021F058FC07E0954A844B110040
:105C3000180021F051FC00E0C046814AFB681100C9
:105C4000180021F0D0FC17217B181A787B1801323C
:105C50001A701723FB181B78062BB1D9894A784B89
:105C60001100180021F038FC754AFB68110018007B
:105C700021F0B9FC1623FB1801221A7043E016210B
:105C80007B181B785A1E804B9200D3581B68002B40
:105C90000DD17B181A787D49694B180021F01CFC46
:105CA000674AFB681100180021F09DFC25E01626CC
:105CB000BB191C78BB191B785A1E734B9200D35822
:105CC0009B6A18000BF0E0FD03001D00BB191B7858
:105CD0005A1E6F4B9200D35818000BF0D5FD0300ED
:105CE0006C49574800932B00220021F0F5FB544AE1
:105CF000FB681100180021F076FC16217B181A7839
:105D00007B1801321A701623FB181B78062BB6D9A4
:105D1000FB681800FAF702FA03001A00FB689A18E9
:105D20005D4B1000190003231A0021F07CFDFB6875
:105D30001800FAF7F3F903001A00FB689A18574B9A
:105D4000100019001D231A0021F06DFDFB681800DA
:105D5000FAF7E4F902001223FB181A801523FB1846
:105D600001221A7023E0344B1B785A1E4C4B520010
:105D7000D35A190015203B181B78013B80221202D0
:105D80001A4113000B400CD03B181A7845492C4B94
:105D9000180021F0A1FB2A4AFB681100180021F02D
:105DA00022FC15217B181A787B1801321A701523F2
:105DB000FB181B78062BD6D91223FB181C88FB680E
:105DC0001800FAF7ABF903009C420ED1FB681800EB
:105DD000FAF7A4F903001A00FB689A18324B100076
:105DE000190005231A0021F01EFDFB681800FAF7C0
:105DF00095F903001A00FB689A18274B1000190048
:105E000003231A0021F00FFDFB1D1B78002B0ED081
:105E1000FB681800FAF782F903009AB2F968FB1DD3
:105E2000187801235B420093322311F075F9C046C4
:105E3000BD4607B0F0BDC046341D002080C9020831
:105E4000A0090020900A00209CC90208B8C90208D5
:105E5000D8C90208E4C90208FCC9020808CA020835
:105E600024CA020838CA0208A00A00203CCB020853
:105E700040CA020848CA020860CA02086CCA02087E
:105E800088CA0208A8CA020894350020C0CA0208BD
:105E9000D8240020DCCA020828C902080CCB02085A
:105EA000001D00202CCB020834CB020890B585B031
:105EB00000AF78600E23FB1800221A700F23FB1826
:105EC00000221A704A4A7B6811001800FAF71CF980
:105ED000031E03D1474B1B781BB285E0464A7B6803
:105EE00011001800FAF710F9031E01D1FF237BE01F
:105EF0007B681B78232B25D17B68013318001FF0AA
:105F000070FF02000E217B181A700A00BB181B7864
:105F1000002B0AD0394B1B781100BA1812789A421C
:105F200003D87B181B781BB25EE0324B1B780E2225
:105F3000BA1812789A4203D12E4B1B781BB253E049
:105F4000662351E00F23FB1800221A701DE00F2476
:105F50003B191A7813009B009B185B00284A9A187B
:105F60007B6811001800FAF7CFF8031E07D17B6891
:105F70001B78002B03D03B191B781BB234E00F2198
:105F80007B181A787B1801321A701C4B1B780F2172
:105F90007A1812789A42DAD37B1800221A701DE020
:105FA0000F243B191A7813009B009B185B00154ABD
:105FB0009A187B6811001800FAF7A6F8031E07D19B
:105FC0003B191B781B021BB2FE2213431BB20BE0D2
:105FD0000F217B181A787B1801321A700F23FB18D7
:105FE0001B78092BDCD964231800BD4605B090BD91
:105FF00050CB0208341D002054CB02087C00002046
:10600000A01B0020F4090020B0B586B000AF02004C
:106010003960FB1D1A701323FB1800221A7000232D
:106020007B6100237B610FE07B699A00404BD218B3
:106030003B6811001800FAF767F8031E01D1062328
:1060400071E07B6901337B617B69032BECDD01230C
:106050007B6112E07A6913009B009B185B00354A54
:106060009A183B6811001800FAF74EF8031E01D188
:10607000072358E07B6901337B612F4B1B781A00A3
:106080007B699342E6DB00237B6112E07A691300AF
:106090009B009B185B00294A9A183B681100180066
:1060A000FAF732F8031E01D107233CE07B69013384
:1060B0007B617B69092BE9DD214B224A1A6019E0DB
:1060C0001F4B1B681B681B68FB60FB681800FAF716
:1060D00025F80300BB60BA68F9683B68180021F036
:1060E0009DFA031E01D108231DE0154B1B685A6859
:1060F000134B1A60124B1B68002BE1D1FB1D1A7861
:1061000013009B009B185B000A4A9B183A68110019
:10611000180021F080FB13257C19FDF7E7FE030032
:1061200023707B191B781800BD4606B0B0BDC04671
:1061300020C40208A01B00207C000020F4090020DD
:10614000641D00202C02002080B588B000AF020042
:106150003960FB1D1A701723FB1800221A700023E8
:10616000FB610023BB610023FB6129E0FA69130096
:106170009B009B185B005B4A9A183B681100180053
:10618000F9F7C2FF031E18D1FB1D1B785A1E564B90
:106190005200D35A1AB20121FB6999400B001BB27D
:1061A000134319B2FB1D1B785A1E89B24E4B520085
:1061B000D1521723FB181B7890E0FB690133FB6178
:1061C000FB69092BD2DD0023BB610FE0BB699A009C
:1061D000464BD2183B6811001800F9F795FF031ED3
:1061E00001D106237AE0BB690133BB61BB69032B94
:1061F000ECDD0123BB6112E0BA6913009B009B1820
:106200005B003B4A9A183B6811001800F9F77CFFC5
:10621000031E01D1072361E0BB690133BB61354B2C
:106220001B781A00BB699342E6DB334B334A1A6092
:1062300019E0314B1B681B681B683B613B69180008
:10624000F9F76CFF0300FB60FA6839693B681800D6
:1062500021F0E4F9031E01D108233FE0264B1B681F
:106260005A68254B1A60244B1B68002BE1D1002390
:10627000FB6118E01B49FA6913009B009B185B0047
:106280005B5C002B0CD1FA6913009B009B185B0030
:10629000144A9B183A681100180021F0BCFA05E076
:1062A000FB690133FB61FB69092BE3DDFB1D1B78F7
:1062B0005A1E0D4B5200D35A1AB20121FB69994064
:1062C0000B001BB2134319B2FB1D1B785A1E89B277
:1062D000054B5200D1521723FB181B781800BD46FE
:1062E00008B080BDF4090020CC1C002020C40208A6
:1062F000A01B00207C000020681D00202C02002034
:1063000080B586B000AFB9607A6019000F23FB1822
:10631000021C1A700E203B180A1C1A701623FB1858
:1063200020221A807A6880231B059A4200D3D4E089
:106330007B68DAB2E54B1A70E44B3A1812785A705F
:106340003B181B78082B00D9BDE19A00E04BD3180D
:106350001B689F46BB681B78DAB2DC4B9A700F2330
:10636000FB181B7803222021180005F073F8B4E114
:10637000BB681B785BB2DAB2D44B9A700F23FB1860
:106380001B7803222021180005F064F8A5E1BB6802
:106390001B889BB2DAB2CD4B9A70BB681B889BB24C
:1063A0001B0A9BB2DAB2C94BDA700F23FB181B78B9
:1063B00004222021180005F04DF88EE1BB681B88EF
:1063C0001BB2DAB2C14B9A70BB681B881BB21B129E
:1063D0001BB2DAB2BD4BDA700F23FB181B78042214
:1063E0002021180005F036F877E1BB681B68DAB2A7
:1063F000B64B9A70BB681B681B0ADAB2B34BDA70F3
:10640000BB681B681B0CDAB2B04B1A71BB681B6807
:106410001B0EDAB2AD4B5A710F23FB181B78062204
:106420002021180005F016F857E1BB681B68DAB2A6
:10643000A64B9A70BB681B681B12DAB2A34BDA70CA
:10644000BB681B681B14DAB2A04B1A71BB681B68CF
:106450001B16DAB29D4B5A710F23FB181B780622CC
:106460002021180004F0F6FF37E1BB681B78DAB290
:10647000964B9A70BB6801331B78DAB2934BDA7093
:10648000BB6802331B78DAB2904B1A71BB680333D6
:106490001B78DAB28D4B5A71BB6804331B78DAB2C1
:1064A0008A4B9A71BB6805331B78DAB2874BDA7175
:1064B000BB6806331B78DAB2844B1A72BB680733A9
:1064C0001B78DAB2814B5A720F23FB181B780A2211
:1064D0002021180004F0BEFFFFE07C4B00221A7060
:1064E0007A4B0E217A1812785A707B681B0EDAB23A
:1064F000764B9A707B681B0CDAB2744BDA707B684F
:106500001B0ADAB2714B1A717B68DAB26F4B5A719F
:106510007B181B78082B00D9DEE09A006D4BD3184E
:106520001B689F46BB681B78DAB2684B9A711623CA
:10653000FB1819880F23FB181B780722180004F09A
:1065400089FFCAE0BB681B785BB2DAB25F4B9A7115
:106550001623FB1819880F23FB181B780722180035
:1065600004F078FFB9E0BB681B889BB2DAB2574BE6
:106570009A71BB681B889BB21B0A9BB2DAB2534B61
:10658000DA711623FB1819880F23FB181B780822D1
:10659000180004F05FFFA0E0BB681B881BB2DAB2F2
:1065A0004A4B9A71BB681B881BB21B121BB2DAB232
:1065B000464BDA711623FB1819880F23FB181B783A
:1065C0000822180004F046FF87E0BB681B68DAB2B7
:1065D0003E4B9A71BB681B681B0ADAB23B4BDA71FF
:1065E000BB681B681B0CDAB2384B1A72BB681B689D
:1065F0001B0EDAB2354B5A721623FB1819880F237B
:10660000FB181B780A22180004F024FF65E0BB6821
:106610001B68DAB22D4B9A71BB681B681B12DAB289
:106620002A4BDA71BB681B681B14DAB2274B1A724B
:10663000BB681B681B16DAB2244B5A721623FB1870
:1066400019880F23FB181B780A22180004F002FF98
:1066500043E0BB681B78DAB21C4B9A71BB6801330C
:106660001B78DAB2194BDA71BB6802331B78DAB2E5
:10667000164B1A72BB6803331B78DAB2134B5A728B
:10668000BB6804331B78DAB2104B9A72BB680533CF
:106690001B78DAB20D4BDA72BB6806331B78DAB2BC
:1066A0000A4B1A73BB6807331B78DAB2074B5A736D
:1066B0001623FB1819880F23FB181B780E221800CD
:1066C00004F0C8FE09E0C04607E0C046F80B002011
:1066D00058CB02087CCB0208C0463B6A002B13D083
:1066E00017F03CFF03003B61C0460A4B1B78002BB0
:1066F00007D017F033FF02003B69D31A3A6A9A4277
:10670000F3D8044B1B7800E000231800BD4606B008
:1067100080BDC046551D0020B0B584B002AF1E201C
:106720001FF066FB03007B607B681E2200211800BF
:1067300020F051FF0C4B1B7D5A1E0C4B9200D2587F
:10674000094B9B7D1D00084B5B7D1C00064B1B8B82
:1067500007497868019300942B0020F0BDFE7B6808
:106760001800BD4602B0B0BD381D0020000000205A
:10677000C8CB020890B587B004AF0200FB1D1A70A9
:10678000BB1D0A1C1A700D4B19780C4B1C78BB1DD5
:106790001A78FB1D18780123039301235B420293AF
:1067A00001235B42019302230093230005F09EF92D
:1067B00003001800BD4603B090BDC046341D002044
:1067C00080B588B006AF0200FB1D1A70BB1D0A1C05
:1067D0001A700023049300230393002302930023E1
:1067E0000193002300930023002200210020FDF7E5
:1067F000E5FBFB1D1B785A1E1F4B9200D3581B68EC
:10680000002B14D0BB1D1B785A1E1B4B9200D35873
:106810001B68002B0BD0FB1D1B7818000DF040FAF5
:10682000BB1D1B7818000DF03BFA002320E0FB1D78
:106830001B785A1E104B9200D3581B68002B06D0B1
:10684000FB1D1B7818000DF02BFA002310E0BB1D78
:106850001B785A1E084B9200D3581B68002B06D099
:10686000BB1D1B7818000DF01BFA002300E0682305
:106870001800BD4602B080BD9435002080B584B0BC
:1068800000AFF860B960FB1D1A70FB68002B2FD0B9
:10689000BB68002B2CD0FB1D1B78033B042B29D895
:1068A0009A00164BD3181B689F46F968BB680222F2
:1068B000180020F0B8FF1EE0F968BB68022218003B
:1068C00020F0B1FF17E0F968BB680422180020F03F
:1068D000AAFF10E0F968BB680422180020F0A3FFAB
:1068E00009E0F968BB680422180020F09CFF02E070
:1068F000C04600E0C046BD4604B080BDA0CB020843
:1069000080B584B000AFF860B960FB1D1A70BB6839
:10691000002B2FD0FB68002B2CD0FB1D1B78033BDA
:10692000042B29D89A00164BD3181B689F46B968C8
:10693000FB680222180020F076FF1EE0B968FB68B1
:106940000222180020F06FFF17E0B968FB680422EC
:10695000180020F068FF10E0B968FB6804221800F6
:1069600020F061FF09E0B968FB680422180020F0FC
:106970005AFF02E0C04600E0C046BD4604B080BDFC
:10698000B4CB0208B0B588B002AF78600D23FB1815
:1069900000221A701723FB1800221A7000233B6193
:1069A0000E23FB1800221A8001235B4219000120EC
:1069B00017F00AF814F00AFC03003B61784B9A6860
:1069C000E1231B039A421ED01623FB1801221A70E2
:1069D00014E0744B1B7816217A1812789A4207D06B
:1069E000E1231A037B181B781100180010F02AFC11
:1069F00016217B181A787B1801321A701623FB189F
:106A00001B78062BE5D9684B1B781C00674B1B884D
:106A10001A0013005B009B185B00654A9A18614BD3
:106A20001B786449644800931300220020F054FD51
:106A30005C4B1C78614B1D68604B1B681800F9F7B4
:106A40006DFB03009AB20A232900200010F0BAFB64
:106A5000544B1C78584B1800F9F760FB03009AB2AE
:106A600055490A23200010F0ADFB554B1B78012B34
:106A700000D091E0534B1A780D217B181A70514BBE
:106A800000221A704E4B00221A70464B18780C00E8
:106A900079180A23012210F095FB3B191B787F2BF4
:106AA0003CD050DC0D2B05D04DDC082B36D00A2B0A
:106AB0006DD048E03B4B1C78434B1D68424B1B6834
:106AC0001800F9F72BFB03009AB20A2329002000D3
:106AD00010F078FB1723FB181B785BB2002B05D155
:106AE0003A4A3B4B1100180020F095FE2D4B1878C8
:106AF0003B69374A012100F06FF8354A334B1100EA
:106B0000180020F088FE1723FB1800221A70304B63
:106B100032220021180020F05EFD3DE017217B1895
:106B20001B785BB2002B34DD7B181B785BB2DBB2C9
:106B3000013BDAB27B181A707B181B785BB2244ACF
:106B40000021D15425E00D203B181B785A1C214B05
:106B5000D3181B781A00972313401CD017217B18D9
:106B60001B785BB2312B16DC3B181A7808007B18B7
:106B70001B785BB251B2164AD15401007B181B78C6
:106B80005BB2DBB20133DAB27B181A7003E0C046A5
:106B900002E0C04600E0C04614F092FD65E7C04642
:106BA000381D0020900A0020341D00207A000020AB
:106BB000F8C20208C8CE0208BC1D00209C000020BC
:106BC000960A0020F22D0020A0000020801E002048
:106BD0004C1E0020C0FF0208F0B58DB002AFBA60B5
:106BE0007B600F23FB18021C1A700E23FB180A1C73
:106BF0001A701423FB1800221A60043305220021A6
:106C0000180020F0E8FC00233B621E23FB18002242
:106C10001A80BB68180000F09DFAC94B1B78002B46
:106C200022D1C849BB680322180020F0F7FC031EDC
:106C30001AD1BB6803331900012000F0C1FA031E0A
:106C400009D0C14A7B681100180020F045FCBC4BFC
:106C500000221A7005E0BA4B02221A707B680D22DE
:106C60001A7000237B6217E2B54B1B78002B18D0FB
:106C7000B649BB680622180020F0D0FC031E10D1D4
:106C8000AF4B00221A70B24B1900032000F098FAA3
:106C9000B04A7B681100180020F01EFC00237B62C4
:106CA000FAE1A74B1B78022B13D1BB681900022015
:106CB00000F086FA031E06D0A34A7B681100180074
:106CC00020F00AFC02E07B680D221A7000237B6230
:106CD000E2E1BB682E21180020F092FC03003B6229
:106CE0003B6A002B00D1CEE13B6A033B9A49032269
:106CF000180020F093FC031E00D1C4E13B6A01336D
:106D00001B785A1C954BD3181B781A000423134088
:106D100000D0B8E13A6ABB68D31A1A00B9681425E2
:106D20007B19180020F08BFC1E26BC197B1918005B
:106D3000FFF7BCF803002380BB1900229B5E884A42
:106D4000127893420AD13B6A013399229200796802
:106D5000180014F0ADF903007B629DE11E23FB18BF
:106D600000229B5E642B08D17E4A7B6811001800CC
:106D700020F0B2FB00237B628EE11E23FB18002271
:106D80009B5E662B08D1784A7B681100180020F0C2
:106D9000A3FB00237B627FE11E23FB1800229B5E86
:106DA000FF2B48D1714B1A220021180020F013FC50
:106DB0003B6A5C1CBB681800F9F7B0F905001426A3
:106DC000BB191800F9F7AAF90300EB1A5A1E684B11
:106DD0002100180020F033FC614B1D78BB681800BF
:106DE000F9F79CF903009CB2BB191800F9F796F962
:106DF00003009BB2E31A9BB21722FF21280004F084
:106E0000DFFA3B6A0133992292007968180014F086
:106E10004FF903007B627B681800F9F77FF90300E4
:106E20001A007B689A18534B100019001D231A0092
:106E300020F0F9FC30E11E22BB181B88DBB2FE2BD0
:106E400059D1BB1800229B5E1B121BB2DAB24A4B0F
:106E50001A70464B1A220021180020F0BCFB3B6A36
:106E60005C1CBB681800F9F759F905001423FB18DE
:106E70001800F9F753F90300EB1A5A1E3C4B210096
:106E8000180020F0DCFB364B1D783B4B1E78BB68AE
:106E90001800F9F743F903009CB21423FB181800FB
:106EA000F9F73CF903009BB2E31A9BB217223100B9
:106EB000280004F085FA2A4B1B785A1E2F4B5200EB
:106EC000D35A1A002C4B1B781A411300012213408D
:106ED00009D03B6A0133992292007968180014F0B6
:106EE000E7F803007B621423FB187A68244978686A
:106EF00020F0F2FAD0E03B6A013322490622180062
:106F000020F08CFB031E43D11F4B1A7860218A436B
:106F10001A701E243B191B88DBB2002219211800AD
:106F200004F098FA642013F0D9FF0D4B18783B1940
:106F30001B88D9B2154B1A78002309F0C5FE7FE0F3
:106F4000B21E0020F4CE0208F8CE02084CCF020890
:106F500054CF020858CF02089CCF0208C0FF020895
:106F6000341D0020A0CF0208C8CF0208B01C0020AA
:106F7000F80B0020F0CF0208B31E0020CC1C00202C
:106F800010D002083CD00208541D0020900A0020B6
:106F90003B6A5C1CBB681800F9F7C0F805001426B2
:106FA000BB191800F9F7BAF80300EB1A5A1E614B27
:106FB0002100180020F043FB1E23FB181B88DDB2C4
:106FC000BB681800F9F7AAF803009CB2BB191800B7
:106FD000F9F7A4F803009BB2E31A9BB2013B9BB202
:106FE0001A001721280004F035FA1E23FB1800228E
:106FF0009A5E51497B68180020F06EFA7B681B7816
:10700000002B13D00E23FB181B78002B0ED07B68AF
:107010001800F9F783F803009AB279680F23FB1878
:10702000187801230093322310F076F87B6818005B
:10703000F9F774F802007B680021180020F0CBFA01
:107040003E4B1B7860221340DBB2602B18D1FA2331
:107050009B001900012016F0B7FC394B1B78002B60
:107060000ED0384B1B8801339AB2364B1A801E2340
:10707000FB1800229B5E7A683349786820F02CFA6E
:1070800000237B6208E099239A007968BB681800A6
:1070900014F00EF803007B627B681B78002B14D081
:1070A0000E23FB181B78002B0FD07B681800F9F714
:1070B00035F803009AB279680F23FB18187801237A
:1070C0005B420093322310F027F87B681800F9F731
:1070D00025F802007B680021180020F07CFA7B6A0A
:1070E000002B00D095E51423FB180922002118007D
:1070F00020F071FA154B1B78002B17D10E23FB18CB
:107100001B78002B12D0124B1C68114B1B68180007
:10711000F9F704F803009AB20F23FB18187801233B
:107120005B420093322321000FF0F6FFC046BD46BC
:107130000BB0F0BDF80B002044D00208541D002015
:10714000551D0020E41D002068D00208B21E00205A
:10715000A400002080B584B000AF78600023FB60FD
:1071600020E0FB687A68D2180B217B1812781A701D
:107170007B181B785A1C114BD3181B781A00032359
:107180001340012B03D17B181B78203302E00B2323
:10719000FB181B78FA6879688A18DBB21370FB68F1
:1071A0000133FB60FB687A68D3181B78002BD8D1B9
:1071B000C046C046BD4604B080BDC046C0FF020800
:1071C00090B587B000AF02003960FB1D1A70002334
:1071D0007B6100233B613E4B1B785A1E13009B00D2
:1071E0009B189B003B4A9B18FB60FB1D1B78032BE5
:1071F00005D065DC012B08D0022B0CD060E0FB68C9
:1072000001221A7409F048FC5CE03B68180000F0A9
:1072100063F8030057E0FB68DB68002B2FD0FB68A6
:10722000DB681800F8F77AFF03003B61FB68DC6855
:107230003B681800F8F772FF02003B69D31802336D
:10724000190020001FF022F80300BB60BB68002B70
:1072500001D10E2337E0FB68BA68DA60FB68DA68B0
:107260003B69D31813221A70FB68DA683B69013353
:10727000D3183A681100180020F0CDFA22E03B68DC
:107280001800F8F74BFF0300013318001EF0B0FDA3
:1072900003001A00FB68DA60FB68DB68002B07D18B
:1072A000FB6814220021180020F095F90E230AE053
:1072B000FB68DB683A681100180020F0ACFA01E0C6
:1072C000FF2300E000231800BD4607B090BDC04674
:1072D000950A0020E81D0020B0B58AB000AF7860A4
:1072E0002723FB1800221A7000233B620023FB6156
:1072F0000023BB611723FB1800221A701623FB180A
:1073000000221A701523FB1800221A70A44B1B7858
:10731000042B01D90E233EE1A14B1B781A00130068
:107320009B009B189B009F4A9B183B613B690A226C
:107330000021180020F04FF97B681B78622B00D0E9
:107340008FE07B6802331B782E2B00D089E07B68AE
:1073500001331B782F2B00D883E07B6801331B7827
:10736000362B00D97DE07B6801331A7817243B194E
:10737000303A1A703B6901221A703B693A19127847
:107380009A707B68033388490722180020F046F979
:10739000031E18D13B690522DA7020003B181A78C9
:1073A000824913005B009B18CB1802331B781A002C
:1073B000012313404DD13B181B78012205211800F1
:1073C0000DF0DAFD45E07B68033379490E221800A1
:1073D00020F024F9031E18D13B690622DA70172029
:1073E0003B181A78714913005B009B18CB180233C5
:1073F0001B781A00022313402BD13B181B78012263
:10740000062118000DF0B8FD23E07B6803336949BD
:107410000822180020F002F9031E18D13B69072248
:10742000DA7017203B181A78604913005B009B182C
:10743000CB1802331B781A000323134009D13B18E1
:107440001B780122072118000DF096FD01E067234B
:10745000A1E0534B1B780133DAB2514B1A70002371
:1074600099E07968544B3122180020F0E8F8524B2B
:10747000312200219954514A4F4B1100180020F03D
:10748000F3F803003B624D4B1900002020F0ECF8AC
:107490000300FB61494B1900002020F0E5F80300D0
:1074A000BB613B6A002B01D1672374E016257C1970
:1074B0003B6A1800FCF700FF0300237029007B18CB
:1074C0001B78002B14D0FB69002B11D1BB69002B5A
:1074D0000ED13B6902221A703B697A181278DA7071
:1074E0002F4B1B780133DAB22D4B1A70002352E078
:1074F000FB69002B4ED0BB69002B4BD015257C19A6
:10750000BB691800FCF7D8FE0300237029007B1824
:107510001B78002B0CD03B6904221A703B691622A1
:10752000BA181278DA703B697A181278DA711BE0AF
:107530003B6903221A703B691622BA181278DA7076
:10754000BB6918001EF042FC02000B00100019007D
:10755000FBF708FE031CFB603B6906330C22B918DD
:107560000422180020F05FF9FB691800FCF7D6FE32
:1075700003001A003B695A703B695B78002B01D10C
:10758000672308E0064B1B780133DAB2044B1A700C
:10759000002300E067231800BD460AB0B0BDC04616
:1075A000950A0020E81D002088D0020864360020DB
:1075B00090D00208A0D00208B41E0020ACD002086F
:1075C00090B587B000AF0200FB1D1A701723FB189F
:1075D00000221A7000233B610023FB60FB1D1A7818
:1075E000674913009B009B189B005B5C042B00D138
:1075F000BCE000DDBCE0032B2BD000DDB8E0012BAC
:1076000003D0022B00D1B5E0B2E0FB1D1A7817249D
:1076100039195B4813009B009B189B00C318023369
:107620001B780B70FB1D1A78554913009B009B18A3
:107630009B00CB18033319783B191A785148130073
:107640005B009B181B5C994201D1012394E000234D
:1076500092E0FB1D1A784A4913009B009B189B007F
:10766000CB1803331B781022BA18110018000AF047
:107670008DF9FB1D1A7813009B009B189B00404A54
:107680009B18991D0C23FB180422180020F0CBF83E
:10769000FB1D1A783A4913009B009B189B00CB18DE
:1076A00001331B78062B00D95EE09A00364BD318C5
:1076B0001B689F463B69FA68111C181CF8F70AFF03
:1076C000031E00D151E0012356E03B69FA68111C0A
:1076D000181CF8F719FF031E00D146E001234BE008
:1076E0003B69FA68111C181CF8F7FAFE031E00D15A
:1076F0003BE03B690021181CF8F7ECFE031E00D0AC
:1077000033E0012338E03B69FA68111C181CF8F7D4
:1077100005FF031E00D128E001232DE03B69FA6834
:10772000111C181CF8F7E6FE031E00D11DE03B6992
:107730000021181CF8F7CEFE031E00D015E001232F
:107740001AE03B69FA68111C181CF8F7C3FE031E07
:1077500000D00AE03B690021181CF8F7BBFE031EAD
:1077600000D002E0012307E0C04604E0C04602E08A
:10777000C04600E0C04600231800BD4607B090BDDB
:10778000E81D002064360020B0D0020880B582B029
:1077900000AF7B1D00221A70BB1D00221A8000233F
:1077A0003B6013F013FD03003B60BB1D00221A80F9
:1077B00043E0BB1D1A88274913009B009B189B00C0
:1077C000CB1810331B78002B32D0BB1D1B88DBB2CB
:1077D0001800FFF7F5FE031E2AD01F4B1A78602110
:1077E0008A43111C20220A431A7010E01B4B1878A0
:1077F0003B681B4A0021FFF7EFF93B681800F8F7D8
:107800008DFC02003B68002118001FF0E4FEBB1D48
:107810001A88104913009B009B189B00CB180C334F
:107820001B680F4A1100180000F01EF8031EDDD17E
:10783000BB1D1A88BB1D01321A800A4B1B781A0027
:10784000BB1D1B889342B4D37B1D1B781800BD461B
:1078500002B080BDE81D0020541D0020900A0020C9
:10786000E81E0020950A002090B583B000AF786034
:107870003960314B1B785A1E304913009B009B180E
:107880009B00CB180C331B68002B01D100234FE069
:107890002B4B1B68002B02D1294B7A681A60284BAE
:1078A0001B681B78002B04D1254B00221A60002393
:1078B0003EE0234B1B68132118001FF0A1FE0200BD
:1078C000204B1A601F4B1B68002B1BD01C4B1968E8
:1078D0001C4B1A681A4B1B68D31A1A003B68180015
:1078E0001FF0ADFE174B1A68154B1B68D31A1A0010
:1078F0003B689B1800221A70124B1B685A1C104BD5
:107900001A6014E00E4B19683B68312218001FF012
:1079100096FE3B68313300221A70094B1C683B68A5
:107920001800F8F7FBFB0300E218054B1A6001236F
:107930001800BD4603B090BD950A0020E81D002048
:107940001C1F0020201F002080B500AFBFF34F8F09
:10795000C046044B044ADA60BFF34F8FC046C046AE
:10796000FDE7C04600ED00E00400FA0580B500AF79
:10797000C046BD4680BD000080B500AF464B180034
:1079800013F06EFB454B180013F06AFB444B1800D4
:1079900013F066FB434B180013F062FB424B1800D8
:1079A00013F05EFB414B180013F05AFB404B1800DC
:1079B00013F056FB3F4B180013F052FB3E4B1800E0
:1079C00013F04EFB3D4B180013F04AFB3C4B1800E4
:1079D00013F046FB3B4B180013F042FB3A4B1800E8
:1079E00013F03EFB394B180013F03AFB384B1800EC
:1079F00013F036FB374B180013F032FB364B1800F0
:107A000013F02EFB354B180013F02AFB344B1800F3
:107A100013F026FB334B180013F022FB324B1800F7
:107A200013F01EFB314B180013F01AFB304B1800FB
:107A300013F016FB2F4B180013F012FB2E4B1800FF
:107A400013F00EFB2D4B180013F00AFB2C4B180003
:107A500013F006FB2B4B180013F002FB2A4B180007
:107A600013F0FEFA294B180013F0FAFA284B18000D
:107A700013F0F6FA274B180013F0F2FA264B2022E7
:107A80001A70254B21221A7009F03EFFFFF76EFF96
:107A9000C046BD4680BDC046C4D102085CD10208C4
:107AA000F8D10208D8D3020828D4020860D402080A
:107AB000B0D4020820D502085CD502089CD5020883
:107AC00040D60208BCD6020814D7020864D70208C0
:107AD000FCD7020850D80208A8D8020828D9020802
:107AE00064D90208B4D9020804DA020864DA020888
:107AF000ACDA0208F4DA02083CDB02087CDB02089C
:107B0000C4DB0208A4DC020820DD020868DD0208EC
:107B1000B8DD020828DE0208940A002080B586B08D
:107B200000AFF860B9607A600B4B7B617A69FB68E3
:107B3000110018001FF06FFE7B691800F8F7EEFACD
:107B40000200FB689B18180015F0FAFD00231800CE
:107B5000BD4606B080BDC04638DE020880B586B09E
:107B600000AFF860B9607A600B4B7B617A69FB68A3
:107B7000110018001FF04FFE7B691800F8F7CEFACD
:107B80000200FB689B18180015F080FE0023180007
:107B9000BD4606B080BDC04688DE020890B585B0FF
:107BA00000AFF860B9607A601E4B1B7819001E4A5E
:107BB0000B009B005B185B009B5C002B09D11B4BEF
:107BC0001968184B1B781A00FB6818001FF084FC1A
:107BD00011E0174B1968134B1B781C00114B1B78D5
:107BE0001A0013009B009B185B000F4A9B18F86853
:107BF00022001FF071FC8023DB010E4801221900D6
:107C000018F085FFC82013F069F98023DB010948CB
:107C10000022190018F07BFF00231800BD4605B0B4
:107C200090BDC046341D0020A01B0020A8000020ED
:107C3000AC00002000040050B0B588B002AFF8607E
:107C4000B9607A601523FB1800221A70694A7B68B4
:107C50000121180013F0C2FA0200674B1A60664B4C
:107C60001B68002B2AD1654B1968654B1B781A00DD
:107C7000FB6818001FF030FC624B1A68FB681100AB
:107C800018001FF0B0FC604B1C78FB681800F8F778
:107C900045FA03009AB2F96801235B42009332234C
:107CA00020000FF039FA594B594A1A60594B0122FA
:107CB0001A700A2013F012F9FFF746FE4E4B1868AF
:107CC0004C4B1B681A00544B19001FF0A7FC031EF5
:107CD00000D07AE0514A7B680221180013F07EFA46
:107CE00002004F4B1A604F4A7B680321180013F0C3
:107CF00075FA02004C4B1A60494B1B681B785BB24B
:107D0000232B0AD1464B1B68013318001EF069F87B
:107D100002001723FB181A7003E01523FB186822D2
:107D20001A70414B1B681B785BB2702B0AD13E4B1B
:107D30001B68013318001EF054F802001623FB18CC
:107D40001A7003E01523FB1868221A702C4B1B785D
:107D500017257A1912789A421FD0344B1A7860216D
:107D60008A431A70324B16243A1912781A707B190A
:107D70001B7801221A21180003F06CFB642013F019
:107D8000ADF81F4B1878204B1A783B191C787B19DB
:107D90001978230008F098FF1BE016243B19187887
:107DA0000023009319230022002103F02BFC642000
:107DB00013F094F8124B1878114B1978124B1A786B
:107DC0003B191B7808F080FF03E01523FB1868229D
:107DD0001A701523FB181B78682B06D1154B1A68EF
:107DE000FB68110018001FF016FD00231800BD46A7
:107DF00006B0B0BD741F0020781F0020B000002026
:107E0000341D002068000020900A0020F03F02206E
:107E1000EFBEADDE920A0020CCDE02087C1F0020FF
:107E2000801F0020841F0020881F0020541D002078
:107E3000F80B0020B4000020B0B588B002AFF860A5
:107E4000B9607A6017257B1900221A70324B1A68C4
:107E5000FB68110018001FF0DEFC304B1C78FB683B
:107E60001800F8F75BF903009AB2F96801235B4246
:107E70000093322320000FF04FF97C19FCF75EFBD2
:107E8000030023707B191B78002B23D1244B196826
:107E9000244B1B781A00FB6818001FF01DFB1F4BBA
:107EA0001C78FB681800F8F739F903009AB2F968F2
:107EB00001235B420093322320000FF02DF9174B72
:107EC0001B781800FDF760FC144B1B781800FDF7B9
:107ED00087FD16E0144B1A68FB68110018001FF0AC
:107EE0009AFC0E4B1C78FB681800F8F717F9030092
:107EF0009AB2F96801235B420093322320000FF00D
:107F00000BF90A4AFB68110018001FF0E5FA00237C
:107F10001800BD4606B0B0BDB8000020900A002091
:107F2000BC0000207C000020C0000020D0DE020841
:107F300080B584B000AFF860B9607A60FFF704FDE7
:107F4000B0B586B000AFF860B9607A601723FB184F
:107F500000221A702D4A7B680121180013F03EF9A7
:107F600002002B4B1A60294B1B68092B04DD284BA0
:107F70001B68093300221A70264B1A78244B1B68A1
:107F800017257C1919001000FEF73EF80300237036
:107F90007B191B78002B0AD11F4B19681D4B1B78CE
:107FA0001A001B4B1B68F8681FF096FA28E017238D
:107FB000FB181B78062B08D1184B1968144B1A684C
:107FC000FB6818001FF088FA1AE01723FB181B78CB
:107FD000072B08D1124B19680D4B1A68FB68180063
:107FE0001FF07AFA0CE01723FB181B78082B07D137
:107FF0000C4B1968064B1A68FB6818001FF06CFAE6
:1080000000231800BD4606B0B0BDC0468C1F00203E
:10801000901F0020341D0020C4000020C800002054
:10802000CC000020D0000020B0B594B000AFF860C4
:10803000B9607A604F23FB1800221A702023FB18C6
:1080400000221A6004332322002118001FF0C3FA13
:108050004C23FB1800221A804A243B1900221A8064
:1080600014257B1900221A6004330622002118000F
:108070001FF0B1FA9C4A7B680121180013F0AEF89A
:1080800002009A4B1A60994B1968974B1B681A00AB
:108090007B1918001FF0D3FA3B1901221A804923DB
:1080A000FB1800221A701BE04923FB181A781300F2
:1080B0009B009B185B008E4A9A181423FB18110032
:1080C0001800F8F721F8031E04D14A23FB180022F8
:1080D0001A800AE049217B181A787B1801321A703D
:1080E0004923FB181B78092BDED9824B02221A7018
:1080F000FA68814B100019000A231A001FF093FB45
:108100007C4B1B785BB219007C4A7B68180013F02B
:1081100065F802007A4B1A605DE0794B1968774B7D
:108120001B681A0020243B1918001FF088FA734BB3
:108130001B6820003A180021D1544C257C193B18AB
:108140001800FDF7B3FE030023807B1900229B5E1D
:10815000002B45DB7B191B88DBB24F257C191422D1
:10816000BA1811001800FDF7EFFF030023707B1908
:108170001B78002B36D15F4B1B785BB2022B0EDDD8
:10818000FB681800F7F7CAFF03001A00FB689A188B
:108190005C4B1000190003231A001FF044FB20233E
:1081A000FA18FB68110018001FF01DFA514B1B78DC
:1081B0005BB2DBB20133DBB25AB24E4B1A704D4B9D
:1081C0001B785BB219004D4A7B68180013F006F863
:1081D00002004B4B1A604A4B1B68002B9DD102E0FA
:1081E000C04600E0C0464C23FB1800229B5E002BDB
:1081F00008DA454B19682023FA18FB6818001FF0AD
:108200006BF96CE03B4B1B785BB2022B08D13F4B08
:1082100019681423FA18FB6818001FF05DF95EE076
:108220004F23FB181B78002B15D14A23FB18002283
:108230009B5E002B0FD0364B19681423FA182024AC
:108240003B1918001FF048F93A19FB681100180093
:108250001FF0C9F943E04F23FB181B78002B15D101
:108260004A23FB1800229B5E002B0FD1294B196873
:108270001423FA1820243B1918001FF02DF93A197D
:10828000FB68110018001FF0AEF928E04F23FB181F
:108290001B78062B08D1204B19681423FA18FB68A9
:1082A00018001FF019F91AE04F23FB181B78072B51
:1082B00008D11A4B19681423FA18FB6818001FF02C
:1082C0000BF90CE04F23FB181B78082B07D1144B3C
:1082D00019681423FA18FB6818001FF0FDF8002332
:1082E0001800BD4614B0B0BD941F0020981F002098
:1082F000F40900209C1F0020D4DE0208A01F0020EB
:10830000A41F0020E0DE0208D4000020D8000020D6
:10831000DC000020E0000020E4000020E800002055
:10832000EC00002080B584B000AFF860B9607A60DE
:108330000020FDF7E1FB00231800BD4604B080BD1E
:1083400090B589B002AFF860B9607A6017217B18E8
:1083500000221A70334B1B78012B04D97C180FF0C4
:108360004BF8030023702F4B1B781A002E49FB6833
:1083700018001FF0B1F82D4B1C78FB681800F7F7B8
:10838000CDFE03009AB2F96801235B4200933223C9
:1083900020000EF0C1FE264AFB68110018001FF0F5
:1083A0009BF8224B1C78FB681800F7F7B7FE030018
:1083B0009AB2F96801235B420093322320000EF049
:1083C000ABFE1A4B1B781800FDF7DEF9174B1B7834
:1083D0001800FDF705FB1723FB181B78022B15D19E
:1083E000144AFB68110018001FF076F80F4B1C7838
:1083F000FB681800F7F792FE03009AB2F9680123B0
:108400005B420093322320000EF086FE0A4AFB688E
:10841000110018001FF060F800231800BD4607B0D7
:1084200090BDC0467C000020E4DE0208900A0020D7
:1084300000DF020814DF0208D0DE0208F0B58BB0BE
:1084400002AFF860B9607A601D23FB1800221A7031
:108450000023BB6100237B611F23FB1800221A70DD
:108460001E243B1900221A701823FA187B68012178
:10847000180012F0B3FE02002F4B1A602E4B1B683F
:10848000BA692E4918001FF0C9F8031E03D13B1921
:1084900001221A700CE0284B1B68BA6928491800A1
:1084A0001FF0BCF8031E03D11E23FB1802221A7012
:1084B0001423FA187B680221180012F08FFE0200C4
:1084C000204B1A601F4B1B681B785BB2702B09D1C5
:1084D0001C4B1B68013318001DF083FC02001F2396
:1084E000FB181A701D26BC191F257B191A781E232C
:1084F000FB181B78110018000CF03CFB03002370E4
:10850000BB191B78002B12D10B4B1B68BA699B1847
:1085100000221A700C4B1968074B1A687B191C78DB
:108520007B191B78F868009323001EF0D5FF002309
:108530001800BD4609B0F0BDA81F002058DF020892
:1085400064DF0208AC1F0020F0000020F0B587B007
:1085500000AFF860B9607A601623FB1800221A7029
:1085600000233B6117243B1900221A701023FA18CC
:108570007B680121180012F031FE0200164B1A60D0
:10858000154B1B681B785BB2702B08D1124B1B6814
:10859000013318001DF025FC02003B191A70162645
:1085A000BC1917257B191B7818000CF017FC030069
:1085B0002370BB191B78002B08D1084B19687B1955
:1085C0001A787B191B78F8681EF086FF00231800C4
:1085D000BD4607B0F0BDC046B01F0020F40000202B
:1085E000F0B5C64600B592B004AFF860B9607A60E5
:1085F0003723FB1800221A7000237B6200233B62A2
:108600000023FB610023BB6100237B613023FB1847
:1086100000221A800023FB623623FB1800221A7006
:108620003523FB1800221A703423FB1800221A701D
:108630002B23FB1800221A703323FB1800221A7018
:108640002423FA187B680121180012F0C7FD0200EC
:10865000CB4B1A60CA4B1B68CA49042218001EF093
:10866000DDFF031E00D020E22023FA187B680221E0
:10867000180012F0B3FD0200C34B1A60C04B1B6818
:10868000181D7B6A043B1A00C04B19001EF0C6FF80
:10869000031E00D0A3E0BC4B1B683A6ABC4918001B
:1086A0001EF0BCFF031E1CD1BA4B1A7860210A438E
:1086B0001A70B84B1B785B07DB0FDBB21B021AB2D8
:1086C000B44B1B785B069B0FDBB21BB213431BB290
:1086D0009AB28A235B00110018000BF087FC00F0AF
:1086E000FDFCA94B1B683A6AAB4918001EF096FFC7
:1086F000031E1FD1A74B1A7860218A43111C202228
:108700000A431A70A34B1B785B07DB0FDBB21B021B
:108710001AB2A04B1B785B069B0FDBB21BB2134354
:108720001BB29AB28A235B00110018000BF05EFCAA
:1087300000F0D4FC944B1B683A6A984918001EF06C
:108740006DFF031E1FD1934B1A7860218A43111CC1
:1087500040220A431A708F4B1B785B07DB0FDBB29A
:108760001B021AB28B4B1B785B069B0FDBB21BB252
:1087700013431BB29AB28A235B00110018000BF05E
:1087800035FC00F0ABFC804B1B683A6A844918004A
:108790001EF044FF031E1CD17E4B1A7860218A43D1
:1087A0001A707C4B1B785B07DB0FDBB21B021AB223
:1087B000784B1B785B069B0FDBB21BB213431BB2DB
:1087C0009AB28A235B00110018000BF00FFC00F036
:1087D00085FC3723FB1868221A7000F07FFC684B79
:1087E0001B68181D7B6A043B1A006E4B19001EF0B3
:1087F00015FF031E2BD1644B1B683A6A64491800AD
:108800001EF00CFF031E1CD1624B1A7804210A4390
:108810001A70604B1B785B07DB0FDBB21B021AB2CE
:108820005C4B1B785B069B0FDBB21BB213431BB286
:108830009AB28A235B00110018000BF0D7FB00F0FE
:108840004DFC3723FB1868221A7000F047FC4C4B94
:108850001B68181D7B6A043B1A00534B19001EF05D
:10886000DDFE031E2DD1484B1B6818001DF0B3FA26
:108870000300FB62FA6AE1231B039A421BD84B4BAD
:10888000FA6A9A60494B9B689AB28C235B0011008C
:1088900018000BF0ABFB454B9B681B0C9AB21A23DC
:1088A000FF33110018000BF0A1FB3623FB18012247
:1088B0001A7000F013FC3723FB1868221A7000F0BE
:1088C0000DFC2F4B1B68181D7B6A043B1A00384BAC
:1088D00019001EF0A3FE031E22D12B4B1B681800AB
:1088E0001DF079FA020030217B181A800A00BB18AB
:1088F0001B88002B0ED02D4B1100BA1812881A803D
:108900007B181A881623FF33110018000BF06EFB3A
:1089100000F0E4FB3723FB1868221A7000F0DEFB3E
:10892000174B1B68181D7B6A043B1A00214B19006A
:108930001EF074FE031E3FD1134B1B6818001DF080
:108940004AFA020030217B181A800A00BB181B88E3
:10895000002B0ED0154B1100BA1812885A807B18C4
:108960001A888B235B00110018000BF03FFB00F00E
:10897000B5FB3723FB1868221A7000F0AFFBC04626
:10898000B41F002070DF0208B81F002078DF020843
:1089900084DF0208541D002088DF020890DF0208EF
:1089A00094DF02089CDF0208A4DF0208381D0020C3
:1089B000B0DF0208BCDF0208D74B1B68181D7B6ABA
:1089C000043B1A00D54B19001EF028FE031E2ED1C1
:1089D000D34B1B6818001DF0FEF9020030217B18F4
:1089E0001A800A00BB181B88002B1AD0BB181B88E2
:1089F000FF2B16D8BB181B88DAB2CA4B1A71C94BA9
:108A00005B791B021AB2C74B1B791BB213431BB213
:108A10009AB21823FF33110018000BF0E7FA00F0A8
:108A20005DFB3723FB1868221A7000F057FBBA4B26
:108A30001B68181D7B6A043B1A00BB4B19001EF013
:108A4000EDFD031E2CD1B64B1B6818001DF0C3F9B9
:108A5000020030217B181A800A00BB181B88002BEB
:108A600019D0BB181B88FF2B15D8BB181B88DAB28E
:108A7000AC4B5A71AB4B5B791B021AB2A94B1B79F9
:108A80001BB213431BB29AB21823FF331100180014
:108A90000BF0ACFA22E33723FB1868221A701DE3AF
:108AA0003723FB1867221A7018E39B4B1B689F49FA
:108AB000042218001EF0B2FD031E00D0A2E0202305
:108AC000FA187B680221180012F088FB0200944B10
:108AD0001A601C23FA187B680321180012F07EFB31
:108AE0000200934B1A601823FA187B6804211800BF
:108AF00012F074FB02008F4B1A601423FA187B6883
:108B00000521180012F06AFB02008B4B1A60844B9F
:108B10001B6818001DF05FF902003523FB181A705E
:108B2000834B1B6818001DF056F902003423FB1814
:108B30001A70804B1B6818001DF04DF902002B23A2
:108B4000FB181A707C4B1B68002B1FD07A4B1B68DC
:108B50007A49022218001EF061FD031E04D133235E
:108B6000FB1801221A7011E0734B1B687449022232
:108B700018001EF053FD031E04D13323FB180222FC
:108B80001A7003E03723FB1868221A703723FB188A
:108B90001B78002B00D0A1E23523FB181B78172B84
:108BA00009D83423FB181B783B2B04D82B23FB1844
:108BB0001B783B2B04D93723FB1868221A708DE2EF
:108BC0000DF0DCFA574B987D564B597D554B1A8B5F
:108BD000544B1D7D3723FC183323FB181B7803935C
:108BE0003523FB181B7802933423FB181B78019361
:108BF0002B23FB181B7800932B000DF0F5F90300D5
:108C000023706BE2444B1B684E49042218001EF08F
:108C100005FD031E00D05DE22023FA187B680221C7
:108C2000180012F0DBFA02003D4B1A601C23FA1800
:108C30007B680321180012F0D1FA02003C4B1A6045
:108C40001823FA187B680421180012F0C7FA0200F2
:108C5000384B1A601423FA187B680521180012F0AB
:108C6000BDFA0200344B1A60324B1B6818001DF02D
:108C7000B2F802002B23FB181A702F4B1B68180048
:108C80001DF0A9F802003023FB181A80244B1B6842
:108C90002D49062218001EF0C1FC031E04D1352305
:108CA000FB1801221A7079E01D4B1B682749072227
:108CB00018001EF0B3FC031E04D13523FB1802225A
:108CC0001A706BE0164B1B682149092218001EF030
:108CD000A5FC031E04D13523FB1803221A705DE0A6
:108CE0000F4B1B681B49082218001EF097FC031E3F
:108CF00004D13523FB1804221A704FE0084B1B687F
:108D00001549062218001EF089FC031E26D13523C2
:108D1000FB1805221A7041E0B41F0020CCDF0208C6
:108D2000B81F0020381D0020E0DF02080CD8020820
:108D3000BC1F0020C01F0020C41F0020F4DF020859
:108D4000F8DF020860D80208FCDF020804E002082D
:108D50000CE0020818E0020824E00208BF4B1B6880
:108D6000BF49082218001EF059FC031E04D1352308
:108D7000FB1806221A7011E0B84B1B68B94906228D
:108D800018001EF04BFC031E04D13523FB180722EC
:108D90001A7003E03723FB1868221A70B24B1B6865
:108DA000B249072218001EF039FC031E08D0AE4B52
:108DB0001B68AF49022218001EF030FC031E04D1CC
:108DC0003423FB1801221A7000E1A74B1B68A94944
:108DD000082218001EF022FC031E08D0A24B1B68BC
:108DE000A549022218001EF019FC031E04D13423E9
:108DF000FB1802221A70E9E09B4B1B689F49052271
:108E000018001EF00BFC031E08D0974B1B689C49F2
:108E1000022218001EF002FC031E04D13423FB18AA
:108E200003221A70D2E0904B1B6896490522180065
:108E30001EF0F4FB031E08D08B4B1B6892490222E4
:108E400018001EF0EBFB031E04D13423FB18042290
:108E50001A70BBE0844B1B688C49032218001EF07B
:108E6000DDFB031E08D0804B1B68894902221800D5
:108E70001EF0D4FB031E04D13423FB1805221A7004
:108E8000A4E0794B1B688349042218001EF0C6FB3E
:108E9000031E08D0744B1B687F49022218001EF085
:108EA000BDFB031E04D13423FB1806221A708DE08B
:108EB0006D4B1B687949042218001EF0AFFB031E9E
:108EC00008D0694B1B687649022218001EF0A6FBE9
:108ED000031E04D13423FB1807221A7076E0624B7C
:108EE0001B687049052218001EF098FB031E08D06D
:108EF0005D4B1B686C49022218001EF08FFB031E9D
:108F000004D13423FB1808221A705FE0564B1B680B
:108F10006649092218001EF081FB031E08D0524B3F
:108F20001B686349022218001EF078FB031E04D15F
:108F30003423FB1809221A7048E04B4B1B685D492B
:108F4000072218001EF06AFB031E08D0464B1B6860
:108F50005949022218001EF061FB031E04D134237C
:108F6000FB180A221A7031E03F4B1B685349082254
:108F700018001EF053FB031E08D03B4B1B685049E2
:108F8000022218001EF04AFB031E04D13423FB18F2
:108F90000B221A701AE0344B1B684A490822180049
:108FA0001EF03CFB031E08D02F4B1B6846490222D3
:108FB00018001EF033FB031E04D13423FB180C22CF
:108FC0001A7003E03723FB1868221A703723FB1846
:108FD0001B78002B00D081E02B22BB181B78002BC4
:108FE0000FD0BB181B781F2B0BD830217B181A8889
:108FF000FA23DB009A4204D37B181B88334A93423E
:1090000004D93723FB1868221A7067E00DF0B6F810
:109010002F4B1B7C2E4A527C2D49897C2C48C07CCE
:1090200037243C1935257D192D78A84630257D1922
:109030002D88AC462B257D192E7834257D192D7869
:10904000039002910192009343466246310028004A
:109050000CF0CAFF0300237040E0C046B81F002098
:109060002CE0020838E00208BC1F002040E00208A3
:1090700048E002084CE0020858E002085CE0020800
:1090800064E0020868E0020870E0020874E0020888
:1090900078E002087CE0020884E0020888E0020828
:1090A00090E0020894E002089CE00208A0E00208B8
:1090B000ACE00208B0E00208B8E00208BCE0020838
:1090C000C8E00208CCE00208D8E00208340800003A
:1090D000381D00203723FB1867221A703723FB182E
:1090E0001B78002B22D1214B1B687A6A9B18002227
:1090F0001A701F4B19681D4B1A681E4B1B68F868C5
:109100001EF0EAF93623FB181B78012B27D11A4BE6
:109110001A68FB68110018001EF065FA174B1A68F0
:10912000FB68110018001EF05EFA18E03723FB18E8
:109130001B78672B07D1124B1A68FB6811001800C7
:109140001EF069FB0BE03723FB181B78682B06D158
:109150000C4B1A68FB68110018001EF05CFB002322
:109160001800BD460EB080BCB846F0BDB41F00204C
:10917000F8000020B81F0020FC00002000010020A3
:10918000040100200801002080B588B000AFF8601D
:10919000B9607A601F23FB1800221A700023BB619C
:1091A00000237B611E23FB1800221A701D23FB186D
:1091B00000221A701C23FB1800221A701823FA18B8
:1091C0007B680121180012F009F80200BB4B1A60FD
:1091D000BA4B1B68BA49042218001EF01FFA031E7E
:1091E00000D0CAE0B54B1B68181DBB69043B1A00D0
:1091F000B44B19001EF012FA031E31D1B24B1B788A
:1092000060221340DBB2602B07D1B04B1968B04A23
:10921000FB6818001EF060F931E1AB4B1B7860224F
:109220001340DBB2202B07D1A84B1968A94AFB6871
:1092300018001EF051F922E1A34B1B786022134065
:10924000DBB2002B07D1A14B1968A34AFB681800B9
:109250001EF042F913E11F23FB1868221A700EE179
:10926000964B1B68181DBB69043B1A009B4B1900E9
:109270001EF0D4F9031E13D1934B1B780422134024
:10928000DBB2002B07D0914B1968914AFB6818009C
:109290001EF022F9F3E01F23FB1868221A70EEE09B
:1092A000864B1B68181DBB69043B1A008C4B1900C8
:1092B0001EF0B4F9031E07D18A4B9A688A49FB68ED
:1092C00018001EF009F9DAE07C4B1B68181DBB6919
:1092D000043B1A00854B19001EF0A0F9031E08D1AB
:1092E000804B1B881A008049FB6818001EF0F4F8B8
:1092F000C5E0724B1B68181DBB69043B1A007C4B10
:1093000019001EF08BF9031E08D1764B5B881A00FA
:109310007549FB6818001EF0DFF8B0E0674B1B686A
:10932000181DBB69043B1A00724B19001EF076F938
:10933000031E08D16B4B1B791A006B49FB681800A0
:109340001EF0CAF89BE05D4B1B68181DBB69043B0F
:109350001A00694B19001EF061F9031E08D1614B18
:109360005B791A006049FB6818001EF0B5F886E0CA
:109370001F23FB1867221A7081E0504B1B685F495E
:10938000052218001EF04AF9031E00D073E01423D2
:10939000FA187B680221180011F020FF0200584BD8
:1093A0001A601E23FB1800221A701D23FB180022CE
:1093B0001A701AE0524B18681D23FB181A78130014
:1093C0009B009B185B004F4A9B181900F6F79CFE08
:1093D000031E04D11E23FB1801221A700AE01D216E
:1093E0007B181A787B1801321A701D23FB181B7822
:1093F000092BDFD91E23FB181B78002B09D1424B08
:1094000019683F4B1A68FB6818001EF065F80023C6
:1094100050E03E4B19683A4B1A68FB6818001EF082
:109420005BF81C23FB1801221A701CE01C217B181E
:109430001B785A1E364B5200D35A1A001D23FB18B4
:109440001B781A4113000122134006D07B181B78A9
:10945000FA683049F8681EF03FF81C217B181A782A
:109460007B1801321A702C4B1B781C22BA18127808
:109470009A42DBD903E01F23FB1867221A701F23CF
:10948000FB181B78672B07D1244B1A68FB68110067
:1094900018001EF0C0F90CE01F23FB181B78682B86
:1094A00007D11F4B1968054B1A68FB6818001EF09E
:1094B00013F800231800BD4608B080BDC81F002067
:1094C00070DF020878DF0208541D00200C01002024
:1094D00084DF0208DCE0020894DF02089CDF020857
:1094E000A4DF0208381D0020E0E00208B0DF020817
:1094F000BCDF0208CCDF0208E0DF0208C0D40208AB
:10950000CC1F0020F40900201001002014010020CD
:10951000CC1C0020E8E002087C000020180100209C
:109520001C01002090B587B000AFF860B9607A6088
:109530001723FB1800221A7000233B611023FA182E
:109540007B680121180011F049FE02002A4B1A60C5
:10955000294B1B683A69294918001EF05FF8031E61
:1095600011D1274B274A13CA13C313CA13C3126856
:109570001A60FAF791FD244B1A68FB681100180075
:109580001EF049F926E01C4B1B683A691F49180078
:109590001EF044F8031E19D100221621FF2001F00D
:1095A00059FF1B4B02221A70642011F097FCFAF746
:1095B000CDFD07F06DFB642011F090FC154B1A688F
:1095C000FB68110018001EF026F903E01723FB18B2
:1095D00068221A701723FB181B78682B06D10E4BD4
:1095E0001A68FB68110018001EF015F90023180016
:1095F000BD4607B090BDC046D01F0020F0E0020875
:10960000381D00208000002020010020F8E0020822
:10961000920A00202401002028010020F0B589B022
:1096200004AFF860B9607A600CF0A8FD2C4B5B7B4E
:10963000182B14D12B4B1968294B9B7C1C00284BF1
:109640005B7C1D00264B1B7C1A00254BDB89F868D0
:10965000019300922B0022001DF03EFF3AE0204BC8
:109660005B7B0C2B36D11E4BDB7C012B17D11E4BA9
:1096700019681B4B9B7C1D00194B5B7C1E00184B13
:109680001B7C1A00164BDB891C00F868174B0293F1
:109690000194009233002A001DF01EFF1AE0104BC7
:1096A000DB7C022B16D1104B19680D4B9B7C1D00E7
:1096B0000B4B5B7C1E000A4B1B7C1A00084BDB89A2
:1096C0001C00F8680A4B02930194009233002A00B0
:1096D0001DF002FF00231800BD4605B0F0BDC046D6
:1096E000381D00202C0100203001002000E102087C
:1096F00004E1020890B585B000AFF860B9607A6007
:109700000CF03CFD074B1C68FDF706F80200FB68F7
:10971000210018001DF0E0FE00231800BD4605B032
:1097200090BDC0463401002090B58BB000AFF8600A
:10973000B9607A602723FB1800221A7000237B612E
:1097400000233B611423FA187B680121180011F0F3
:1097500045FD03003B623B6A1B785BB2702B09D16D
:109760003B6A013318001CF03CFB02002623FB1867
:109770001A7003E02723FB1868221A701023FA18C6
:109780007B680221180011F029FD0300FB61FB69D1
:1097900018001CF026FB0300BB612723FB181B7875
:1097A000682B07D10E4B1A68FB68110018001EF0D9
:1097B00032F80FE0BA6926243B191B781100180013
:1097C0000DF040FD074B19683B191B78BA69F86822
:1097D0001DF082FE00231800BD460BB090BDC046B0
:1097E000380100203C01002090B587B000AFF86040
:1097F000B9607A601B4B1A681B49FB6818001DF0A2
:109800006BFE1723FB1800221A7011E017243B1976
:109810001B789B00154A944663441B68FA681449F8
:10982000F8681DF059FE3B191A783B1901321A707D
:109830001723FB181B78022BE8D9FB681800F6F7F2
:109840006DFC03001A00FB689A180A4B10001900FF
:1098500003231A001DF0E7FF00231800BD4607B0E0
:1098600090BDC0464001002008E102089075FF1F2E
:109870000CE1020814E1020890B587B000AFF8606F
:10988000B9607A6016243B1900221A8014F0A0FEF9
:1098900002003B191A803B191B88114A934207D1D9
:1098A000104B1968104AFB6818001DF015FE07E000
:1098B0000C4B19680D4AFB6818001DF00DFEC046E0
:1098C0000B4B1C6814F078FE03001B0BFA68F86859
:1098D00021001DF001FE00231800BD4607B090BD19
:1098E000670400004401002018E1020824E1020896
:1098F0004801002080B584B000AFF860B9607A609C
:10990000074B1968074B1B681B041A0CFB681800EF
:109910001DF0E2FD00231800BD4604B080BDC04626
:109920004C010020E075FF1FF0B58FB004AFF86068
:10993000B9607A601823FB18B54A13CA13C312889A
:109940001A80B44B1C78B44B1D68B34B1B681800CD
:10995000F6F7E4FB03009AB201235B420093322343
:10996000290020000DF0D8FB2723FB1801221A70D4
:109970002623FB1800221A7036E126203B181A789D
:10998000A64913009B009B189B005B5C002B1AD020
:10999000A34B1C682723FB181D783B181A789F4996
:1099A00013009B009B189B00CB1810331B781900E9
:1099B0001823FA180B00DB005B1AD318F8682A008A
:1099C00021001DF089FD2623FB181A789349130006
:1099D0009B009B189B005B5C012B03D0032B00D1E9
:1099E00075E0BBE02623FB181A788C4913009B0016
:1099F0009B189B00CB1803331B78072B45D064DCE6
:109A0000052B02D0062B20D05FE0864B1C68262059
:109A10003B181A78814913009B009B189B00CB18B8
:109A200002331B781D003B181A787C4913009B00F9
:109A30009B189B00CB180C331B68FA68F8680093DE
:109A40002B0021001DF048FD40E0774B1C682620CC
:109A50003B181A78714913009B009B189B00CB1888
:109A600002331B781D003B181A786C4913009B00C9
:109A70009B189B00CB180C331B68FA68F86800939E
:109A80002B0021001DF028FD20E0684B1C682620DB
:109A90003B181A78614913009B009B189B00CB1858
:109AA00002331B781D003B181A785C4913009B0099
:109AB0009B189B00CB180C331B68FA68F86800935E
:109AC0002B0021001DF008FD00E0C04646E02624E2
:109AD0003B191A7813009B009B189B004F4A9B1858
:109AE000991D1423FB18042218001DF09CFE504BF6
:109AF0001D6820003B181A78484913009B009B18EA
:109B00009B00CB1803331B785A1E4A4913005B0095
:109B10009B189B00CB1808331E683B181A783F49E6
:109B200013009B009B189B00CB1801331B785A1E17
:109B300013005B009B18404A9C187B69181CF9F7BE
:109B4000C9FA02000B00F968F868029203930094C6
:109B500033000A0029001DF0BFFCC04610E0374B5F
:109B60001968374BFA68F8681DF0B6FC344B1800DA
:109B7000F6F7D4FA0200324B002118001DF02BFD3D
:109B800026257B191A78254913009B009B189B00FA
:109B9000CB180C331B682A4A11001800FDF764FE2D
:109BA000031EDCD1274B1A68FB68110018001DF05A
:109BB0001AFD184B1C78FB681800F6F7AFFA030083
:109BC0009AB2F96801235B420093322320000DF022
:109BD000A3FA2722BB18BA18127801321A707B191F
:109BE0001A787B1901321A70174B1B782622BA1883
:109BF00012789A4200D2C0E6144B1A68FB68110032
:109C000018001DF008FE00231800BD460BB0F0BD83
:109C10002CE10208900A002050010020E81D0020DD
:109C200054010020580100205C0100206001002048
:109C300064010020D0340020D4D002086801002044
:109C4000D41F00206C010020950A00207001002024
:109C500080B588B000AFF860B9607A6000233B61DE
:109C60001F23FB1800221A701023FA187B680121A9
:109C7000180011F0B3FA0300BB61BB6918001CF0B7
:109C8000AAF8020017217B181A700A00BB181B786B
:109C9000002B05D0184B1B78BA1812789A4203D9BA
:109CA0001F23FB18FF221A701F23FB181B78002BA1
:109CB00016D11723FB181B785A1E104913009B005E
:109CC0009B189B00CB18103301221A7006F0E4FE9B
:109CD0000B4B1A68FB68110018001DF09CFD06E094
:109CE000084B1A68FB68110018001DF094FD002352
:109CF0001800BD4608B080BD950A0020E81D002070
:109D0000740100207801002080B588B000AFF860B1
:109D1000B9607A6000233B611F23FB1800221A7090
:109D20001023FA187B680121180011F057FA03007C
:109D3000BB61BB6918001CF04EF8020017217B18AC
:109D40001A700A00BB181B78002B05D0184B1B7823
:109D5000BA1812789A4203D91F23FB18FF221A70EF
:109D60001F23FB181B78002B16D11723FB181B7819
:109D70005A1E104913009B009B189B00CB181033F0
:109D800000221A7006F088FE0B4B1A68FB6811005F
:109D900018001DF040FD06E0084B1A68FB68110032
:109DA00018001DF038FD00231800BD4608B080BD26
:109DB000950A0020E81D00207C0100208001002081
:109DC00090B589B000AFF860B9607A6000233B615C
:109DD0001F23FB1800221A701023FA187B68012138
:109DE000180011F0FBF90300BB61BB6918001BF000
:109DF000F2FF020017217B181A700A00BB181B78AB
:109E0000002B05D05F4B1B78BA1812789A4203D901
:109E10001F23FB18FF221A701F23FB181B78002B2F
:109E200000D096E017243B191B785A1E56491300A0
:109E30009B009B189B0000225A543B191B785A1E0A
:109E4000514913009B009B189B00CB180133002243
:109E50001A703B191B785A1E13009B009B189B001D
:109E6000494A9B1802330422002118001DF0B3FB5D
:109E70003B191B785A1E444913009B009B189B00FA
:109E8000CB18103300221A703B191B785A1E3E491A
:109E900013009B009B189B00CB180C331B68180009
:109EA0001BF0B0FF20003B181B785A1E36491300E8
:109EB0009B009B189B00CB180C3300221A601E23BA
:109EC000FB183A1812781A7034E01E203B181A78E2
:109ED0002D4913009B009B189B005B5C002B23D03B
:109EE00001007B181B785A1E13009B009B189B00D7
:109EF000254A98180C007B181A7813009B009B18B1
:109F00009B00214A9B18142219001DF08CFC3B1960
:109F10001A7813009B009B189B001B4A9B18142265
:109F2000002118001DF057FB1E217B181A787B18A2
:109F300001321A70134B1B781E22BA1812789A42FB
:109F4000C3D3104B1B78013BDAB20E4B1A7006F0EC
:109F5000A3FD1F23FB181B78002B07D10B4B1A689E
:109F6000FB68110018001DF056FC06E0084B1A684B
:109F7000FB68110018001DF04EFC00231800BD46C0
:109F800009B090BD950A0020E81D00208401002042
:109F90008801002090B58BB000AFF860B9607A609E
:109FA0000023BB6100237B612723FB1800221A706A
:109FB0001823FA187B680121180011F00FF903002B
:109FC0003B623B6A1B785BB2702B09D13B6A013361
:109FD00018001BF006FF02002623FB181A7003E08E
:109FE0002723FB1867221A701423FA187B680221B2
:109FF000180011F0F3F80300FB61FB691B785BB2FA
:10A00000702B09D1FB69013318001BF0EAFE020036
:10A010002523FB181A7003E02723FB1867221A7008
:10A020002722BB181B78002B0DD1BC182523FB1849
:10A030001A782623FB181B7811001800FCF79AFBEE
:10A040000300237003E02723FB1867221A702723DD
:10A05000FB181B78002B0BD1124B19682623FB1819
:10A060001A782523FB181B78F8681DF035FA13E0E1
:10A070002723FB181B78672B07D10B4B1A68FB684B
:10A08000110018001DF0C7FB06E0084B1A68FB68BA
:10A09000110018001DF0BFFB00231800BD460BB0D7
:10A0A00090BDC0468C01002090010020940100204A
:10A0B00090B58BB000AFF860B9607A600023BB61E7
:10A0C00000237B612723FB1800221A701823FA183B
:10A0D0007B680121180011F081F803003B623B6AA4
:10A0E0001B785BB2702B09D13B6A013318001BF05F
:10A0F00078FE02002623FB181A7003E02723FB18C2
:10A1000067221A701423FA187B680221180011F0D4
:10A1100065F80300FB61FB691B785BB2702B09D10A
:10A12000FB69013318001BF05CFE02002523FB18BD
:10A130001A7003E02723FB1867221A702722BB1826
:10A140001B78002B0DD1BC182523FB181A78262369
:10A15000FB181B7811001800FCF732FB030023707A
:10A1600003E02723FB1867221A702723FB181B78AC
:10A17000002B0BD1124B19682623FB181A782523C4
:10A18000FB181B78F8681DF0A7F913E02723FB18CC
:10A190001B78672B07D10B4B1A68FB68110018005E
:10A1A0001DF039FB06E0084B1A68FB681100180027
:10A1B0001DF031FB00231800BD460BB090BDC0461A
:10A1C000980100209C010020A0010020B0B58EB0B5
:10A1D00002AFF860B9607A600023FB612F23FB189F
:10A1E00000221A701823FB18A54A12781A7000234F
:10A1F000BB621C23FA187B680121180010F0EEFFE7
:10A2000003007B629F4A7B6A11001800F5F77CFF10
:10A21000031E00D0AEE0BB6A002B00D02BE12E2342
:10A22000FB1801221A709EE0974B1B782E243A19D6
:10A2300012789A4200D190E01CF00EF80300DAB2D6
:10A2400018257B191A7079193B1918786423009323
:10A250000A2301220CF060FF3B191B7818000DF057
:10A2600011F803001B685B6ADAB214217B181A70BC
:10A270007B191A787B181B789A4204D12F23FB187C
:10A2800000221A7003E02F23FB1806221A702F23D6
:10A29000FB181B78002B18D17C4B19682E23FB1858
:10A2A0001A78FB6818001DF017F9774B1C78FB68CB
:10A2B0001800F5F733FF03009AB2F968642300939E
:10A2C0000A2320000CF028FF1CE02F23FB181B782A
:10A2D000062B17D16E4B19682E23FB181A78FB68D2
:10A2E00018001DF0F9F8684B1C78FB681800F5F7AA
:10A2F00015FF03009AB2F968642300930A23200033
:10A300000CF00AFF634B1A68FB68110018001DF07F
:10A3100082FA5D4B1C78FB681800F5F7FFFE03001E
:10A320009AB2F968642300930A2320000CF0F4FE2B
:10A3300002E0012014F01CF9534B1B785A1EBB6A33
:10A34000591C554813005B009B189B01C3185B5CAC
:10A35000002BEED0BB6A0133BB622E217B181A782A
:10A360007B1801321A702E23FB181B78062B00D89D
:10A370005AE780E07B6A1B785BB2702B00D073E0F9
:10A380007B6A013318001BF02CFD020023243B19CB
:10A390001A703B191B78002B37D03B191B78062B02
:10A3A00033D82F23FB181B78002B1CD11BF054FF34
:10A3B0000300DAB218217B181A7079183B19187843
:10A3C00064230093322301220CF0A6FE2E23FB18F7
:10A3D0001B7818000CF056FF03001B685B6ADAB2AA
:10A3E0001423FB181A701823FB181A781423FB186F
:10A3F0001B789A4204D12F23FB1800221A7008E020
:10A400002F23FB1806221A7003E02F23FB18662265
:10A410001A702F23FB181B78002B09D11B4B1968CE
:10A420002323FB181A78FB6818001DF055F822E06A
:10A430002F23FB181B78662B07D1184B1A68FB6873
:10A44000110018001DF0E7F915E02F23FB181B7809
:10A45000062B10D10E4B19682323FB181A78FB68C2
:10A4600018001DF039F806E00D4B1A68FB68110062
:10A4700018001DF0D0F900231800BD460CB0B0BD87
:10A480003CE1020884DF0208900A0020A4010020B9
:10A49000A8010020AC01002058200020B0010020BD
:10A4A000B4010020B0B58CB000AFF860B9607A603C
:10A4B0000023FB610023BB6100237B611C23FA188E
:10A4C0007B680121180010F089FE0300BB6218238D
:10A4D000FA187B680221180010F080FE03007B62EE
:10A4E0002F4ABB6A11001800F5F70EFE031E07D0B5
:10A4F0002C4ABB6A11001800F5F706FE031E42D075
:10A50000BB6A013318001BF066FC02002323FB1812
:10A510001A70254A7B6A11001800F5F7F5FD031E35
:10A5200004D12F23FB1800221A700BE01F4A7B6A0C
:10A5300011001800F5F7E8FD031E03D12F23FB18C7
:10A5400001221A7023243B191B7818000AF0F0FD31
:10A5500014257A192F23FB1819783B191B7818003A
:10A560000AF032FE7A19FB68110018001DF053F949
:10A570007B69181CF8F7AEFD02000B000C49F86867
:10A580001CF0AAFF06E00B4B1A68FB6811001800CC
:10A590001DF041F900231800BD460CB0B0BDC04607
:10A5A00040E1020844E1020848E102084CE10208E7
:10A5B00054E10208B801002090B587B000AFF86000
:10A5C000B9607A6000237B6100233B611023FA1895
:10A5D00014243B19110018000AF0C6FE3A19FB6852
:10A5E000110018001DF017F97B69181CF8F772FDAF
:10A5F00002000B000449F8681CF06EFF00231800ED
:10A60000BD4607B090BDC04670E1020890B587B066
:10A6100000AFF860B9607A6000237B6100233B6182
:10A620001023FA1814243B19110018000AF09CFE9C
:10A630003A19FB68110018001DF0EDF83B69181C71
:10A64000F8F748FD02000B000449F8681CF044FFCD
:10A6500000231800BD4607B090BDC04694E1020833
:10A6600090B58DB000AFF860B9607A600023FB61EF
:10A670000023BB6100237B611C23FA187B68012146
:10A68000180010F0ABFD0300BB621823FA187B68BA
:10A690000221180010F0A2FD03007B622C4ABB6A65
:10A6A00011001800F5F730FD031E07D0294ABB6AD8
:10A6B00011001800F5F728FD031E3CD0BB6A0133DA
:10A6C00018001BF088FB02002323FB181A70224A93
:10A6D0007B6A11001800F5F717FD031E04D12F2324
:10A6E000FB1800221A700BE01C4A7B6A110018004C
:10A6F000F5F70AFD031E03D12F23FB1801221A7060
:10A7000023243B191B7818000AF012FD1423FA18B1
:10A710002F23FB1819783B191B7818000AF012FF39
:10A720007B69181CF8F7D6FC02000B000C49F8688E
:10A730001CF0D2FE06E00B4B1A68FB6811001800F3
:10A740001DF069F800231800BD460DB090BDC0464D
:10A7500040E1020844E1020848E102084CE1020835
:10A76000C0E10208BC010020B0B586B000AFF860BF
:10A77000B960BB1D1A8017257C19FB68180007F00B
:10A7800083F8030023707B191B78204AD35C002BCD
:10A790000BD07B191B781D4AD35C012B05D07B198C
:10A7A0001B781A4AD35C032B22D117243B191B7840
:10A7B000180009F04BFA20003B181B785A1E144B66
:10A7C0009200B968D1503B181B78104A0221D1542D
:10A7D0003B181B785A1E0F4B92000021D150BB1D15
:10A7E0001A88B968FB68180009F05CF9002309E0D1
:10A7F0001723FB181B78054AD35C022B01D11723C2
:10A8000000E017231800BD4606B0B0BDA00A002026
:10A81000D8240020F024002080B584B000AF0200CE
:10A82000FB1D1A70FB1D1B783B4AD35C022B09D021
:10A83000FB1D1B785A1E394B9200D358180015F097
:10A84000B3FC64E0FB1D1B785A1E344B9200D358B6
:10A85000180015F0A9FCFB1D1B785A1E304B920006
:10A86000D358002B09D0FB1D1B78013B2D4A9900C2
:10A870008A58511C2B4A9B009950FB1D1B785A1E6D
:10A88000284B9200D258FB1D1B78591E244B89007F
:10A89000CB589A4208D2FB1D1B785A1E224B5200FD
:10A8A000D35ADBB20D2B32D1FB1D1B785A1E1E4B27
:10A8B0005200D35A1B0A9AB20F217B181A70FB1D43
:10A8C0001B785A1E184B5200D25A0E23FB181A70CE
:10A8D0007B181B78002B03D07B181B78012B08D129
:10A8E000FB1D1B78180009F0DBF9104B01221A70D0
:10A8F0000DE0FB1D1B78180009F0D2F90E23FB18A0
:10A900001B78180009F0CCF9084B01221A70C046D8
:10A91000BD4604B080BDC046A00A0020943500208A
:10A9200008250020F024002068260020C001002017
:10A9300080B500AF0D4B1B6808221A620C4B1B68D8
:10A9400008221A620B4B1B6808221A620A4B1B680A
:10A9500008221A62094B1B6808221A62084B1B68FE
:10A9600008221A62C046BD4680BDC0466030002045
:10A97000F4300020883100201C320020B03200204A
:10A980004433002080B58EB002AFFA239A007A4992
:10A990007A487B4B019303230093002311F0E1FDE0
:10A9A000FA239A0077497848784B0193052300935E
:10A9B000002311F0D6FDFA239A0075497548764BAD
:10A9C000019303230093002311F0CBFDFCF7D4FF88
:10A9D000FA239A0071497248724B01930323009342
:10A9E000002311F0BEFDFA239A006F496F48704BA7
:10A9F000019304230093012311F0B3FDFA239A007D
:10AA00006C496A486C4B019304230093022311F0B4
:10AA1000A8FDFA239A0069496448694B019304230D
:10AA20000093032311F09DFDFA239A0065495F48C6
:10AA3000654B019304230093042311F092FDFA2344
:10AA40009A0062495948624B0193042300930523FD
:10AA500011F087FDFA239A005E4954485E4B01933A
:10AA600004230093062311F07CFD0023FB622C23BA
:10AA7000FB180121180010F045FA0200574B5A60EC
:10AA80000023BB622823FB180121180010F03AFABA
:10AA90000200534B5A6000237B622423FB180121E0
:10AAA000180010F02FFA02004C4B9A6000233B6212
:10AAB0002023FB180121180010F024FA0200484B53
:10AAC0009A600023FB611C23FB180121180010F081
:10AAD00019FA0200414BDA600023BB611823FB180E
:10AAE0000121180010F00EFA02003D4BDA6000233D
:10AAF0007B611423FB180121180010F003FA0200F7
:10AB0000364B1A6100233B611023FB18012118000A
:10AB100010F0F8F90200324B1A610023FB600C239D
:10AB2000FB180121180010F0EDF902002B4B5A61BF
:10AB30000023BB600823FB180121180010F0E2F984
:10AB40000200274B5A6100237B603B1D0121180046
:10AB500010F0D8F90200214B9A6100233B603B00C2
:10AB60000121180010F0CEF902001D4B9A61C04679
:10AB7000BD460CB080BDC04654EB0208E5AB0008F2
:10AB80009825002060EB020825BE0008A0250020C3
:10AB90006CEB0208895C02089C25002078EB020817
:10ABA00085690008A425002080EB0208DDC90008A3
:10ABB000802500208CEB02088425002098EB0208F9
:10ABC00088250020A4EB02088C250020B0EB0208A9
:10ABD00090250020BCEB020894250020A825002029
:10ABE000C425002080B582B000AF78603A4B1B7856
:10ABF000032B2FD043DC012B02D0022B15D03EE0DB
:10AC00008023DB0135480122190015F080FF502018
:10AC100010F064F98023DB0130480022190015F0A0
:10AC200076FF2D4B00221A702AE08023DB012B488F
:10AC30000122190015F06BFF642010F04FF98023FA
:10AC4000DB0126480022190015F061FF224B00228B
:10AC50001A7015E08023DB0120480122190015F04D
:10AC600056FF1E2010F03AF98023DB011B4800221A
:10AC7000190015F04CFF184B00221A7000E0C04676
:10AC800009F0F6FCFCF782FD154B1B78002B15D064
:10AC900005F0EEFC124B00221A708023DB010F48F6
:10ACA0000122190015F033FFC82013F061FC802346
:10ACB000DB010A480022190015F029FF094B1B7817
:10ACC00001225340DBB2002B02D0074B00221A7046
:10ACD00010F0F6FC8AE7C046920A002000040050FB
:10ACE00078250020213600202036002080B500AFD6
:10ACF000064B1B6806491800F5F72CFA03001A00EA
:10AD0000044B1A60C046BD4680BDC04624020020E8
:10AD1000102700007C25002080B588B000AF0023FC
:10AD2000FB610023BB6100237B611E4B1B68FA2281
:10AD300091001800F5F70EFA0300013B3B611A4B36
:10AD4000FB601A4BBB608023DB047B60FB681B68E5
:10AD50003A69D31AFB6111F03DFF0300BB61BB6888
:10AD60001B687A68134007D0BB690133BB61FB687D
:10AD70001B683A69D31AFB61BA6913009B009B18E0
:10AD80005B007B610A4B1B681900F869F5F7E2F973
:10AD900003001A007B699B187B617B691800BD4624
:10ADA00008B080BD2402002018E000E004ED00E0BF
:10ADB0007C250020F0B589B002AFB9607A60190037
:10ADC0000F23FB18021C1A700E203B180A1C1A7065
:10ADD00000237B6101007B181A78282308201B18A8
:10ADE000DB191B789A4207D17B181B781A00DD4BC0
:10ADF000022199546723B0E10E23FB181B78002B26
:10AE000006D0282308229B18DB191B78002B01D1C0
:10AE10006723A2E10F23FB181B78002B5BD12825A9
:10AE20000826AB19DB191B780D2B18D10E23FB1844
:10AE30001B7818000CF026FA0400AB19DB191B78FC
:10AE400018000CF01FFA0100BB689BB21A0020002A
:10AE5000FFF78AFC0300172B1BD117237DE10E237C
:10AE6000FB181B7818000CF00DFA040028230822A8
:10AE70009B18DB191B7818000CF004FA0300012260
:10AE800019002000FFF770FC0300172B01D11723D6
:10AE900063E17A6813005B019B1A9B009B18DB003F
:10AEA0001A00FA2399001000F5F754F9030019006D
:10AEB0000E243A19AC48AD4B00931300002212F057
:10AEC000CDFF03007B613B191B785A1EA84B9200F3
:10AED000B968D150C1E00F23FB181B78012B3DD17D
:10AEE000282308229B18DB191B7818000CF0CAF9DC
:10AEF00004000E23FB181B7818000CF0C3F90300A4
:10AF0000012219002000FFF72FFC0300172B01D1AD
:10AF1000172322E17A6813005B019B1A9B009B18A0
:10AF2000DB001A00FA2399001000F5F713F903006B
:10AF30001900282408256319DB198B488B4A0092D5
:10AF4000002212F08BFF03007B616319DB191B7871
:10AF50005A1E874B9200B968D1507EE00F23FB1830
:10AF60001B78022B77D10E23FB181B7818000CF0EE
:10AF700089F90400282308229B18DB191B78180084
:10AF80000CF080F90300012219002000FFF7ECFB10
:10AF90000300172B01D11723DFE07A6813005B0150
:10AFA0009B1A9B009B18DB001A00FA2399001000E3
:10AFB000F5F7D0F8030019000E257A196A486B4B93
:10AFC00000931300002212F049FF03007B617B19FC
:10AFD0001B785A1E664B9200B968D150282308226C
:10AFE0009B18DB191B7818000CF04CF904007B1936
:10AFF0001B7818000CF046F903000122190020000C
:10B00000FFF7B2FB0300172B01D11723A5E07A68E5
:10B0100013005B019B1A9B009B18DB001A00FA23AC
:10B0200099001000F5F796F8030019002824082568
:10B030006319DB194C484D4A0092002212F00EFFB2
:10B0400003007B616319DB191B785A1E484B920081
:10B05000B968D15001E067237FE00F22BB181B784D
:10B06000002B14D1BB181B789BB21B0299B228236A
:10B0700008229B18DB191B7818000E23FB181B787D
:10B080005A1E0B1899B23B4B5200D15244E00F228A
:10B09000BB181B78012B14D1BB181B789BB21B0269
:10B0A00099B20E23FB181B781800282308229B183E
:10B0B000DB191B785A1E0B1899B22E4B5200D15235
:10B0C0002AE00F243B191B78022B25D13B191B7852
:10B0D0009BB21B0299B228250823EA18D3191B78C2
:10B0E00018000E26BB191B785A1E0B1899B2214B5B
:10B0F0005200D1523B191B789BB21B0299B2BB196B
:10B100001B7818000823EB18DB191B785A1E0B1844
:10B1100099B2184B5200D1520F23FB181B781A0416
:10B12000282308215B18DB191B781B02D3180E2279
:10B13000BA1812789B181A000F4B1A607B69002B03
:10B140000AD011F039FD0200786901235B420093B7
:10B150000023012112F0D2FE00231800BD4607B0E3
:10B16000F0BDC046A00A0020D0EB02087DB1000867
:10B1700008250020682600207426002090B585B0A0
:10B1800000AF78600F203B1800221A700E243B1984
:10B1900000221A700D217B1800221A701E4B1B68AA
:10B1A0001A0C7B181A701C4B1B681A0A3B191A7070
:10B1B000194B1A683B181A707B181B78022B16D093
:10B1C00025DC002B02D0012B07D020E00F23FB1839
:10B1D0001B78180008F064FD1AE00E23FB181B789A
:10B1E000180008F05DFD0D4B01221A7010E00F23CE
:10B1F000FB181B78180008F053FD0E23FB181B7872
:10B20000180008F04DFD054B01221A7000E0C04601
:10B21000C046BD4605B090BD74260020C001002088
:10B22000F0B587B002AF0200FB1D1A700F23FB18A8
:10B2300000221A700E243B1900221A700D257B196A
:10B2400000221A70164B00221A70FB1D1B785A1E22
:10B25000791914481300DB009B1ADB001B5C0B7090
:10B26000114B1A7826003C197B191B781900100025
:10B27000FAF7B2F803002370FB1D1B789BB27A1912
:10B280001178BA191078009300230A00002100F009
:10B29000B9F90F23FB181B781800BD4605B0F0BDA7
:10B2A000F2090020A80A0020341D002080B586B0D5
:10B2B00002AF0200FB1D1A70BB1D0A1C1A700F237F
:10B2C000FB1800221A70134B00221A70124BFA1D41
:10B2D00012781A70FB1D1B78FF2B0AD1BB1D1B783F
:10B2E0009BB200930023FF220021002000F08AF986
:10B2F00009E0BB1D1B789BB200930023FE220021B6
:10B30000002000F07FF90F23FB181B781800BD46C2
:10B3100004B080BDF20900207800002080B582B022
:10B3200000AF0200FB1D1A70FB1D1B78062B34D8E2
:10B330009A001C4BD3181B689F461B4B18680023B0
:10B340000222002112F082FB28E0184B186800232B
:10B350000222002112F07AFB20E0154B186800232E
:10B360000222002112F072FB18E0124B1868002331
:10B370000222002112F06AFB10E00F4B1868002334
:10B380000222002112F062FB08E00C4B1868002337
:10B390000222002112F05AFB00E0C046C046BD4622
:10B3A00002B080BDDCEB020880250020842500204F
:10B3B000882500208C250020902500209425002041
:10B3C000B0B584B002AF05000C0010001900FB1DE1
:10B3D0002A1C1A70BB1D221C1A703B1D021C1A80ED
:10B3E000BB1C0A1C1A80184B01221A70174BBA1D7D
:10B3F00012781A70BB1D1B78FF2B0CD13B1D1A88CD
:10B40000FB1D1978BB1C1B8800931300FF22002032
:10B4100000F0F8F80BE03B1D1A88FB1D1978BB1CE7
:10B420001B8800931300FE22002000F0EBF8BB1CE9
:10B430001A88074B002118001CF0CDF800231800D3
:10B44000BD4602B0B0BDC046F20900207800002021
:10B45000F80B0020B0B586B002AF04000800110060
:10B46000FB1D221C1A703B1D021C1A80BB1C0A1CEF
:10B470001A800F23FB1800221A700E257B19002258
:10B480001A70FB1D1B78FF2B20D0194B1A787C19E2
:10B49000FB1D1B7819001000F9F79EFF03002370B5
:10B4A000134B19783B1D1C88FB1D1A787B191878E3
:10B4B000BB1C1B880093230000F0A4F8BB1C1A8857
:10B4C0000C4B002118001CF086F809E0084B187896
:10B4D000BB1C19883B1D1A880B00FF21FFF770FF6A
:10B4E0000F23FB181B781800BD4604B0B0BDC04642
:10B4F000341D0020F80B0020F0B587B000AF040029
:10B500000800BA6019000F257B19221C1A700C2341
:10B51000FB18021C1A80BB1D0A1C1A801623FB187C
:10B52000BA1D12881A801423FB1800221A801223D5
:10B53000FB1800221A8011217B1800221A70102398
:10B54000FB1800221A702C4B1A787C187B191B7878
:10B5500019001000F9F740FF0300237041E01223A7
:10B56000FA181623FB181B8899B22E2900D92E230E
:10B57000138014243B191B88BA68D11812257B1933
:10B580001A881E4B18001CF04EF91626BB19B91963
:10B5900028003A18098812888A1A1A803B19391922
:10B5A0003A18098812888A181A80BB191B88002B40
:10B5B00006D0134B1A78802149420A431A7004E0DE
:10B5C0000F4B1A787F210A401A701223FB181A8831
:10B5D0000C23FB1819880F23FB181B781800FFF7A2
:10B5E00039FF1623FB181B88002BB8D10023180045
:10B5F000BD4607B0F0BDC046341D0020F80B00204A
:10B60000541D0020B0B586B000AF05000C0010003E
:10B610001900FB1D2A1C1A70BB1D221C1A707B1DF1
:10B62000021C1A70BB1C0A1C1A801023FB18002273
:10B630001A700F23FB1800221A700E23FB18002229
:10B640001A701723FB1800221A701623FB18002209
:10B650001A701523FB1800221A70FB1D1B78002B93
:10B6600003D17B1D1B78002B17D0FB1D1B78002BF3
:10B6700007D17B1D1B78FF2B03D07B1D1B78FE2B76
:10B680000BD1FB1D1B78002B09D0BB1D1B78002B99
:10B6900005D07B1D1B78002B01D1672318E2002009
:10B6A00011F01CF90300BB600521002011F030F9F6
:10B6B000CA4B48221A70C94B5A225A70FB1D1B787C
:10B6C000002B0BD1BB1D1B78002B07D17B1D1B78DA
:10B6D000FF2B07D07B1D1B78FE2B03D0BB1C1B88C8
:10B6E000002B18D128203B181B885A1E16243B1902
:10B6F000BB498A5C1A703B181B885A1E1300DB007A
:10B700009B1ADB00B74A99183B191A78B64B1800F8
:10B710001CF089F829E1BB1D1B78002B03D1BB1D50
:10B72000B24A12781A70B24B1B7801221340DBB276
:10B73000002B05D01722BB18BA18127801321A70E4
:10B74000BB1C1B88FF2B04D9A94B1A7802210A4382
:10B750001A70A24B1622BA1812789A709F4B7A1D53
:10B760001278DA709D4BBA1D12781A71A04B1A78B4
:10B770009A4B5A7117203B181B780633BA1C128853
:10B78000D1B2964AD1549A4B1B7802221340DBB2B5
:10B79000002B0ED03B183A18127801321A70BB1CDD
:10B7A0001B881B0A9AB23B181B780633D1B28B4A0E
:10B7B000D15428243B191B882E2B1AD817257B1906
:10B7C0001B78DA1D854BD0188A4B1B881A008A4BD0
:10B7D000D1183B191B881A001CF025F83B191B884F
:10B7E000DAB27B191B78D318DAB21623FB180432AD
:10B7F0001A70824B1B78002B00D1B6E0804B1B786F
:10B80000FF2B52D01223FB1801221A8035E01220A0
:10B810003B181B885A1E7B4B5200D35A1A00784B98
:10B820001B781A4113000122134020D015217B18E8
:10B830007A18127801321A7028243B191A887B185A
:10B840001B78D3182C2B10DC1723FB181B78DA1D60
:10B850003B191B88D2187B181B78D318013B3A1868
:10B860001288D1B25D4AD15401E0692330E112213E
:10B870007B181A887B1801321A80634B1B781A00D8
:10B880001223FB181B889342C1D91723FB181B787E
:10B89000DA1D2823FB181B88D21815217B181B786A
:10B8A000D3184E4A79180978D154554B1B78FF2B81
:10B8B00016D128217B181B882C2B11D8534B1B78B1
:10B8C0000133DAB2514B1A701723FB181B78DA1DBB
:10B8D0007B181B88D3184D4A1178404AD1542EE06A
:10B8E000474B1B78FF2B01D16923F1E0444B1B78B8
:10B8F000FF2B1ED028217B181A8815203B181B7897
:10B90000D3182B2B15DC414B1B780133DAB23F4B9C
:10B910001A701723FB181B78DA1D7B181B88D218A6
:10B920003B181B78D3180133384A11782B4AD1546D
:10B9300005E0334B1B78FF2B01D06923C8E0304B67
:10B940001B78FF2B06D11622BB18BA1812780132C9
:10B950001A700AE01523FA1816217B1812781B7842
:10B96000D318DAB27B1802321A701C4B16257A19DA
:10B9700012789A707B191B7803331A001749244BED
:10B9800018001BF050FF7B191B789BB203339AB24F
:10B990007B191B78DC1C1E4B1100180008F01EFAE6
:10B9A00003001A000D4B1A55194B382200211800BC
:10B9B0001BF011FE7B1D1B78FF2B2BD07B1D1B78F2
:10B9C000FE2B27D07B191B789BB204339AB2034914
:10B9D000FB1D187832230BF0F5FB6AE0580A0020B3
:10B9E000980A0020A80A00205B0A0020341D0020CD
:10B9F000541D0020A6260020F80B0020F20900208C
:10BA000078000020CC1C00207C000020910A00203F
:10BA100030260020BB1C1B88002B07D1BB1D1B78C8
:10BA2000002B03D1BB1D2C4A12791A70BB1D1B7849
:10BA30001800F9F7F9FA1123FB1801221A7033E004
:10BA4000264B1B785A1E264B5200D35A1A0011203F
:10BA50003B181B78013B1A411300012213401AD0F6
:10BA600016243B191B789BB204339AB21A493B182F
:10BA7000187832230BF0A6FB1A4B1B78002B0AD048
:10BA80003B191B789BB204339AB21349FB1D1878FB
:10BA900032230BF097FB0A200AF0D2FE11217B180B
:10BAA0001A787B1801321A701123FB181B78062BA9
:10BAB000C6D9BB681900002010F02AFF0A4B1B787A
:10BAC000002B02D0084B02221A701023FB181B789F
:10BAD0001800BD4606B0B0BD580A0020341D002035
:10BAE00058180020F1090020551D0020F0B58BB03A
:10BAF00006AF05000C0010001900FB1D2A1C1A706F
:10BB0000BB1D221C1A707B1D021C1A703B1D0A1CD7
:10BB10001A700B243B1900221A700F23FB18002205
:10BB20001A700E23FB1800221A700D23FB18002236
:10BB30001A70B04B1B78BA1D12789A4248D0FB6A33
:10BB4000DAB2AD4B1A70FB6A1B0ADAB2AA4B5A7012
:10BB5000FB6A1B0CDAB2A84B9A70FB6A1B0EDAB2B6
:10BB6000A54BDA703B6BDAB2A34B1A713B6B1B0A25
:10BB7000DAB2A14B5A713B6B1B0CDAB29E4B9A7135
:10BB80003B6B1B0EDAB29C4BDA719B4A20230821D7
:10BB90005B18DB191B781372974BFA1D12785A72D7
:10BBA000954B3A1D12789A72934B7A1D1278DA727D
:10BBB0002C235B18DB191A788F4B1A73BB1D1B786B
:10BBC0000D221C211800FFF745FC3B191B780CE1E6
:10BBD0000C23FB1800221A70B6E03B1D1A78BB1D1F
:10BBE0001B7811001800F9F7F7FB0C217B181B7864
:10BBF000824AD35C002B00D1A0E07B181B78013374
:10BC00007E4AD35C002B10D07B181B787B4AD05C1B
:10BC10007B181B780133794AD35C0E22BC181900BB
:10BC2000F9F7DAFB030023700EE00C23FB181B78F6
:10BC3000724AD25C0E23FC18BB1D1B781900100041
:10BC4000F9F7CAFB030023703B1D1A78BB1D1B7854
:10BC500011001800F9F7C0FB0C23FB181B78674A8A
:10BC6000D35C3A1D12789A4205D10D23FB187A1D38
:10BC700012781A7010E00C217B181B785F4AD05C98
:10BC80007B181B78013B5D4AD35C0D22BC18190060
:10BC9000F9F7A2FB03002370FB6ADAB2564B1A7065
:10BCA000FB6A1B0ADAB2544B5A70FB6A1B0CDAB2FD
:10BCB000514B9A70FB6A1B0EDAB24F4BDA703B6B3A
:10BCC000DAB24D4B1A713B6B1B0ADAB24A4B5A710E
:10BCD0003B6B1B0CDAB2484B9A713B6B1B0EDAB212
:10BCE000454BDA71444A202308215B18DB191B7885
:10BCF0001372414B0E22BA1812785A723E4B0D2223
:10BD0000BA1812789A722C235B18DB191A783A4BFE
:10BD1000DA723B1D1A78BB1D1B7811001800F9F769
:10BD20005BFB0C23FB181B78344AD35C0C221B21D1
:10BD30001800FFF78FFB0A200FF0D0F80C217B18BA
:10BD40001A787B1801321A700C23FB181B78192BF8
:10BD500000D842E7FB1D1B780D2B43D0BA1D3B1DBD
:10BD600012781B789A4205D10F23FB187A1D12789E
:10BD70001A700BE00F23FC183B1D1A78BB1D1B78B3
:10BD800011001800F9F728FB03002370FB1D1C7835
:10BD90003A6BF96A202508202B18DB1918780F2632
:10BDA000BB191B7800932300FFF704F82C2308200D
:10BDB0001B18DB191B78002B14D0FB1D1C783A6B69
:10BDC000F96A2B18DB1918780023049300230393D6
:10BDD0000023029300230193BB191B7800932300D7
:10BDE000F8F7ECF80B23FB181B781800BD4605B0DC
:10BDF000F0BDC046341D0020F80B00208C2600202A
:10BE000080B500AFBFF34F8FC046044B044ADA60E1
:10BE1000BFF34F8FC046C046FDE7C04600ED00E0CF
:10BE20000400FA05F0B58DB000AF78602F23FB1841
:10BE300000221A701423FB1800221A6000229A8034
:10BE40000C23FB1800221A6000229A802223FB1880
:10BE500000221A7001235B421900012011F0B4FD89
:10BE6000D54B00221A7000F0A8FD2123FB18D24AFE
:10BE700012781A70D04B1B781A00D04B9200D3580E
:10BE80001B68DBB2CC4A1278110040225242D31A0E
:10BE9000DAB2CB4B5A54C84B1B781A00C84B9A5C89
:10BEA000C54B1B781900C74B5B5C9A4200D125E259
:10BEB000C14B1A7820243B1901321A703B191B78A8
:10BEC0005A1EBD4B1B781900BE4B5B5C1800BE4967
:10BED00013005B009B189B01CB181B5C0D2B4BD1F7
:10BEE0003B191B78B94AD35C002B45D10023BB62B8
:10BEF0000DE0B64ABB6AD3181B78032B04D1B34AB2
:10BF0000BB6AD31800221A70BB6A0133BB62BB6ADA
:10BF1000062BEEDD20203B181B78AC4A0321D154C0
:10BF2000AB4B3A1812781A70AA4B3A1812781A705A
:10BF30003B181B785A1EA04B1B781900A14B5B5C69
:10BF40001800A14913005B009B189B01CB181A5CD9
:10BF5000A14B1A70A14B186800230222002111F096
:10BF600075FD9F4B1B78012B02D19E4B01221A704D
:10BF70009B4B01221A70ABE120217B181B78934A5E
:10BF8000D35C032B15D17B181B785A1E8A4B1B7868
:10BF900019008C4B5B5C18008B4913005B009B18ED
:10BFA0009B01CB181A5C8C4B1A708E4B01221A70B5
:10BFB0008EE120243B191B785A1E7F4B1B781900F9
:10BFC000804B5B5C1800804913005B009B189B0151
:10BFD000CB181B5C482B0BD13B191B787B4AD35CDD
:10BFE000002B05D13B191B78784A0721D1546FE10A
:10BFF00020243B191B785A1E6F4B1B781900714B7C
:10C000005B5C1800704913005B009B189B01CB1808
:10C010001B5C5A2B0BD13B191B786C4AD35C072B4A
:10C0200005D13B191B78694A0821D15450E12024DD
:10C030003B191B785A1E604B1B781900614B5B5CE7
:10C040001800614913005B009B189B01CB181B5C17
:10C050005A2B0BD03B191B785C4AD35C072B05D1BC
:10C060003B191B78594A0021D15431E12026BB19D4
:10C070001B78564AD35C082B4CD1BB191B78534A0A
:10C080000121D154BB191B785A1E4B4B1B78190048
:10C090004C4B5B5C1D0021243B1919783B191B7824
:10C0A0005148C35C1C00484813005B009B189B016F
:10C0B000C3185D5D4D482300DB001B1BDB000A003D
:10C0C00092005218D100891ACA0011005B18C318D7
:10C0D00002332A1C1A7021243B191B780C22BA182F
:10C0E0000321D154BB191B785A1E334B1B781900FE
:10C0F000344B5B5C1800344913005B009B189B01B8
:10C10000CB181A5C3B191B780132D1B21422BA1831
:10C11000D154DDE020217B181B782C4AD35C012B05
:10C1200000D0D5E021203B181B781422BA18D35C2C
:10C13000012B5DD97B181B785A1E1F4B1B781900E9
:10C14000204B5B5C1E003B18197805003B181B78E0
:10C150002548C35C1C007B191B780C257819C35C2F
:10C160001D00194813005B009B189B01C3189E5DBE
:10C170001E482300DB001B1BDB000A009200521844
:10C18000D100891ACA0011005B18C318321C5A5515
:10C1900021203B181B780C243A19D25C0132D1B211
:10C1A0003A19D1543B181B7814203A18D25C013A42
:10C1B000D1B23A18D1548BE0F32D0020041900209D
:10C1C000EC2D0020E42D002058200020A00A0020A3
:10C1D000900A0020591D0020F22D0020A4250020E7
:10C1E00038270020960A0020442700204C270020F2
:10C1F0002023FB181B785A1EE04B1B781900E04BDC
:10C200005B5C1E0021257B1919787B191B78DD48A2
:10C21000C35C1C007B191B780C203818C35C1D0004
:10C22000D94813005B009B189B01C3189E5DD7483B
:10C230002300DB001B1BDB000A0092005218D10018
:10C24000891ACA0011005B18C318321C5A552120E4
:10C250003B181B780C243A19D25C0132D1B23A193E
:10C26000D1543B181B7814243A19D25C013AD1B24C
:10C270003A19D1543B181B78C24AD25C0132D1B270
:10C28000C04AD1543B181B78BE4AD35C052B04D15D
:10C290003B181B78BB4A0021D154BD4B1B781900B9
:10C2A000BC4B2022BA1812785A54B94B1B78013370
:10C2B000DAB2B74B1A70B64B1B78052B02D1B44BD0
:10C2C00000221A702023FB181B78B34A0021D15496
:10C2D000AA4B1B78AA4AD25C0132D1B2A84AD154E7
:10C2E000A64B1B781A00A64B9B5CC02B18D1A34B06
:10C2F0001B781A00A24B0021995411E09F4B1B7828
:10C300001A00A64B9A5C9D4B1B7819009C4B5B5CFA
:10C310009A4205D1994B1B780133DAB2974B1A70C8
:10C320009B4B1A789E4B1B789A4200D145E39C4B5D
:10C330001B78190020203B18964A525C1A70212560
:10C340007B193A181278013A1A707B1919787B19FF
:10C350001B78944AD35C1A008C481300DB009B1AAC
:10C36000DB000A0092005218D100891ACA0011009D
:10C370005B1848221A547B1919787B191B78894A53
:10C38000D35C1A0081481300DB009B1ADB000A0013
:10C3900092005218D100891ACA0011005B18C31804
:10C3A00001335A221A707B1919787B191B787D4A40
:10C3B000D35C1A001F243819744C1300DB009B1A3D
:10C3C000DB000A0092005218D100891ACA0011003D
:10C3D0005B18E31802331B7803707B1919787B19FB
:10C3E0001B78704AD35C1A001E26B819674C1300DC
:10C3F000DB009B1ADB000A0092005218D100891A58
:10C40000CA0011005B18E31803331B780370664BF6
:10C410001B78BA1912789A4263D0BB191B78002B8B
:10C420005FD0BB191B78FF2B5BD0BB191B78FE2B91
:10C4300057D07B191B785D4A1F2439190978D154CC
:10C440007B191A781300DB009B1ADB00584A9818F6
:10C450007B1919787B191B78524AD35C1A00130098
:10C46000DB009B1ADB000A0092005218D100891AE7
:10C47000CA0011005B18DA1C444BD1183B191B7819
:10C480001A001BF0D0F920203B181B785A1E48498F
:10C490001300DB009B1ADB00CB1802331B789B08D0
:10C4A000DBB21A1C01231340DAB2424B01210A40CD
:10C4B00090001A7804218A43111C021C0A431A7046
:10C4C0003C4B1B7804221340DBB2002B02D03A4BCA
:10C4D00003221A702023FB181B781800FEF7A0FE19
:10C4E0004AE221243B1919783B191B782D4AD35C69
:10C4F0001A0026481300DB009B1ADB000A0092009A
:10C500005218D100891ACA0011005B181A5C2B4B13
:10C510001A703B1919783B191B78224AD35C1A0010
:10C520001A481300DB009B1ADB000A009200521825
:10C53000D100891ACA0011005B18C31801331A7898
:10C540001E4B5A703B1919783B191B78154AD35C5E
:10C550001A000E481300DB009B1ADB000A00920051
:10C560005218D100891ACA0011005B18C31802338F
:10C570001A78124B9A7000237B6241E0F32D002061
:10C58000E42D002044270020582000204C270020C4
:10C59000E22D0020DC2D0020A00A0020EC2D002040
:10C5A000E12D00203C270020341D0020980A0020A7
:10C5B000A80A0020541D0020920A00200027002015
:10C5C0002122BB181978BB181B78DE4AD35C1A00ED
:10C5D0007B6ADC1C7B6AD81CDB4D1300DB009B1ADA
:10C5E000DB000A0092005218D100891ACA0011001B
:10C5F0005B18EB181A5DD54B1A547B6A01337B62CA
:10C600001F26BB191B787A6A9A42D9DBBB191B78A3
:10C610009BB203339AB21D23FC18CC4B11001800B7
:10C6200007F0DCFB03002370C94B1B8801339AB26F
:10C63000C74B1A8021257B1919787B191B78C14AB1
:10C64000D35C1A00BB191B78D81CBF4C1300DB004D
:10C650009B1ADB000A0092005218D100891ACA0006
:10C6600011005B18E3181B5C1D22BA1812789A425D
:10C6700000D07BE1B74B1B8801339AB2B54B1A80CF
:10C680007B191B78B44A3400B9190978D1547B1945
:10C690001A781300DB009B1ADB00B04A98187B194C
:10C6A00019787B191B78A74AD35C1A001300DB00AA
:10C6B0009B1ADB000A0092005218D100891ACA00A6
:10C6C00011005B18DA1CA04BD1183B191B781A001B
:10C6D0001BF0A9F82F23FB1800221A701E22BB188A
:10C6E0001B78FF2B04D0BB181B78FE2B00D01CE15D
:10C6F0001E23FB181B78FF2B42D120243B191B78EB
:10C700005A1E3B191B78013B9349CB5C591E934839
:10C710001300DB009B1ADB00C3185A5C904B1B789C
:10C72000DBB29A422CD03B191B785A1E3B191B785E
:10C73000013B8949CB5C591E88481300DB009B1ADA
:10C74000DB00C3185A5C864B111C1970854B1A709C
:10C750003B191B781900FF20FEF7A8FD3B191B7839
:10C760005A1E3B191B78013B7B49CB5C591E7B4809
:10C770001300DB009B1ADB00C31800225A541EE092
:10C780001E23FB181B78FF2B19D120217B181B7847
:10C790005A1E7B181B78013B6F49CB5C591E6F48B2
:10C7A0001300DB009B1ADB00C3185A5C6C4B1B7830
:10C7B000DBB29A4203D12F23FB1803221A701E23E7
:10C7C000FB181B78FE2B00D090E020243B191B782F
:10C7D0005A1E3B191B78013B5F49CB5C591E5F48D1
:10C7E0001300DB009B1ADB00C3185A5C5C4B1B7800
:10C7F000DBB29A4200D179E03B191B785A1E3B19F3
:10C800001B78013B5449CB5C591E54481300DB0094
:10C810009B1ADB00C3185A5C514B111C1970514B09
:10C820001A703B191B781900FE20FEF73FFD3B19DB
:10C830001B785A1E3B191B78013B4749CB5C591E9C
:10C8400046481300DB009B1ADB00C31800225A5431
:10C850003B191B785A1E3B191B78013B3E49CB5CA8
:10C86000981E2223F9183D4C1300DB009B1ADB00B5
:10C87000E3181B5C0B702F23FB1866221A7023230E
:10C88000FB1800221A7028E020217B181B785A1E02
:10C890007B181B78013B3049CB5C991E2223FB1887
:10C8A0001B78C91A2323FB181B78C9182B481300BF
:10C8B000DB009B1ADB00C3185A5C2B4B1B789A4297
:10C8C00005D12F23FB1800221A70C0462DE023212A
:10C8D0007B181A787B1801321A702323FA18222346
:10C8E000FB1812781B789A42CED31EE01E23FB1849
:10C8F0001B78FE2B19D120217B181B785A1E7B1820
:10C900001B78013B1449CB5C591E14481300DB0013
:10C910009B1ADB00C3185A5C114B1B78DBB29A429E
:10C9200003D12F23FB1803221A702F23FB181B7827
:10C93000002B21D12023FB181B781800FEF7EEFCFA
:10C940001AE0C0463C2700204C270020002700208A
:10C95000F82D0020F42D0020980A0020A80A0020BD
:10C96000E32D0020910A0020341D0020174B1B8866
:10C9700001339AB2154B1A8021203B181B78144AB8
:10C98000D25C0132D1B2124AD1543B181B78104A02
:10C99000D35C052B04D13B181B780D4A0021D154E0
:10C9A0000C4B1B780133DAB20A4B1A70094B1B7817
:10C9B000052B02D1074B00221A70074B1B78052B61
:10C9C00001D8FFF752FAFFF745FAC046F62D0020CE
:10C9D0003C270020E12D0020F32D0020B0B586B0CB
:10C9E00000AF78601723FB1800221A701123FB1880
:10C9F00000221A707A681023FB181A701723FB188C
:10CA000000221A7001235B421900012010F0DCFFA4
:10CA100010243B191B78013BE34AD35C002B00D167
:10CA200026E33B191B785A1E0F23F918DF48130021
:10CA3000DB009B1ADB001B5C0B703B191B785A1E3A
:10CA40001623F918D9481300DB009B1ADB00C31822
:10CA500001331B780B7015257B1900221A703B19C6
:10CA60001B785A1ED249D1481300DB009B1ADB0009
:10CA7000C31802331B780B70CD4B1B780122134077
:10CA8000DBB2002B08D01123FB1801221A707B198E
:10CA90007A19127801321A70C54B1B7802221340A2
:10CAA000DBB2002B29D010257B191B785A1E1524C8
:10CAB0003B191B78191DBD481300DB009B1ADB00D6
:10CAC000C3185B5C1B0299B27B191B785A1E2500A8
:10CAD0003B191B78D81CB54C1300DB009B1ADB00FC
:10CAE000E3181B5C1A001223FB188A181A807B19A2
:10CAF0007A19127801321A7011E01023FB181B7892
:10CB00005A1E1523FB181B78D91CA8481300DB00FC
:10CB10009B1ADB00C3185A5C1223FB181A80A44B23
:10CB20001B7808221340DBB2002B0CD0A04B1A78E4
:10CB300008218A431A701623FB181B7800222C2127
:10CB40001800FEF787FC1522BB18BA1812780432B9
:10CB50001A701723FB181B78002B00D088E21223D1
:10CB6000FB181B88312B0ADC002B00DA6BE2312B1F
:10CB700000D968E29A008F4BD3181B689F468E4AF3
:10CB800093425CD05FE21723FC181523FB181A7838
:10CB90001023FB1819781623FB181B78180000F0D7
:10CBA000CFFA0300237063E21723FC181523FB1848
:10CBB0001A781023FB1819781623FB181B78180015
:10CBC00000F0F8FA0300237052E28023DB017B4877
:10CBD0000122190013F09BFF4AE28023DB01774812
:10CBE0000022190013F093FF42E28023DB01734A15
:10CBF0001900100013F0A8FF3AE21723FC181523C0
:10CC0000FB181A781023FB1819781623FB181B78C9
:10CC1000180000F039FB0300237029E21723FC18E9
:10CC20001523FB181A781023FB1819781623FB1804
:10CC30001B78180000F0B0FB0300237018E21723E4
:10CC4000FC181523FB181A781023FB1819781623E3
:10CC5000FB181B78180000F003FC0300237007E2A8
:10CC60001723FC181523FB181A781023FB181978C2
:10CC70001623FB181B78180000F0E6FD0300237054
:10CC8000F6E11723FC181523FB181A781023FB185C
:10CC900019781623FB181B78180000F047FE0300D4
:10CCA0002370E5E11723FC181523FB181A781023CD
:10CCB000FB1819781623FB181B78180000F0B4FE37
:10CCC00003002370D4E11723FC181523FB181A78EE
:10CCD0001023FB1819781623FB181B78180000F096
:10CCE00009FF03002370C3E11723FC181523FB1869
:10CCF0001A781023FB1819781623FB181B781800D4
:10CD000000F06EFF03002370B2E11723FC18162316
:10CD1000FB181B7818000AF0C3FB03002370A7E17F
:10CD20001723FC181523FB181A781023FB18197801
:10CD30001623FB181B78180000F0E8FF030023708F
:10CD400096E11723FC181523FB181A781023FB18FB
:10CD500019781623FB181B78180001F03FF8030020
:10CD6000237085E11723FC181523FB181A7810236C
:10CD7000FB1819781623FB181B78180001F0F6F839
:10CD80000300237074E11723FC181523FB181A788D
:10CD90001023FB1819781623FB181B78180001F0D4
:10CDA0000BF90300237063E1980A0020A80A002011
:10CDB000541D002000EC0208B205000000040050E1
:10CDC0001723FC181523FB181A781023FB18197861
:10CDD0001623FB181B78180001F016F903002370C6
:10CDE00046E11723FC181523FB181A781023FB18AB
:10CDF00019781623FB181B78180001F0D9F90300E5
:10CE0000237035E11723FC181523FB181A7810231B
:10CE1000FB1819781623FB181B78180001F052FA3A
:10CE20000300237024E11723FC181523FB181A783C
:10CE30001023FB1819781623FB181B78180001F033
:10CE400065FA0300237013E11723FC181523FB1860
:10CE50001A781023FB1819781623FB181B78180072
:10CE600001F09EFA0300237002E11723FC1815233A
:10CE7000FB181A781023FB1819781623FB181B7857
:10CE8000180001F02FFD03002370F1E01723FC18B8
:10CE90001523FB181A781023FB1819781623FB1892
:10CEA0001B78180001F0C4FD03002370E0E0172395
:10CEB000FC181523FB181A781023FB181978162371
:10CEC000FB181B78180002F00DF803002370CFE068
:10CED0001723FC181523FB181A781023FB18197850
:10CEE0001623FB181B78180002F0AAF90300237020
:10CEF000BEE01723FC181523FB181A781023FB1823
:10CF000019781623FB181B78180002F04FFE030057
:10CF10002370ADE01723FC181523FB181A78102393
:10CF2000FB1819781623FB181B78180002F06AFE0C
:10CF3000030023709CE01723FC181523FB181A78B4
:10CF40001023FB1819781623FB181B78180002F021
:10CF5000ADFE030023708BE01723FC181523FB188C
:10CF60001A781023FB1819781623FB181B78180061
:10CF700002F002FF030023707AE01723FC18152348
:10CF8000FB181A781023FB1819781623FB181B7846
:10CF9000180002F015FF0300237069E01723FC1846
:10CFA0001523FB181A781023FB1819781623FB1881
:10CFB0001B78180002F022FF0300237058E01723AB
:10CFC000FC181523FB181A781023FB181978162360
:10CFD000FB181B78180002F02FFF0300237047E0B6
:10CFE0001723FC181523FB181A781023FB1819783F
:10CFF0001623FB181B78180003F0FEF903002370BA
:10D0000036E01723FC181523FB181A781023FB1899
:10D0100019781623FB181B78180003F027FA030071
:10D02000237025E01723FC181523FB181A7810230A
:10D03000FB1819781623FB181B78180003F050FA18
:10D040000300237014E01723FC181523FB181D7828
:10D050001223FB181A881023FB1819781623FB18C3
:10D0600018782B0003F0AEFA0300237000E0C046EE
:10D0700017243B191B78012B0AD11623FB181B78A8
:10D08000002200211800FEF7E5F93B1900221A7072
:10D0900010217B181B785A1E1300DB009B1ADB0043
:10D0A000154A98180C007B181B78013B134AD35C77
:10D0B0001A0000211AF08FFA3B191B78013B0F4A26
:10D0C0000021D1543B191B780D4AD35C022B10D0A0
:10D0D0003B191B780A4AD35C032B0AD03B191B78F7
:10D0E000074AD35C042B04D03B191B78044A002167
:10D0F000D1540EF0E5FA81E4A80A0020980A002035
:10D10000A00A0020B0B584B000AF05000C001000EC
:10D110001900BB1D2A1C1A807B1D221C1A703B1D86
:10D12000021C1A70FB1C0A1C1A700F217B180122AA
:10D130001A707B181B781800BD4604B0B0BD000003
:10D1400090B585B000AF040008001100FB1D221C43
:10D150001A70BB1D021C1A707B1D0A1C1A700F234B
:10D16000FB1800221A70114B01221A70104B1B7809
:10D1700060221340DBB2602B06D00D4B1B7860227F
:10D180001340DBB2202B0AD10F23FC18FB1D1B78A8
:10D19000002202211800FEF75DF9030023700F231F
:10D1A000FB181B781800BD4605B090BD920A002000
:10D1B000541D002090B587B002AF04000800110094
:10D1C000FB1D221C1A70BB1D021C1A707B1D0A1C41
:10D1D0001A700F23FB1800221A70244B1B78002BA7
:10D1E0003AD1234B1B781900224A0B009B005B1895
:10D1F0005B009B5C002B07D1FB1D1A781E491F4B5F
:10D2000018001AF069F90EE0FB1D1C78FB1D1A7856
:10D2100013009B009B185B00164A9B18184917487F
:10D2200022001AF059F9114B1C78144B1800F2F730
:10D2300075FF03009AB2114901235B420093322328
:10D24000200009F069FF031E06D00F217B18FF2282
:10D250001A707B181B7805E00A4B00221A700F2306
:10D26000FB181B781800BD4605B090BD900A002041
:10D27000341D0020A01B0020C8EC0208B0260020AE
:10D28000DCEC0208551D0020B0B586B002AF0400EA
:10D2900008001100FB1D221C1A70BB1D021C1A7015
:10D2A0007B1D0A1C1A700F257B1900221A70FB1DAA
:10D2B0001B789BB21B0299B2BB1D1B785A1E7B1DAB
:10D2C0001B78981C2F4C1300DB009B1ADB00E31823
:10D2D0001B5C1800BB1D1B785A1E0B1899B22A4BF9
:10D2E0009200D152BB1D1B785A1E7B1D1978254810
:10D2F0001300DB009B1ADB00C3185B5C1B0299B2B6
:10D30000BB1D1B785A1E7B1D1B78581C1D4C13001F
:10D31000DB009B1ADB00E3181B5C1A00BB1D1B78AB
:10D32000013B8A1891B2184A9B00D31802330A1C99
:10D330001A80164B02221A70154B1B881B0A9BB2CF
:10D34000DAB2144B1A70124B1B88DAB2114B5A70B6
:10D35000104BBA1D12789A7002200DF0BFFD7C1997
:10D36000BB1D1878032300930B2300220021FEF736
:10D3700049F9030023707B191B781800BD4604B0DF
:10D38000B0BDC046A80A002028180020920A00203C
:10D390007A000020F80B0020B0B584B000AF040084
:10D3A00008001100FB1D221C1A70BB1D021C1A7004
:10D3B0007B1D0A1C1A700F257B1900221A70FB1D99
:10D3C0001B789BB21B0299B2BB1D1B785A1E7B1D9A
:10D3D0001B78981C1F4C1300DB009B1ADB00E31822
:10D3E0001B5C1800BB1D1B785A1E0B1899B21A4BF8
:10D3F0009200D152BB1D1B785A1E7B1D197815480F
:10D400001300DB009B1ADB00C3185B5C1B0299B2A4
:10D41000BB1D1B785A1E7B1D1B78581C0D4C13001E
:10D42000DB009B1ADB00E3181B5C1A00BB1D1B789A
:10D43000013B8A1891B2084A9B00D31802330A1C98
:10D440001A80064B00221A707B191B781800BD4603
:10D4500004B0B0BDA80A002028180020551D0020E7
:10D4600090B585B000AF040008001100FB1D221C20
:10D470001A70BB1D021C1A707B1D0A1C1A700F2427
:10D480003B1900221A70BB1D1B785A1E7B1D197890
:10D49000EB481300DB009B1ADB00C3185A5CE94B16
:10D4A0001A70BB1D1B785A1E7B1D1B78591CE44843
:10D4B0001300DB009B1ADB00C3185A5CE14B5A7067
:10D4C000BB1D1B785A1E7B1D1B78991CDC48130062
:10D4D000DB009B1ADB00C3185A5CDA4B9A70BB1D49
:10D4E0001B785A1E7B1D1B78D91CD5481300DB0006
:10D4F0009B1ADB00C3185A5CD24BDA70BB1D1B7839
:10D500005A1E7B1D1B78191DCD481300DB009B1A8A
:10D51000DB00C3185A5CCB4B1A71BB1D1B785A1E1B
:10D520007B1D1B78591DC6481300DB009B1ADB00CE
:10D53000C3185A5CC34B5A71BB1D1B785A1E7B1D06
:10D540001B78991DBE481300DB009B1ADB00C31833
:10D550005A5CBC4B9A71BB1D1B785A1E7B1D1B78F5
:10D56000D91DB7481300DB009B1ADB00C3185A5CB7
:10D57000B44BDA71BB1D1B785A1E7B1D1B78083318
:10D580001900AF481300DB009B1ADB00C3185A5C7C
:10D59000AC4B1A72BB1D1B785A1E7B1D1B780933BE
:10D5A0001900A7481300DB009B1ADB00C3185A5C64
:10D5B000A44B5A72BB1D1B785A1E7B1D1B780A3365
:10D5C00019009F481300DB009B1ADB00C3185A5C4C
:10D5D0009C4B9A72BB1D1B785A1E7B1D1B780B330C
:10D5E000190097481300DB009B1ADB00C3185A5C34
:10D5F000944BDA72BB1D1B785A1E7B1D1B780C33B3
:10D6000019008F481300DB009B1ADB00C3185A5C1B
:10D610008C4B1A73BB1D1B785A1E7B1D1B780D3358
:10D62000190087481300DB009B1ADB00C3185A5C03
:10D63000844B5A73BB1D1B785A1E7B1D1B780E33FF
:10D6400019007F481300DB009B1ADB00C3185A5CEB
:10D650007C4B9A73BB1D1B785A1E7B1D1B780F33A6
:10D66000190077481300DB009B1ADB00C3185A5CD3
:10D67000744BDA73BB1D1B785A1E7B1D1B7810334D
:10D6800019006F481300DB009B1ADB00C3185A5CBB
:10D690006C4B1A74BB1D1B785A1E7B1D1B781133F3
:10D6A000190067481300DB009B1ADB00C3185A5CA3
:10D6B000644B5A74BB1D1B785A1E7B1D1B7812339A
:10D6C00019005F481300DB009B1ADB00C3185A5C8B
:10D6D0005C4B9A74BB1D1B785A1E7B1D1B78133341
:10D6E000190057481300DB009B1ADB00C3185A5C73
:10D6F000544BDA74BB1D1B785A1E7B1D1B781433E8
:10D7000019004F481300DB009B1ADB00C3185A5C5A
:10D710004C4B1A75BB1D1B785A1E7B1D1B7815338D
:10D72000190047481300DB009B1ADB00C3185A5C42
:10D73000444B5A75BB1D1B785A1E7B1D1B78163334
:10D7400019003F481300DB009B1ADB00C3185A5C2A
:10D750003C4B9A75BB1D1B785A1E7B1D1B781733DB
:10D76000190037481300DB009B1ADB00C3185A5C12
:10D77000344BDA75BB1D1B785A1E7B1D1B78183382
:10D7800019002F481300DB009B1ADB00C3185A5CFA
:10D790002C4B1A76BB1D1B785A1E7B1D1B78193328
:10D7A000190027481300DB009B1ADB00C3185A5CE2
:10D7B000244B5A76BB1D1B785A1E7B1D1B781A33CF
:10D7C00019001F481300DB009B1ADB00C3185A5CCA
:10D7D0001C4B9A76BB1D1B785A1E7B1D1B781B3376
:10D7E000190017481300DB009B1ADB00C3185A5CB2
:10D7F000144BDA76BB1D1B785A1E7B1D1B781C331D
:10D8000019000F481300DB009B1ADB00C3185A5C99
:10D810000C4B1A77BB1D1B785A1E7B1D1B781D33C2
:10D82000190007481300DB009B1ADB00C3185A5C81
:10D83000044B5A773B191B781800BD4605B090BDC4
:10D84000A80A0020102E0020B0B584B000AF04005C
:10D8500008001100FB1D221C1A70BB1D021C1A704F
:10D860007B1D0A1C1A700D23FB1800221A700F234F
:10D87000FB1800221A70BB1D1B781800F7F78CFBF1
:10D88000274B02221A7032200DF028FB0E23FB18C2
:10D8900001221A702AE00E217B181B785A1E214B98
:10D8A0009200D35A002B1BD00F243B191B781E4A21
:10D8B0000D0079180978D1543B191B785A1C1A4B62
:10D8C000D0187B191B78013B9A00164BD318042201
:10D8D000190019F0A8FF3B193A19127805321A708D
:10D8E0000E217B181A787B1801321A700E23FB1850
:10D8F0001B78062BCFD90F23FB181B789AB20D2566
:10D900007C19FB1D1B780D211800FDF7A3FD0300FA
:10D9100023707B191B781800BD4604B0B0BDC0460B
:10D92000920A002028180020F80B0020B0B584B01F
:10D9300000AF040008001100FB1D221C1A70BB1D63
:10D94000021C1A707B1D0A1C1A700E23FB18002281
:10D950001A700D203B1800221A70BB1D1B78013B6A
:10D960002D4AD15C0C257B197A1D12788A1A1A70FF
:10D970003C187B191B7805211800F2F7EBFB03001C
:10D9800023700F23FB1800221A7033E0BB1D1B7895
:10D990005A1E7B1D18780F257B1919780B009B00E8
:10D9A0005B18C1181D481300DB009B1ADB00C3186D
:10D9B0005B5C013B9A001A4BD418BB1D1B785A1EA6
:10D9C0007B1D1B78581C7B1919780B009B005B187A
:10D9D000C1181300DB009B1ADB005A180F4BD31839
:10D9E00004221900200019F01EFF7B191A787B19F8
:10D9F00001321A700F23FA180D23FB1812781B78C6
:10DA00009A42C3D3074B00221A700E23FB181B78CF
:10DA10001800BD4604B0B0BD980A0020A80A002036
:10DA200040180020551D0020B0B584B000AF0400A0
:10DA300008001100FB1D221C1A70BB1D021C1A706D
:10DA40007B1D0A1C1A700E23FB1800221A700F236C
:10DA5000FB1801221A7026E00F257A19BB1D1278D7
:10DA60001B789A4219D07B191B78180009F00AFC20
:10DA70000400BB1D1B785A1E7B1D19787B191B786F
:10DA8000CB18591E1A481300DB009B1ADB00C31881
:10DA90005B5C1900200009F023FC0F217B181A7829
:10DAA0007B1801321A700F23FB181B78062BD3D971
:10DAB000BB1D1B78180009F0E5FB0400BB1D1B789B
:10DAC0005A1E7B1D1B780A33190009481300DB001E
:10DAD0009B1ADB00C3185B5C1900200009F000FCF6
:10DAE0000E23FB181B781800BD4604B0B0BDC0461D
:10DAF000A80A002090B587B002AF0400080011000A
:10DB0000FB1D221C1A70BB1D021C1A707B1D0A1CF7
:10DB10001A700F23FB1800221A70BB1D1B785A1EA7
:10DB20007B1D19782B481300DB009B1ADB00C31800
:10DB30005B5C002B0FD1BB1D1B785A1E7B1D1B7815
:10DB4000591C24481300DB009B1ADB00C3185A5CE5
:10DB5000214B1A7037E0BB1D1B785A1E7B1D1978AC
:10DB60001C481300DB009B1ADB00C3185B5C012B15
:10DB700029D11A4B00221A70BB1D1B785A1E7B1D1F
:10DB80001B78591C13481300DB009B1ADB00C318D9
:10DB90005A5C124B5A70BB1D1B785A1E7B1D1B789A
:10DBA000991C0C481300DB009B1ADB00C318585C5F
:10DBB0000F23FC1803230093102300220021FDF7FC
:10DBC00021FD030023700F23FB181B781800BD46AE
:10DBD00005B090BDA80A0020341D0020F80B0020DD
:10DBE00090B585B000AF040008001100FB1D221C99
:10DBF0001A70BB1D021C1A707B1D0A1C1A700F23A1
:10DC0000FB1800221A70BB1D1B78013B374AD15C00
:10DC10000E243B197A1D12788A1A1A70344B1B781D
:10DC20007F229343DBB2002B1FD0324B1B881A009C
:10DC3000314BD018BB1D1B785A1E7B1D1978130061
:10DC4000DB009B1ADB005A182C4BD1183B191B78B0
:10DC50001A0019F0E8FD3B191B789AB2254B1B8876
:10DC6000D3189AB2234B1A8038E0224B1B881A0033
:10DC7000214BD018BB1D1B785A1E7B1D1978130031
:10DC8000DB009B1ADB005A181C4BD1180E243B19E1
:10DC90001B781A0019F0C7FD3B191B789AB2154B77
:10DCA0001B88D3189AB2134B1A80124B1B8816216B
:10DCB0001800F2F74FFA03009BB2DAB2104B1A7059
:10DCC0000C4B1B881A000C490E4B180019F0ABFDC9
:10DCD000084B00221A800C4B02221A700F23FB18EB
:10DCE0001B781800BD4605B090BDC046980A0020BC
:10DCF000541D0020762F0020582E0020A80A002056
:10DD00007C0000202C190020920A0020B0B584B0BD
:10DD100000AF040008001100FB1D221C1A70BB1D7F
:10DD2000021C1A707B1D0A1C1A700E23FB1800229D
:10DD30001A70BB1D1B78013B244AD15C0D23FB18D4
:10DD40007A1D12788A1A1A700F23FB1800221A7093
:10DD50002AE0FB1D1B785A1E1D4B5200D35A19B2E4
:10DD6000BB1D1B785A1E7B1D18780F257B191B784D
:10DD7000C018184C1300DB009B1ADB00E3181B5C77
:10DD8000013B802212021A4113001BB20B4319B24D
:10DD9000FB1D1B785A1E89B20D4B5200D1527B19C4
:10DDA0001A787B1901321A700F23FA180D23FB1809
:10DDB00012781B789A42CCD3074B00221A700E239C
:10DDC000FB181B781800BD4604B0B0BD980A0020AF
:10DDD000001D0020A80A0020551D0020B0B586B007
:10DDE00000AF040008001100FB1D221C1A70BB1DAF
:10DDF000021C1A707B1D0A1C1A701523FB180022C6
:10DE00001A70BB1D1B78013B564AD15C1423FB18CA
:10DE10007A1D12788A1A1A7000233B610F23FB18AF
:10DE200000221A70BB1D1B785A1E7B1D19784E48A4
:10DE30001300DB009B1ADB00C3185B5C1906BB1DDB
:10DE40001B785A1E7B1D1B78581C474C1300DB00A7
:10DE50009B1ADB00E3181B5C1B04C918BB1D1B7855
:10DE60005A1E7B1D1B78981C3F4C1300DB009B1A2D
:10DE7000DB00E3181B5C1B02C918BB1D1B785A1E74
:10DE80007B1D1B78D81C384C1300DB009B1ADB0071
:10DE9000E3181B5CCB183B61BB1D1B785A1E7B1D16
:10DEA0001B78191D30481300DB009B1ADB00C318D8
:10DEB0005B5CFF2B18D11723FB1801221A700DE0B1
:10DEC0003A6917243B191B781100180009F0BAF9B8
:10DED00021007B181A787B1801321A701723FB185F
:10DEE0001B78062BECD935E01623FB1800221A709C
:10DEF00028E0BB1D1B785A1E7B1D1B78191D16239D
:10DF0000FB181B78C8180F257919174C1300DB0074
:10DF10009B1ADB00E3181B5C0B707B191B78002B32
:10DF20000AD07B191B78062B06D83A697B191B7817
:10DF30001100180009F086F916217B181A787B1851
:10DF400001321A701623FA181423FB1812781B7862
:10DF50009A42CED31523FB181B781800BD4606B095
:10DF6000B0BDC046980A0020A80A0020B0B584B011
:10DF700000AF040008001100FB1D221C1A70BB1D1D
:10DF8000021C1A707B1D0A1C1A700F257B190022B7
:10DF90001A7002F0A3FC7C19F5F76CFF03002370E4
:10DFA000044B01221A707B191B781800BD4604B07F
:10DFB000B0BDC046920A0020B0B584B000AF0400E6
:10DFC00008001100FB1D221C1A70BB1D021C1A70D8
:10DFD0007B1D0A1C1A700F257B1900221A707C19F0
:10DFE000F6F7B4F80300237002F052FE64200CF040
:10DFF00075FF044B02221A707B191B781800BD466E
:10E0000004B0B0BD920A0020B0B588B000AF0400E3
:10E0100008001100FB1D221C1A70BB1D021C1A7087
:10E020007B1D0A1C1A701F23FB1800221A701C2368
:10E03000FB1800221A80BB1D1B78013B564AD15C9D
:10E040001B243B197A1D12788A1A1A70BB1D1B7883
:10E050005A1E1A25791951481300DB009B1ADB0060
:10E060001B5C0B700DF0B2F803007B617B191B7811
:10E07000FF2B14D1BB1D1B785A1E7B1D1978130072
:10E08000DB009B1ADB005A18444BD1183B191B7854
:10E09000013B1A00424B180019F0C5FB31E01A236E
:10E0A000FB181B78FE2B19D1BB1D1B785A1E7B1D3C
:10E0B00019781300DB009B1ADB005A18374BD11874
:10E0C0001B23FB181A781323FB181B78D31A023B67
:10E0D0001A00334B180019F0A6FB12E0BB1D1B7889
:10E0E0005A1E7B1D19781300DB009B1ADB005A189F
:10E0F0002A4BD1181B23FB181A78294B180019F04A
:10E1000092FB13243B19274A12781A70254BBA1D2B
:10E1100012781A7099239A007969214B18000CF033
:10E12000C7FF0300FB601F4B3A1912781A701E4B91
:10E130001B7860221340DBB2602B1DD17B69180075
:10E14000F1F7ECFF02007969184B180019F06BFB2E
:10E150007B691800F1F7E2FF030099B21F23FC1856
:10E160007A69FB1D18780B001821FDF7C5F903002B
:10E1700023700A200CF0B2FEFB68002BC1D1084BC3
:10E1800032220021180019F026FA1F23FB181B78F1
:10E190001800BD4608B0B0BD980A0020A80A0020AB
:10E1A000782F0020900A0020541D0020F80B00203A
:10E1B000B0B586B000AF040008001100FB1D221CA2
:10E1C0001A70BB1D021C1A707B1D0A1C1A701723C3
:10E1D000FB1800221A7014243B1900221A80BB1D60
:10E1E0001B78013B324AD15C13257B197A1D1278CA
:10E1F0008A1A1A700CF0EAFF0300FB60FB68180033
:10E20000F1F78CFF0200FB680021180019F0E3F918
:10E21000284B1B787F229343DBB2002B1DD03B1988
:10E220001B88FA68D018BB1D1B785A1E7B1D1978F5
:10E230001300DB009B1ADB005A181F4BD1187B1907
:10E240001B781A0019F0EFFA7B191B7899B23B1969
:10E250003A1912888A181A8023E014243B191B8863
:10E26000FA68D018BB1D1B785A1E7B1D1978130045
:10E27000DB009B1ADB005A180F4BD1181323FB1835
:10E280001B781A0019F0CFFA3B1900221A800B4BA9
:10E2900000221A700A4B18680023002200210FF098
:10E2A000D5FB1723FB181B781800BD4606B0B0BD80
:10E2B000980A0020541D0020A80A0020551D0020A7
:10E2C000A425002090B585B000AF0400080011001F
:10E2D000FB1D221C1A70BB1D021C1A707B1D0A1C20
:10E2E0001A700F23FB1800221A70054B054A1A609A
:10E2F000054B01221A700A200CF0F0FDFDF780FD9D
:10E30000F03F0220EFBEADDE920A0020B0B586B02D
:10E3100002AF040008001100FB1D221C1A70BB1D77
:10E32000021C1A707B1D0A1C1A700F257B19002213
:10E330001A70BB1D1B785A1E7B1D197816481300D6
:10E34000DB009B1ADB00C318585C002300931923E1
:10E3500000220021FDF756F964200CF0BFFD0F4BA1
:10E360001C78BB1D1B785A1E7B1D19780A481300A8
:10E37000DB009B1ADB00C318595CBB1D1A78FB1D20
:10E3800018780B00210002F09FFC7B191B78180005
:10E39000BD4604B0B0BDC046A80A0020341D002010
:10E3A000F0B589B002AF040008001100FB1D221C6B
:10E3B0001A70BB1D021C1A707B1D0A1C1A701623D2
:10E3C000FB1800221A70BB1D1B78013BB64AD15CBA
:10E3D00015257B197A1D12788A1A1A70BB1D1B78B5
:10E3E0005A1E7B1D1B780B3318001726B919AF4C2A
:10E3F0001300DB009B1ADB00E3181B5C0B707B191E
:10E400001B780F2B0FD1BB1D1B785A1E7B1D1B7851
:10E410000D331800B919A54C1300DB009B1ADB0063
:10E42000E3181B5C0B701523FB181B78112B10D104
:10E43000BB1D1B785A1E7B1D1B780F33180017233A
:10E44000F9189A4C1300DB009B1ADB00E3181B5CE5
:10E450000B70BB1D1B785A1E7B1D19781300DB0047
:10E460009B1ADB005A18914BD1181023FB18052278
:10E470001800F8F745FABB1D1B785A1E7B1D1B7848
:10E48000191D1300DB009B1ADB005A18874BD118AB
:10E490000C23FB1805221800F8F732FA1723FB1893
:10E4A0001B78002B00D003E1BB1D1B785A1E7B1D7F
:10E4B0001B78093319007D481300DB009B1ADB0031
:10E4C000C3185B5C002B43D0BB1D1B785A1E7B1D01
:10E4D0001B780A33190075481300DB009B1ADB0018
:10E4E000C3185B5C002B33D0BB1D1B785A1E7B1DF1
:10E4F0001B78083319006D481300DB009B1ADB0002
:10E50000C3185C5C3D69FE68BB1D1B785A1E7B1DF1
:10E510001B780933190065481300DB009B1ADB00E8
:10E52000C3185B5C9C46BB1D1B785A1E7B1D1B7869
:10E530000A3319005D481300DB009B1ADB00C31887
:10E540005B5C00936346320029002000FCF732FC3C
:10E55000BB1D1B785A1E7B1D1B780B3319005348BB
:10E560001300DB009B1ADB00C3185B5C002B43D05D
:10E57000BB1D1B785A1E7B1D1B780C3319004B48A2
:10E580001300DB009B1ADB00C3185B5C002B33D04D
:10E59000BB1D1B785A1E7B1D1B780833190043488E
:10E5A0001300DB009B1ADB00C3185C5C3D69FE684E
:10E5B000BB1D1B785A1E7B1D1B780B3319003B4873
:10E5C0001300DB009B1ADB00C3185B5C9C46BB1D81
:10E5D0001B785A1E7B1D1B780C331900334813001F
:10E5E000DB009B1ADB00C3185B5C009363463200C0
:10E5F00029002000FCF7DEFBBB1D1B785A1E7B1D8B
:10E600001B780D33190029481300DB009B1ADB002F
:10E61000C3185B5C002B00D15BE1BB1D1B785A1E4D
:10E620007B1D1B780E33190020481300DB009B1A5A
:10E63000DB00C3185B5C002B00D14AE1BB1D1B78DB
:10E640005A1E7B1D1B780833190018481300DB0085
:10E650009B1ADB00C3185C5C3D69FE68BB1D1B7820
:10E660005A1E7B1D1B780D33190010481300DB0068
:10E670009B1ADB00C3185B5C9C46BB1D1B785A1EB3
:10E680007B1D1B780E33190008481300DB009B1A12
:10E69000DB00C3185B5C0093634632002900200056
:10E6A000FCF788FB15E1C046980A0020A80A002064
:10E6B000BB1D1B785A1E7B1D1B7808331900884828
:10E6C0001300DB009B1ADB00C3185B5C1900E4201D
:10E6D00005F08CFCBB1D1B785A1E7B1D19788048E9
:10E6E0001300DB009B1ADB00C3185B5C1B0299B2B2
:10E6F000BB1D1B785A1E7B1D1B78581C784C1300C1
:10E70000DB009B1ADB00E3181B5CCB189BB21900E3
:10E71000E52005F06BFCBB1D1B785A1E7B1D1B788A
:10E72000991C6F481300DB009B1ADB00C3185B5C6D
:10E730001B0299B2BB1D1B785A1E7B1D1B78D81C6F
:10E74000674C1300DB009B1ADB00E3181B5CCB1843
:10E750009BB21900E62005F049FCBB1D1B785A1E30
:10E760007B1D1B78191D5E481300DB009B1ADB0024
:10E77000C3185B5C1B0299B2BB1D1B785A1E7B1D24
:10E780001B78581D564C1300DB009B1ADB00E31866
:10E790001B5CCB189BB21900E72005F027FCBB1DC2
:10E7A0001B785A1E7B1D1B78991D4D481300DB00FA
:10E7B0009B1ADB00C3185B5C1B0299B2BB1D1B7864
:10E7C0005A1E7B1D1B78D81D454C1300DB009B1A7D
:10E7D000DB00E3181B5CCB189BB21900E82005F0A6
:10E7E00005FCBB1D1B785A1E7B1D1B7809331900C5
:10E7F0003B481300DB009B1ADB00C3185B5C1B0269
:10E8000099B2BB1D1B785A1E7B1D1B780A3318005A
:10E81000334C1300DB009B1ADB00E3181B5CCB18A6
:10E820009BB21900E92005F0E1FB1523FB181B78CA
:10E83000132B23D1BB1D1B785A1E7B1D1B780B335A
:10E84000190027481300DB009B1ADB00C3185B5C30
:10E850001B0299B2BB1D1B785A1E7B1D1B780C3303
:10E8600018001F4C1300DB009B1ADB00E3181B5C35
:10E87000CB189BB21900EA2005F0B8FB1523FB1852
:10E880001B78152B23D1BB1D1B785A1E7B1D1B78B3
:10E890000D33190012481300DB009B1ADB00C3186C
:10E8A0005B5C1B0299B2BB1D1B785A1E7B1D1B783B
:10E8B0000E3318000A4C1300DB009B1ADB00E31830
:10E8C0001B5CCB189BB21900EB2005F08FFBFDF70A
:10E8D00097FA1623FB181B781800BD4607B0F0BD49
:10E8E000A80A0020F0B5D6464F464646C0B58AB0C5
:10E8F00004AF040008001100FB1D221C1A70BB1D90
:10E90000021C1A707B1D0A1C1A701723FB180022A8
:10E910001A70BB1D1B785A1E7B1D19781300DB0073
:10E920009B1ADB005A18404BD1181022BB18052245
:10E930001800F7F7E5FFBB1D1B785A1E7B1D1B78DF
:10E94000191D1300DB009B1ADB005A18364BD11837
:10E950000C22BB1805221800F7F7D2FFBB1D1B784D
:10E960005A1E7B1D1B78190009312F481300DB004C
:10E970009B1ADB00C3185A5C94462C4B1A789046BD
:10E98000BB1D1B785A1E7B1D1B7819000B312648B6
:10E990001300DB009B1ADB00C3185A5C9146BB1DB9
:10E9A0001B785A1E7B1D1B7819000A311E48130064
:10E9B000DB009B1ADB00C3185A5C9246BB1D1B7818
:10E9C0005A1E7B1D1B781900083117481300DB0005
:10E9D0009B1ADB00C318595C3869FC68BB1D1B78A7
:10E9E0005A1E7B1D1B781D000C350F4E1300DB00DB
:10E9F0009B1ADB00F3185B5D5A1E9341DBB2039355
:10EA000002940190009153464A4641466046FDF704
:10EA10006DF81723FB181B781800BD4606B0E0BC44
:10EA2000BA46B146A846F0BDA80A0020341D002011
:10EA3000B0B586B000AF040008001100FB1D221C19
:10EA40001A70BB1D021C1A707B1D0A1C1A7017233A
:10EA5000FB1800221A70BB1D1B785A1E7B1D1978EB
:10EA6000EB481300DB009B1ADB00C3185B5C002B38
:10EA700000D0AFE0BB1D1B785A1E7B1D1B78991C74
:10EA8000E3481300DB009B1ADB00C3185B5C19062C
:10EA9000BB1D1B785A1E7B1D1B78D81CDC4C130039
:10EAA000DB009B1ADB00E3181B5C1B04C918BB1DB1
:10EAB0001B785A1E7B1D1B78181DD54C1300DB00DC
:10EAC0009B1ADB00E3181B5C1B02C918BB1D1B78DB
:10EAD0005A1E7B1D1B78581DCD4C1300DB009B1A62
:10EAE000DB00E3181B5CCB183B61BB1D1B785A1E77
:10EAF0007B1D1B78591CC6481300DB009B1ADB00EA
:10EB0000C3185B5C082B00D9DCE19A00C14BD31819
:10EB10001B689F463B691A78BF4B1A70FB1D1B7818
:10EB200001221F211800FCF795FCD0E13B691B78FE
:10EB30005BB2DAB2B84B1A70FB1D1B7801221F21A1
:10EB40001800FCF787FCC2E13B69B34903221800B7
:10EB5000F7F794FEFB1D1B7802221F211800FCF71B
:10EB600079FCB4E13B69AC4904221800F7F786FE52
:10EB7000FB1D1B7802221F211800FCF76BFCA6E18D
:10EB80003B69A54905221800F7F778FEFB1D1B78A5
:10EB900004221F211800FCF75DFC98E13B699E49A7
:10EBA00006221800F7F76AFEFB1D1B7804221F21BE
:10EBB0001800FCF74FFC8AE13B69974907221800CF
:10EBC000F7F75CFEFB1D1B7808221F211800FCF7DD
:10EBD00041FC7CE1BB1D1B785A1E7B1D19788C48BB
:10EBE0001300DB009B1ADB00C3185B5C022B00D018
:10EBF000B2E0BB1D1B785A1EBB1D1B78013B874929
:10EC0000CB5C591E82481300DB009B1ADB00C31843
:10EC100000225A54BB1D1B785A1E7B1D1B78591CA1
:10EC20001300DB009B1ADB005A18794BD3180F2511
:10EC30007C191800F5F740FB030023707B191B7843
:10EC4000002B07D1FB1D1B7801221F211800FCF7A8
:10EC500001FC3CE10F203B181B785A1E7049130041
:10EC60005B009B189B005B583B613B181B785A1E4E
:10EC70006B4913005B009B189B00CB1804331A7878
:10EC8000654B1A70644B1B78082B00D91CE19A0065
:10EC9000644BD3181B689F463B691A785E4B5A70C9
:10ECA000FB1D1B7802221F211800FCF7D3FB0EE18D
:10ECB0003B691B785BB2DAB2574B5A70FB1D1B786D
:10ECC00002221F211800FCF7C5FB00E13B695649F1
:10ECD00003221800F7F7D2FDFB1D1B7803221F212A
:10ECE0001800FCF7B7FBF2E03B694F49042218001B
:10ECF000F7F7C4FDFB1D1B7803221F211800FCF74A
:10ED0000A9FBE4E03B69484905221800F7F7B6FD86
:10ED1000FB1D1B7805221F211800FCF79BFBD6E08A
:10ED20003B69414906221800F7F7A8FDFB1D1B7837
:10ED300005221F211800FCF78DFBC8E03B693A490A
:10ED400007221800F7F79AFDFB1D1B7809221F21E7
:10ED50001800FCF77FFBBAE0BB1D1B785A1E7B1D19
:10ED600019782B481300DB009B1ADB00C3185B5C8F
:10ED7000022B00D8ABE0BB1D1B785A1E7B1D1978F7
:10ED800023481300DB009B1ADB00C3185B5C1A1FCF
:10ED9000264B9200D358DBB20F221340DAB21E4B3F
:10EDA0001A701D4B1B78002B07D1FB1D1B7801220D
:10EDB0001F211800FCF74EFB89E0BB1D1B785A1E73
:10EDC0007B1D197812481300DB009B1ADB00C31867
:10EDD0005B5C1A1F154B9200D3581B0C144A9446C7
:10EDE00063443B610C4B1B78082B6FD89A00114B86
:10EDF000D3181B689F463B691A78074B5A70FB1D56
:10EE00001B7802221F211800FCF724FB5FE0C0469C
:10EE1000A80A0020F8EC0208F80B0020980A00204D
:10EE2000D03400201CED0208F90B00208C180020C3
:10EE30000000012040ED02083B691B785BB2DAB2AA
:10EE4000264B5A70FB1D1B7802221F211800FCF76D
:10EE500001FB3CE03B69224903221800F7F70EFD55
:10EE6000FB1D1B7803221F211800FCF7F3FA2EE08C
:10EE70003B691B4904221800F7F700FDFB1D1B78B6
:10EE800003221F211800FCF7E5FA20E03B69144932
:10EE900005221800F7F7F2FCFB1D1B7805221F2145
:10EEA0001800FCF7D7FA12E03B690D490722180059
:10EEB000F7F7E4FCFB1D1B7809221F211800FCF763
:10EEC000C9FA04E0C04602E0C04600E0C04617238D
:10EED000FB181B781800BD4606B0B0BDF80B00202B
:10EEE000F90B0020F0B58BB000AF06000800110050
:10EEF0001F23FB18321C1A701E23FB18021C1A70E9
:10EF00001D23FB180A1C1A700F2318229B18DB19EB
:10EF100000221A70C34B1A685B68032A01D1002BC8
:10EF200008D0C04B1A685B68022A00D0C6E0002BEC
:10EF300000D0C3E01E257B191B785A1E1D243B19E7
:10EF40001978B9481300DB009B1ADB00C3185A5C20
:10EF5000B64B1A707B191B785A1E3B191978B248A8
:10EF60001300DB009B1ADB00C3185B5C082B00D985
:10EF7000A2E09A00AE4BD3181B689F46AD4B1022FF
:10EF80001A709AE01E23FB181B785A1E1D23FB18CB
:10EF90001B78591CA4481300DB009B1ADB00C31824
:10EFA0005B5C3B6100237B619E4B39697A69196028
:10EFB0005A6082E01E23FB181B785A1E1D23FB1883
:10EFC0001B78591C98481300DB009B1ADB00C31800
:10EFD0005B5C5BB2BB60DB17FB60924BB968FA68A5
:10EFE00019605A6069E01E23FB181B785A1E1D2306
:10EFF000FB181B78591C1300DB009B1ADB005A1806
:10F00000894BD118874B03221800F7F779FC54E09D
:10F010001E23FB181B785A1E1D23FB181B78591C36
:10F020001300DB009B1ADB005A187F4BD1187D4B75
:10F0300004221800F7F764FC3FE01E23FB181B783E
:10F040005A1E1D23FB181B78591C1300DB009B1A4A
:10F05000DB005A18744BD118724B05221800F7F7D1
:10F060004FFC2AE01E23FB181B785A1E1D23FB1899
:10F070001B78591C1300DB009B1ADB005A186A4BE3
:10F08000D118684B06221800F7F73AFC15E01E234A
:10F09000FB181B785A1E1D23FB181B78591C1300E4
:10F0A000DB009B1ADB005A185F4BD1185D4B07221F
:10F0B0001800F7F725FC00E0C046A2E0594B1A689B
:10F0C0005B681100194300D09BE05B4B1B78082B59
:10F0D00000D995E09A00594BD3181B689F461E2310
:10F0E000FB181B785A1E1D23FB1819784E48130075
:10F0F000DB009B1ADB00C3185B5C3B6000237B607A
:10F10000484B39687A6819605A607AE01E23FB1808
:10F110001B785A1E1D23FB18197843481300DB0087
:10F120009B1ADB00C3185B5C5BB21C00DB171D0085
:10F130003C4B1C605D6064E01E23FB181B785A1E6C
:10F140001D23FB1819781300DB009B1ADB005A18EB
:10F15000354BD118334B03221800F7F7D1FB50E0A1
:10F160001E23FB181B785A1E1D23FB181978130049
:10F17000DB009B1ADB005A182B4BD118294B0422B9
:10F180001800F7F7BDFB3CE01E23FB181B785A1E46
:10F190001D23FB1819781300DB009B1ADB005A189B
:10F1A000214BD1181F4B05221800F7F7A9FB28E0C7
:10F1B0001E23FB181B785A1E1D23FB1819781300F9
:10F1C000DB009B1ADB005A18174BD118154B06228F
:10F1D0001800F7F795FB14E01E23FB181B785A1E46
:10F1E0001D23FB1819781300DB009B1ADB005A184B
:10F1F0000D4BD1180B4B07221800F7F781FB00E0ED
:10F20000C0460C4B1B78102B02D00A4B00221A7000
:10F210000F2318229B18DB191B781800BD460BB072
:10F22000F0BDC04620190020A80A00207D00002063
:10F2300064ED0208551D00202819002088ED020801
:10F24000F0B585B000AF060008001100FB1D321CB0
:10F250001A70BB1D021C1A707B1D0A1C1A700B232E
:10F26000FB1800221A70DB4B00221A70BB1D1B78A2
:10F270005A1E7B1D1978D8481300DB009B1ADB004F
:10F28000C3185B5C002B00D13CE3BB1D1B785A1EEE
:10F290007B1D1978D0481300DB009B1ADB00C318D4
:10F2A0005B5C1E2B00D91EE3BB1D1B785A1E7B1D09
:10F2B0001978C9481300DB009B1ADB00C3185B5C9C
:10F2C0005A1EC64B9200D3581B0CC54A9446634441
:10F2D000FB60BB1D1B785A1E7B1D1B78591CBE484A
:10F2E0001300DB009B1ADB00C3185B5C082B00D902
:10F2F00091E29A00BB4BD3181B689F46BB1D1B783D
:10F300005A1E7B1D1978B4481300DB009B1ADB00E2
:10F31000C3185B5C5A1EB14B9200D3580F221340A6
:10F3200030D1012016F064FD0300FB60FB68002B68
:10F3300025D0FB68E0221206944663441904BB1DE5
:10F340001B785A1E7B1D1B78581CA34C1300DB0036
:10F350009B1ADB00E3181B5C1D00BB1D1B785A1EAB
:10F360007B1D18789C4C1300DB009B1ADB00E31814
:10F370001B5C5A1E4919994B9200D15002E0954BE3
:10F3800012221A70934B1B78122B00D145E2BB1D41
:10F390001B785A1E7B1D1B78981CF9688E4C130035
:10F3A000DB009B1ADB00E3181B5C0B7035E2BB1D16
:10F3B0001B785A1E7B1D197887481300DB009B1AA7
:10F3C000DB00C3185B5C5A1E844B9200D3580F229B
:10F3D000134030D1012016F00BFD0300FB60FB68E9
:10F3E000002B25D0FB68E0221206944663441904E2
:10F3F000BB1D1B785A1E7B1D1B78581C764C1300B6
:10F40000DB009B1ADB00E3181B5C1D00BB1D1B7897
:10F410005A1E7B1D1878704C1300DB009B1ADB0012
:10F42000E3181B5C5A1E49196C4B9200D15002E044
:10F43000684B12221A70674B1B78122B00D1EEE139
:10F44000BB1D1B785A1E7B1D1B78991C624813003C
:10F45000DB009B1ADB00C3185A5CFB6852B21A70BF
:10F46000DDE1BB1D1B785A1E7B1D19785A4813001D
:10F47000DB009B1ADB00C3185B5C5A1E574B9200E3
:10F48000D3580F22134030D1022016F0B1FC0300F4
:10F49000FB60FB68002B25D0FB68E0221206944637
:10F4A00063441904BB1D1B785A1E7B1D1B78581C16
:10F4B000494C1300DB009B1ADB00E3181B5C1D00AA
:10F4C000BB1D1B785A1E7B1D1878434C1300DB00B4
:10F4D0009B1ADB00E3181B5C5A1E49193F4B920034
:10F4E000D15002E03B4B12221A703A4B1B78122B80
:10F4F00000D196E1F868BB1D1B785A1E7B1D1B7856
:10F50000991C1300DB009B1ADB005A18324BD318EE
:10F5100003221900F7F7F4F983E1BB1D1B785A1E8B
:10F520007B1D19782C481300DB009B1ADB00C318E5
:10F530005B5C5A1E294B9200D3580F22134030D1E6
:10F54000022016F055FC0300FB60FB68002B25D061
:10F55000FB68E0221206944663441904BB1D1B7825
:10F560005A1E7B1D1B78581C1B4C1300DB009B1A7A
:10F57000DB00E3181B5C1D00BB1D1B785A1E7B1DA6
:10F580001878154C1300DB009B1ADB00E3181B5C9A
:10F590005A1E4919114B9200D15002E00D4B122214
:10F5A0001A700C4B1B78122B00D13CE1F868BB1D84
:10F5B0001B785A1E7B1D1B78991C1300DB009B1ABD
:10F5C000DB005A18044BD31804221900F7F798F9F6
:10F5D00029E1C046551D0020A80A00208C180020F3
:10F5E00000000120ACED0208BB1D1B785A1E7B1DDC
:10F5F0001978BF481300DB009B1ADB00C3185B5C63
:10F600005A1EBC4B9200D3580F22134030D1042015
:10F6100016F0EEFB0300FB60FB68002B25D0FB68B7
:10F62000E0221206944663441904BB1D1B785A1E3F
:10F630007B1D1B78581CAE4C1300DB009B1ADB00B3
:10F64000E3181B5C1D00BB1D1B785A1E7B1D187820
:10F65000A74C1300DB009B1ADB00E3181B5C5A1E4F
:10F660004919A44B9200D15002E0A34B12221A7008
:10F67000A14B1B78122B00D1D7E0F868BB1D1B787B
:10F680005A1E7B1D1B78991C1300DB009B1ADB00A4
:10F690005A18974BD31805221900F7F731F9C4E02F
:10F6A000BB1D1B785A1E7B1D197891481300DB0087
:10F6B0009B1ADB00C3185B5C5A1E8E4B9200D3581A
:10F6C0000F22134030D1042016F092FB0300FB60A0
:10F6D000FB68002B25D0FB68E022120694466344A9
:10F6E0001904BB1D1B785A1E7B1D1B78581C804CAF
:10F6F0001300DB009B1ADB00E3181B5C1D00BB1D25
:10F700001B785A1E7B1D1878794C1300DB009B1A5E
:10F71000DB00E3181B5C5A1E4919764B9200D1504E
:10F7200002E0754B12221A70734B1B78122B00D11A
:10F730007DE0F868BB1D1B785A1E7B1D1B78991C49
:10F740001300DB009B1ADB005A18694BD318062202
:10F750001900F7F7D5F86AE0BB1D1B785A1E7B1D10
:10F76000197863481300DB009B1ADB00C3185B5C4D
:10F770005A1E604B9200D3580F22134030D1042000
:10F7800016F036FB0300FB60FB68002B25D0FB68FE
:10F79000E0221206944663441904BB1D1B785A1ECE
:10F7A0007B1D1B78581C524C1300DB009B1ADB009E
:10F7B000E3181B5C1D00BB1D1B785A1E7B1D1878AF
:10F7C0004B4C1300DB009B1ADB00E3181B5C5A1E3A
:10F7D0004919484B9200D15002E0474B12221A704F
:10F7E000454B1B78122B24D0BB1D1B785A1E7B1D4A
:10F7F0001B78991C1300DB009B1ADB005A183C4B4A
:10F80000D1183E4B07221800F7F77AF83B4AFB68FD
:10F8100012681A600DE0C0460CE0C0460AE0C0461F
:10F8200008E0C04606E0C04604E0C04602E0C0462C
:10F8300000E0C046BB1D1B785A1E7B1D19782C4862
:10F840001300DB009B1ADB00C3185B5C5A1E294BBC
:10F850009200D3580F2213401900BB1D1B785A1E6B
:10F860007B1D1B78581C224C1300DB009B1ADB000D
:10F87000E3181B5C994200D169E1BB1D1B785A1E3D
:10F880007B1D19781A481300DB009B1ADB00C31894
:10F890005B5C5A1E174B9200D158BB1D1B785A1E39
:10F8A0007B1D1B78581C124C1300DB009B1ADB00DD
:10F8B000E3181B5C124A944663441D00BB1D1B7871
:10F8C0005A1E7B1D18780A4C1300DB009B1ADB00C4
:10F8D000E3181B5C5A1E2940064B9200D150064B80
:10F8E00014221A7033E1044B13221A702FE1C04620
:10F8F000A80A00208C180020551D00202019002087
:10F90000F0FF0000BB1D1B785A1E7B1D1B78991C45
:10F910009F481300DB009B1ADB00C3185B5C1906D1
:10F92000BB1D1B785A1E7B1D1B78D81C984E1300DC
:10F93000DB009B1ADB00F3181B5C1B04C918BB1D02
:10F940001B785A1E7B1D1B78181D914E1300DB007F
:10F950009B1ADB00F3181B5C1B02C918BB1D1B782C
:10F960005A1E7B1D1B78581D894E1300DB009B1A05
:10F97000DB00F3181B5CCB18FB60FA6880239B0547
:10F980009A4200D2E0E0FB68824A934200D9DBE071
:10F99000BB1D1B785A1E7B1D1B78591C7C4813000D
:10F9A000DB009B1ADB00C3185B5C082B00D9C9E0A5
:10F9B0009A00794BD3181B689F46BB1D1B785A1EB3
:10F9C0007B1D1B78981DF968714C1300DB009B1A96
:10F9D000DB00E3181B5C0B70B5E0BB1D1B785A1EE7
:10F9E0007B1D1B78991D6A481300DB009B1ADB0006
:10F9F000C3185A5CFB6852B21A70A4E0F868BB1DC9
:10FA00001B785A1E7B1D1B78991D1300DB009B1A67
:10FA1000DB005A185E4BD31803221900F6F770FF6B
:10FA200091E0BB1D1B785A1E7B1D1B78991D584801
:10FA30001300DB009B1ADB00C3185B5C1C00BB1DC2
:10FA40001B785A1E7B1D1B78D91D51481300DB0003
:10FA50009B1ADB00C3185B5C1B029BB2E3189AB2D3
:10FA6000FB6812B21A806EE0F868BB1D1B785A1E44
:10FA70007B1D1B78991D1300DB009B1ADB005A18B5
:10FA8000434BD31805221900F6F73AFF5BE0F868FC
:10FA9000BB1D1B785A1E7B1D1B78991D1300DB00B4
:10FAA0009B1ADB005A183A4BD31806221900F6F7B6
:10FAB00027FF48E0BB1D1B785A1E7B1D1B78991D34
:10FAC00033481300DB009B1ADB00C3185B5C1E008D
:10FAD000BB1D1B785A1E7B1D1B78D91D2C4813009B
:10FAE000DB009B1ADB00C3185B5C1B02F118BB1D1B
:10FAF0001B785A1E7B1D1B7808331800244E1300F8
:10FB0000DB009B1ADB00F3181B5C1B04C918BB1D30
:10FB10001B785A1E7B1D1B78093318001C4E1300DE
:10FB2000DB009B1ADB00F3181B5C1B06CB181C00C8
:10FB300000231D00194B1C605D60184AFB681268A9
:10FB40001A6000E0C04602E0154B15221A70154BF2
:10FB50001B7860221340DBB2602B06D0114B1B7860
:10FB600060221340DBB2202B0AD10D4B1A780E4BCA
:10FB70001A70FB1D1B78012221211800FBF76AFC7B
:10FB80000B23FB181B781800BD4605B0F0BDC0461E
:10FB9000A80A0020FFFF0120D0ED02082019002054
:10FBA000551D0020541D0020F80B002090B585B095
:10FBB00000AF040008001100FB1D221C1A70BB1DC1
:10FBC000021C1A707B1D0A1C1A700F243B1900229C
:10FBD0001A70BB1D1B785A1E7B1D1978074813002D
:10FBE000DB009B1ADB00C3185A5C054B1A703B19EB
:10FBF0001B781800BD4605B090BDC046A80A00207D
:10FC0000551D0020B0B586B002AF040008001100F9
:10FC1000FB1D221C1A70BB1D021C1A707B1D0A1CC6
:10FC20001A700F243B1900221A70BB1D1B78013B70
:10FC30001C4AD15C0E257B197A1D12788A1A1A701B
:10FC4000BB1D1B785A1E7B1D197817481300DB005B
:10FC50009B1ADB00C318585CBB1D1B785A1E7B1D0A
:10FC60001B78591C1300DB009B1ADB005A180E4B43
:10FC7000D1187B191B789BB2013B9AB20A230093DF
:10FC80000A2307F049FA031E05D03B19FF221A7018
:10FC90003B191B7802E00F23FB181B781800BD46A8
:10FCA00004B0B0BD980A0020A80A002090B585B025
:10FCB00000AF040008001100FB1D221C1A70BB1DC0
:10FCC000021C1A707B1D0A1C1A700F23FB180022DD
:10FCD0001A70BB1D1B785A1E7B1D19782248130011
:10FCE000DB009B1ADB00C3185B5C1A001F4B1A80F9
:10FCF000BB1D1B785A1E7B1D1B78591C1A4813000C
:10FD0000DB009B1ADB00C3185B5C1A00184B1A80DF
:10FD1000174B1B88002B0ED1144B1B88DBB218002D
:10FD200005F006FA114B1B88DBB2124A00211800BD
:10FD300005F04AFA11E00E4B1B88012B0DD10B4B3D
:10FD40001B88DBB2180005F0F3F9084B1B88DBB207
:10FD5000084A0121180005F037FA0F23FB181B7819
:10FD60001800BD4605B090BDA80A0020FC2D00205B
:10FD7000FE2D0020002E002090B585B000AF0400BD
:10FD800008001100FB1D221C1A70BB1D021C1A70FA
:10FD90007B1D0A1C1A700F243B1900221A70064A98
:10FDA000064B1100180005F0DFFA3B191B7818000C
:10FDB000BD4605B090BDC0460C2E0020082E002088
:10FDC00090B585B000AF040008001100FB1D221C97
:10FDD0001A70BB1D021C1A707B1D0A1C1A700F21A1
:10FDE0007B1800221A70044B01221A707B181B78B2
:10FDF0001800BD4605B090BDF009002090B585B053
:10FE000000AF040008001100FB1D221C1A70BB1D6E
:10FE1000021C1A707B1D0A1C1A700F217B1800220D
:10FE20001A70044B01221A707B181B781800BD460B
:10FE300005B090BDF109002090B585B000AF040079
:10FE400008001100FB1D221C1A70BB1D021C1A7039
:10FE50007B1D0A1C1A700F23FB1800221A70D84B46
:10FE600001221A70BB1D1B785A1E7B1D1B78D91CE2
:10FE7000D4481300DB009B1ADB00C3185B5C19B28B
:10FE8000BB1D1B785A1E7B1D1B78181DCD4C130003
:10FE9000DB009B1ADB00E3181B5C1B021BB20B434D
:10FEA0001AB20C23FB181A80BB1D1B785A1E7B1D2F
:10FEB0001978C4481300DB009B1ADB00C3185B5C95
:10FEC000082B00D986E29A00BF4BD3181B689F46C7
:10FED000BB1D1B785A1E7B1D1B78591CB94813008B
:10FEE000DB009B1ADB00C3185B5C002B07D10F23E0
:10FEF000FB1800221A70B54B10221A706BE20F2308
:10FF0000FB18FF221A7066E2BB1D1B785A1E7B1D70
:10FF10001B78591CAB481300DB009B1ADB00C3188D
:10FF20005B5C002B22D10F23FB1800221A70BB1D33
:10FF30001B785A1E7B1D1B78991CA2481300DB00FE
:10FF40009B1ADB00C3185A5CA14B1A70BB1D1B78AF
:10FF50005A1E7B1D1B78591D9A481300DB009B1A03
:10FF6000DB00C3185A5C9B4B1A6034E20F23FB186A
:10FF7000FF221A702FE2BB1D1B785A1E7B1D1B78B7
:10FF8000591C90481300DB009B1ADB00C3185B5C14
:10FF9000002B40D10F23FB1800221A70BB1D1B78C9
:10FFA0005A1E7B1D1B78991C86481300DB009B1A88
:10FFB000DB00C3185A5C864B1A70BB1D1B785A1E97
:10FFC0007B1D1B78591D7F481300DB009B1ADB004B
:10FFD000C3185A5C7F4B1A60BB1D1B785A1E7B1DD1
:10FFE0001B78991D77481300DB009B1ADB00C318B0
:10FFF0005A5C794B1A60BB1D1B785A1E7B1D1B78FF
:020000040801F1
:10000000D91D70481300DB009B1ADB00C3185A5C33
:10001000724B1A60DFE10F23FB18FF221A70DAE13E
:10002000BB1D1B785A1E7B1D1B78591C654813008D
:10003000DB009B1ADB00C3185B5C002B22D10F2373
:10004000FB1800221A70BB1D1B785A1E7B1D1B78E3
:10005000991C5C481300DB009B1ADB00C3185A5C38
:100060005B4B1A70BB1D1B785A1E7B1D1B78591DDC
:1000700054481300DB009B1ADB00C3185A5C554B35
:100080001A60A8E10F23FB18FF221A70A3E1BB1D21
:100090001B785A1E7B1D1B78591C4A481300DB0035
:1000A0009B1ADB00C3185B5C002B4AD10F23FB18A3
:1000B00000221A70BB1D1B785A1E7B1D1B78991CD1
:1000C00040481300DB009B1ADB00C3185A5C404B0E
:1000D0001A70BB1D1B785A1E7B1D1B78591D1300FF
:1000E000DB009B1ADB005A18364BD118394B032220
:1000F0001800F6F705FCBB1D1B785A1E7B1D1B78EC
:10010000D91D1300DB009B1ADB005A182D4BD118A8
:10011000314B03221800F6F7F3FBBB1D1B785A1E68
:100120007B1D1B78093319001300DB009B1ADB00D1
:100130005A18244BD118294B03221800F6F7E0FB7C
:1001400049E10F23FB18FF221A7044E1BB1D1B7805
:100150005A1E7B1D1B78591C1A481300DB009B1A82
:10016000DB00C3185B5C002B25D10F23FB1800229A
:100170001A70BB1D1B785A1E7B1D1B78991C1148D9
:100180001300DB009B1ADB00C3185A5C104B1A707B
:10019000BB1D1B785A1E7B1D1B78591D1300DB00ED
:1001A0009B1ADB005A18074BD1180A4B0322180080
:1001B000F6F7A6FB0FE10F23FB18FF221A700AE1E6
:1001C00078260020A80A0020F4ED0208551D002022
:1001D000792600207C26002080260020842600200E
:1001E000BB1D1B785A1E7B1D1B78591C7D481300B4
:1001F000DB009B1ADB00C3185B5C002B25D10F23AF
:10020000FB1800221A70BB1D1B785A1E7B1D1B7821
:10021000991C74481300DB009B1ADB00C3185A5C5E
:10022000714B1A70BB1D1B785A1E7B1D1B78591D04
:100230001300DB009B1ADB005A186A4BD1186B4B7A
:1002400005221800F6F75CFBC5E00F23FB18FF2220
:100250001A70C0E0BB1D1B785A1E7B1D1B78591CF1
:1002600060481300DB009B1ADB00C3185B5C002BAB
:100270004BD10F23FB1800221A70BB1D1B785A1E8E
:100280007B1D1B78991C57481300DB009B1ADB0071
:10029000C3185A5C544B1A70BB1D1B785A1E7B1D29
:1002A0001B78591D1300DB009B1ADB005A184D4BBD
:1002B000D1184E4B05221800F6F722FBBB1D1B7808
:1002C0005A1E7B1D1B78093319001300DB009B1A93
:1002D000DB005A18434BD118454B05221800F6F79E
:1002E0000FFBBB1D1B785A1E7B1D1B780D3319009D
:1002F0001300DB009B1ADB005A183A4BD1183D4B18
:1003000005221800F6F7FCFA65E00F23FB18FF2220
:100310001A7060E0BB1D1B785A1E7B1D1B78591C90
:1003200030481300DB009B1ADB00C3185B5C002B1A
:100330004BD10F23FB1800221A70BB1D1B785A1ECD
:100340007B1D1B78991C27481300DB009B1ADB00E0
:10035000C3185A5C244B1A70BB1D1B785A1E7B1D98
:100360001B78591D1300DB009B1ADB005A181D4B2C
:10037000D1181E4B05221800F6F7C2FABB1D1B78D8
:100380005A1E7B1D1B78093319001300DB009B1AD2
:10039000DB005A18134BD118154B05221800F6F73D
:1003A000AFFABB1D1B785A1E7B1D1B780D3319003D
:1003B0001300DB009B1ADB005A180A4BD1180D4BB7
:1003C00005221800F6F79CFA05E00F23FB18FF2220
:1003D0001A7000E0C0460F23FB181B781800BD46BA
:1003E00005B090BDA80A0020792600207C260020B8
:1003F000802600208426002090B585B000AF040040
:1004000008001100FB1D221C1A70BB1D021C1A7073
:100410007B1D0A1C1A700F243B1900221A70BB1D89
:100420001B785A1E7B1D19780E481300DB009B1A9F
:10043000DB00C3185A5C0C4B1A700B4B1B7818006E
:1004400000F070F903001A003B191B78934202D0A8
:100450003B19FF221A700F23FB181B781800BD46AA
:1004600005B090BDA80A0020FA2D002090B585B0F7
:1004700000AF040008001100FB1D221C1A70BB1DF8
:10048000021C1A707B1D0A1C1A700F243B190022D3
:100490001A70BB1D1B785A1E7B1D19780E4813005D
:1004A000DB009B1ADB00C3185A5C0C4B1A700B4B19
:1004B0001B78180000F092F903001A003B191B7812
:1004C000934202D03B19FF221A700F23FB181B78AE
:1004D0001800BD4605B090BDA80A0020FB2D0020E5
:1004E00090B585B000AF040008001100FB1D221C70
:1004F0001A70BB1D021C1A707B1D0A1C1A700F2378
:10050000FB1800221A70BB1D1B78013B264AD15CE8
:100510000E243B197A1D12788A1A1A70234B1B88F5
:100520001A00234BD018BB1D1B785A1E7B1D19784F
:100530001300DB009B1ADB005A181E4BD1183B1925
:100540001B781A0017F06FF93B191B789AB2174BFA
:100550001B88D3189AB2154B1A80174B1B787F2231
:100560009343DBB2002B18D1BB1D1B78013B5A0211
:10057000124BD0180D4B1B881A000D4B190017F0A9
:1005800052F90B4B64220021180017F024F8074B96
:1005900000221A800A4B02221A700F23FB181B78C4
:1005A0001800BD4605B090BD980A0020AA2F002073
:1005B000AC2F0020A80A0020541D0020280C002089
:1005C000920A0020F0B587B002AF05000C001000C1
:1005D0001900FB1D2A1C1A70BB1D221C1A703B1D22
:1005E000021C1A80FB1C0A1C1A700F203B180022E8
:1005F0001A70BB1D1B785A1E1C491300DB009B1A86
:10060000DB005A5C0C217B181A807B181B88DDB23A
:1006100006003C18FB1D1A78BB1D19783B1D188875
:10062000FB1C1B7800932B00FCF76CFD0300237070
:10063000BB191B78012B12D10C217B181B88DDB252
:10064000BC19FB1D1A78BB1D19783B1D1888FB1CB3
:100650001B7800932B0000F0E9FC030023700F23AC
:10066000FB181B781800BD4605B0F0BDA80A002095
:1006700090B595B000AF14243B1918003C231A0024
:10068000002116F0A8FF3B1D180010231A000021BE
:1006900016F0A1FF80239B00180010F005FB3B190A
:1006A00003221A603B19802252025A603B198022B1
:1006B0005200DA6021007B1800221A617B18402268
:1006C0005A617B1802221A627B1803225A627B1835
:1006D00000229A627B181022DA627B188022920232
:1006E0001A637B18802292045A637B188022920539
:1006F0009A637B18180010F023FB3B1D07221A6039
:100700003B1D02225A603B1D00229A603B1D0022C5
:10071000DA603B1D0221180010F072FEC046BD4693
:1007200015B090BD80B586B000AF0200FB1D1A70F9
:10073000FB1D1B78180006F0A5FD03007B617B699B
:100740001B68234A934209D07B691B68214A934264
:1007500004D07B691B68204A934234D1C0467B6930
:100760001B68DA6980235B021A4080235B029A428D
:10077000F5D0C0467B691B68DA698023DB031A4029
:100780008023DB039A42F5D10C217B18802292034F
:100790001A607B18786919685A6814F0FFFF7B6942
:1007A0001B689A687B691B688021C9030A439A60A9
:1007B0007B69180015F05AF88023DB01012118002D
:1007C00010F012FA00E0FF231800BD4606B080BD0D
:1007D00000380140004400400048004080B582B02D
:1007E00000AF0200FB1D1A70124B134A9A61FB1DE9
:1007F0001B78042B15D89A00104BD3181B689F4602
:10080000012010F0BDF90CE0082010F0B9F908E063
:10081000202010F0B5F904E0022010F0B1F900E05A
:10082000C04610F033FA10F017FA00231800BD4646
:1008300002B080BD007000403F00010028F50208B2
:1008400080B582B000AF0200FB1D1A701F4B1A6901
:1008500080235B001A4080235B009A4230D11B4BFF
:100860001B4A9A61FB1D1B78042B15D89A00194B63
:10087000D3181B689F46012010F0A2F90CE0082055
:1008800010F09EF908E0202010F09AF904E0022010
:1008900010F096F900E0C0468023DB010E480122EB
:1008A000190010F034F9FA239B0018000DF060FED7
:1008B0008023DB0108480022190010F028F900E02D
:1008C00000231800BD4602B080BDC0460070004045
:1008D000000101003CF5020800040050F0B585B0AD
:1008E00000AF0B26BB1900221A700E23FB1808223A
:1008F0001A800823FB1800221A800FF01BFE7623B3
:10090000FF331A0080231B02110018000FF04AFF6A
:10091000BE19FA239B0018000FF052FE030033703B
:100920000B26BB191B78002B03D0554B5B68DBB241
:10093000A2E0544B5A69534B02218A435A61524BED
:100940001B78002B00D195E0504B1B781B029AB20C
:100950004D4B1B78190008203B1852181A803B1881
:100960001B889BB23B6000237B6049493A687B68E7
:1009700001200FF091FD0B23FE18FA239B001800B5
:100980000FF01EFE030033700B23FB181B78002BA7
:1009900003D03B4B5B68DBB26EE03A4B5A69394B94
:1009A00001218A435A610D23FB1801221A705AE073
:1009B0000C23FB1800221A704AE00D203B181B780C
:1009C0005A1E344B16214A43D35A002B3AD00E23D9
:1009D000FB181B882E4A9E183B181B785A1E0C23A6
:1009E000FB1818782B4913009B009B185B009B1881
:1009F0001B185B005B5A1C0000231D0022002B000B
:100A0000310001200FF048FD0B23FE18FA239B0054
:100A100018000FF0D5FD030033700B23FB181B7873
:100A2000002B03D0164B5B68DBB225E0154B5A69EF
:100A3000144B01218A435A610E22BB18BA1812883E
:100A400008321A800C217B181A787B1801321A7030
:100A50000C23FB181B780A2BAFD90D217B181A78B1
:100A60007B1801321A70094B1B780D22BA181278C4
:100A70009A429DD90FF082FD1800BD4605B0F0BD29
:100A8000A49F012000200240341D00207C00002093
:100A900000A807082C190020B0B588B000AF1824B2
:100AA0003B1900221A703B0000221A600433112205
:100AB0000021180016F08FFD0FF03CFDBB235A00FB
:100AC00080231B02110018000FF06CFE25003C195A
:100AD000FA239B0018000FF073FD030023707B19AD
:100AE0001B78002B03D0654B5B68DBB2C1E0644B25
:100AF0005A69634B02218A435A61624BFB611B2393
:100B0000FB1800221A70AAE01B203B181A785E49D5
:100B100013009B009B189B005B5C002B00D198E0AE
:100B20003B00FE221A703B181A7813009B009B189A
:100B30009B00554A99183B0001331422180016F007
:100B400072FE1A23FB1800221A702BE0F9691A238F
:100B5000FB181B78DB003A00D3181A685B68012089
:100B60000FF09AFC18257C19FA239B0018000FF04F
:100B700027FD030023707B191B78002B03D03F4B0C
:100B80005B68DBB275E03E4B5A693D4B01218A43FD
:100B90005A61FB690833FB611A217B181A787B18AC
:100BA00001321A701A23FB181B78042BCED9192393
:100BB000FB1800221A7036E0F8691B23FB181A781C
:100BC000314913009B009B189B00CB180C331B680A
:100BD0001922BA18127892009B181A685B680100F3
:100BE00001200FF059FC18257C19FA239B001800EE
:100BF0000FF0E6FC030023707B191B78002B03D059
:100C00001E4B5B68DBB234E01D4B5A691C4B012163
:100C10008A435A61FB690833FB6119217B181A78F2
:100C20007B1801321A701923FB181C781B23FB1840
:100C30001A78154913009B009B189B00CB180C33A6
:100C40001B681800EFF76AFA030001339B089C4207
:100C5000B2D31B217B181A787B1801321A700B4B08
:100C60001B781B22BA1812789A4200D24CE70FF078
:100C700085FC1800BD4608B0B0BDC046A49F012049
:100C80000020024000B00708E81D0020950A00205F
:100C900080B500AF8F239A00084B0021180016F092
:100CA0009AFC074B01221A70064B00221A70FFF7BC
:100CB00015FE03001800BD4680BDC0462C1900205B
:100CC0007C000020341D0020F0B589B004AF050081
:100CD0000C0010001900FB1D2A1C1A70BB1D221CE1
:100CE0001A707B1D021C1A703B1D0A1C1A700F25FE
:100CF0007B1900221A700E26BB1900221A704A4B6B
:100D00001A787C19BB1D1B7819001000F4F764FBDE
:100D1000030023703B1D1B78002B0ED0424B1B7829
:100D2000BA1D12789A4208D17B193A1D12781A70AE
:100D3000BB193D4A12781A701BE03B1D1B78002B33
:100D400017D1BB1D1B78013B384AD35C012B05D161
:100D50000E23FB18344A12781A700AE0BB1D1B7868
:100D6000013B324AD35C5A1E0E23FB1830498A5C81
:100D70001A702D4B1B78FA1D12789A422FD10AF067
:100D800025FA0300BB603B1D1B78002B08D1294BC3
:100D90001968BB1D1A78BB68180016F09DFB08E0A7
:100DA000254B1968BB1D1A783B1D1B78B86816F0D7
:100DB00093FB224B1A68BB681100180016F013FC55
:100DC000BB681800EFF7AAF903009AB2B9687B1D57
:100DD0001878322306F0F6F964200DF0C9FB7B1D6C
:100DE0001B78180000F02CF80F257B191B781800D1
:100DF00000F026F80C4B19780B4B1C787B191A78ED
:100E00007B1D18780023039301235B420293012387
:100E10005B420193022300932300FAF767FEC0466A
:100E2000BD4605B0F0BDC046341D0020681B002043
:100E30008C2600206C000020740000207000002030
:100E400080B584B000AF0200FB1D1A70FB1D1B783B
:100E5000180006F017FA0300FB60FB68180012F098
:100E6000DFFDFB688022D2001A61FB6880225201FC
:100E70009A60FB68180012F07DFDFB681B681A6819
:100E8000FB681B6820210A431A60C046BD4604B0B7
:100E900080BD000080B586B002AF524B5A6B514BFB
:100EA00002210A435A634F4B5B6B02221340BB6023
:100EB000BB684C4B5A6B4B4B01210A435A63494B5D
:100EC0005B6B012213407B607B6805F001FD05F040
:100ED0003DFD05F079FD05F0B5FD05F0E3FD05F0FC
:100EE00011FE05F07BFA05F0EDF905F00BFB01238F
:100EF000FB6061E0FB68DBB2180006F0C3F902009A
:100F0000394B9A4206D1FB685A1E384B9200384939
:100F1000D1504EE0FB68DBB2180006F0B3F90200D6
:100F2000344B9A4206D1FB685A1E304B920032492C
:100F3000D1503EE0FB68DBB2180006F0A3F90200D6
:100F40002E4B9A4206D1FB685A1E284B92002C4920
:100F5000D1502EE0FB68DBB2180006F093F90200D6
:100F6000284B9A4206D1FB685A1E204B9200264914
:100F7000D1501EE0FB68DBB2180006F083F90200D6
:100F8000224B9A4206D1FB685A1E184B9200204908
:100F9000D1500EE0FB68DBB2180006F073F90200D6
:100FA0001C4B9A4205D1FB685A1E104B92001A49FD
:100FB000D150FB680133FB60FB68062B9ADD174BB1
:100FC0001B68002B09D1164A16491748134B019389
:100FD0000323009300230BF0C4FAC046BD4604B0BF
:100FE00080BDC0460010024060300020041900207F
:100FF0000C000240F4300020200002408831002024
:10100000340002401C32002048000240B032002070
:101010005C0002404433002070000240BC340020D9
:10102000C409000050F50208B9190108F0B589B0EB
:1010300002AF05000C0010001900BB1D2A1C1A800D
:101040007B1D221C1A703B1D021C1A70FB1C0A1C03
:101050001A701723FB1800221A7000233B6100232B
:10106000FB600023BB60BB1D1B88643B062B01D9C2
:1010700000F0F9FB9A00C34BD3181B689F467B1DF9
:101080001B785A1E3023FB181978BF481300DB0069
:101090009B1ADB00C3185B5C180001F0F3F900F049
:1010A000EAFB01F035FAE6E3B84B1B78002B02D0DF
:1010B00001F02EFADFE37B1D1B785A1E3023FB184C
:1010C0001978B1481300DB009B1ADB00C3185B5C86
:1010D000180001F0D7F9CEE37B1D1B785A1E30258E
:1010E0007B191978A8481300DB009B1ADB00C31892
:1010F0005B5C002B1ED17B1D1B785A1E7B191B7855
:10110000591CA1481300DB009B1ADB00C3185C5C70
:101110007B1D1B785A1E7B191B78991C9A4813005B
:10112000DB009B1ADB00C3185B5C1900200001F098
:1011300079FA9DE37B1D1B785A1E3026BB1919785E
:1011400091481300DB009B1ADB00C3185B5C012B8A
:1011500000D08DE37B1D1B785A1EBB191B78591CD0
:1011600089481300DB009B1ADB00C3185C5C7B1D05
:101170001B785A1EBB191B78991C83481300DB008F
:101180009B1ADB00C3185D5C7B1D1B785A1EBB19C4
:101190001B78D91C7C481300DB009B1ADB00C318AA
:1011A0005E5C7B1D1B785A1E3023FB181B78191DB3
:1011B00075481300DB009B1ADB00C3185B5C320030
:1011C0002900200001F0FCF952E37B1D1B785A1E18
:1011D00030257B1919786C481300DB009B1ADB0063
:1011E000C3185B5C002B00D0D2E07B1D1B785A1E1D
:1011F0007B191B78991C64481300DB009B1ADB00E9
:10120000C3185B5C1C007B1D1B785A1E7B191B7866
:10121000D91C5D481300DB009B1ADB00C3185B5C24
:101220001B02E1187B1D1B785A1E7B191B78181DA9
:10123000554C1300DB009B1ADB00E3181B5C1B04FE
:10124000C9187B1D1B785A1E7B191B78581D4E4CE4
:101250001300DB009B1ADB00E3181B5C1B06CB189A
:101260003B617B1D1B785A1E7B191B78991D4648D4
:101270001300DB009B1ADB00C3185B5C1C007B1DAA
:101280001B785A1E7B191B78D91D3F481300DB00C1
:101290009B1ADB00C3185B5C1B02E1187B1D1B78EB
:1012A0005A1E7B191B7808331800374C1300DB00DB
:1012B0009B1ADB00E3181B5C1B04C9187B1D1B7801
:1012C0005A1E7B191B78093318002F4C1300DB00C2
:1012D0009B1ADB00E3181B5C1B06CB18FB607B1D15
:1012E0001B785A1E7B191B780A33190026481300F5
:1012F000DB009B1ADB00C3185B5C1C007B1D1B78AA
:101300005A1E7B191B780B3319001F481300DB0092
:101310009B1ADB00C3185B5C1B02E1187B1D1B786A
:101320005A1E7B191B780C331800174C1300DB0076
:101330009B1ADB00E3181B5C1B04C9187B1D1B7880
:101340005A1E7B191B780D3318000F4C1300DB005D
:101350009B1ADB00E3181B5C1B06CB18BB607B1DD4
:101360001B785A1E7B191B78591C07481300DB0099
:101370009B1ADB00C318585CBB68FA68396901F036
:101380001FFA77E25CF50208A80A0020C2340020A8
:101390007B1D1B785A1E30257B191978C248130013
:1013A000DB009B1ADB00C3185B5C012B00D061E201
:1013B0007B1D1B785A1E7B191B78191DBA48130018
:1013C000DB009B1ADB00C3185B5C1C007B1D1B78D9
:1013D0005A1E7B191B78591DB3481300DB009B1A5A
:1013E000DB00C3185B5C1B02E1187B1D1B785A1ED7
:1013F0007B191B78981DAC4C1300DB009B1ADB009B
:10140000E3181B5C1B04C9187B1D1B785A1E7B1933
:101410001B78D81DA44C1300DB009B1ADB00E318DB
:101420001B5C1B06CB183B617B1D1B785A1E7B196E
:101430001B78083319009C481300DB009B1ADB0063
:10144000C3185B5C1C007B1D1B785A1E7B191B7824
:101450000933190094481300DB009B1ADB00C31802
:101460005B5C1B02E1187B1D1B785A1E7B191B78E5
:101470000A3318008C4C1300DB009B1ADB00E318C6
:101480001B5C1B04C9187B1D1B785A1E7B191B781B
:101490000B331800844C1300DB009B1ADB00E318AD
:1014A0001B5C1B06CB18FB607B1D1B785A1E7B192F
:1014B0001B780C3319007C481300DB009B1ADB00FF
:1014C000C3185B5C1C007B1D1B785A1E7B191B78A4
:1014D0000D33190074481300DB009B1ADB00C3189E
:1014E0005B5C1B02E1187B1D1B785A1E7B191B7865
:1014F0000E3318006C4C1300DB009B1ADB00E31862
:101500001B5C1B04C9187B1D1B785A1E7B191B789A
:101510000F331800644C1300DB009B1ADB00E31848
:101520001B5C1B06CB18BB607B1D1B785A1E7B19EE
:101530001B78591C5C481300DB009B1ADB00C318A6
:101540005C5C7B1D1B785A1E2E007B191B78991C36
:1015500055481300DB009B1ADB00C3185D5C7B1D44
:101560001B785A1EBB191B78D91C4F481300DB008F
:101570009B1ADB00C3185A5C3969BB680193FB688E
:1015800000930B002900200001F0D8F872E17B1DC8
:101590001B785A1E30257B191B78591C42481300B2
:1015A000DB009B1ADB00C3185B5C1C007B1D1B78F7
:1015B0005A1E7B191B78991C3B481300DB009B1AB1
:1015C000DB00C3185B5C1B02E1187B1D1B785A1EF5
:1015D0007B191B78D81C344C1300DB009B1ADB00F2
:1015E000E3181B5C1B04C9187B1D1B785A1E7B1952
:1015F0001B78181D2C4C1300DB009B1ADB00E31832
:101600001B5C1B06CB183B617B1D1B785A1E7B198C
:101610001B78591D24481300DB009B1ADB00C318FC
:101620005B5C1C007B1D1B785A1E7B191B78991D67
:101630001D481300DB009B1ADB00C3185B5C1B0218
:10164000E1187B1D1B785A1E7B191B78D81D164C80
:101650001300DB009B1ADB00E3181B5C1B04C9189A
:101660007B1D1B785A1E7B191B78083318000E4C03
:101670001300DB009B1ADB00E3181B5C1B06CB1876
:10168000BB607B1D1B785A1E7B1919780648130016
:10169000DB009B1ADB00C3185B5CBA683969180071
:1016A00001F0BEF8E7E0C046A80A00207B1D1B78C9
:1016B0005A1E30257B191B78991C72481300DB00D9
:1016C0009B1ADB00C3185B5C1C007B1D1B785A1E39
:1016D0007B191B78D91C6B481300DB009B1ADB00BD
:1016E000C3185B5C1B02E1187B1D1B785A1E7B191B
:1016F0001B78181D634C1300DB009B1ADB00E318FA
:101700001B5C1B04C9187B1D1B785A1E7B191B7898
:10171000581D5C4C1300DB009B1ADB00E3181B5CBC
:101720001B06CB183B617B1D1B785A1E7B191B784F
:10173000991D54481300DB009B1ADB00C3185B5C47
:101740001C007B1D1B785A1E7B191B78D91D4D4828
:101750001300DB009B1ADB00C3185B5C1B02E11863
:101760007B1D1B785A1E7B191B7808331800454CCB
:101770001300DB009B1ADB00E3181B5C1B04C91879
:101780007B1D1B785A1E7B191B78093318003D4CB2
:101790001300DB009B1ADB00E3181B5C1B06CB1855
:1017A000FB607B1D1B785A1E7B191B780A331900BE
:1017B00034481300DB009B1ADB00C3185B5C1C0081
:1017C0007B1D1B785A1E7B191B780B3319002D4883
:1017D0001300DB009B1ADB00C3185B5C1B02E118E3
:1017E0007B1D1B785A1E7B191B780C331800254C67
:1017F0001300DB009B1ADB00E3181B5C1B04C918F9
:101800007B1D1B785A1E7B191B780D3318001D4C4D
:101810001300DB009B1ADB00E3181B5C1B06CB18D4
:10182000BB607B1D1B785A1E7B1919781548130065
:10183000DB009B1ADB00C3185C5C7B1D1B785A1E07
:101840007B191B78591C0F481300DB009B1ADB0027
:10185000C318595CF8683A69BB680093030020001C
:1018600001F00EF807E01723FB1801221A7002E0BE
:10187000C04600E0C0461723FB181B781800BD4681
:1018800007B0F0BDA80A002080B582B000AF786034
:101890007B681B68164A934201D1012323E07B68D1
:1018A0001B68144A934201D102231CE07B681B6829
:1018B000114A934201D1032315E07B681B680F4A4C
:1018C000934201D104230EE07B681B680C4A9342CB
:1018D00001D1052307E07B681B680A4A934201D1C6
:1018E000062300E000231800BD4602B080BDC046BC
:1018F000004C0040004400400048004000380140D7
:1019000000500040003C014080B500AF154B18006E
:1019100009F0A6FB144B180009F0A2FB134B1800AA
:1019200009F09EFB124B180009F09AFB114B1800AE
:1019300009F096FB104B180009F092FB0F4B1800B2
:1019400009F08EFB0E4B180009F08AFB0D4B1800B6
:1019500009F086FB0C4B180009F082FBC046BD461F
:1019600080BDC04664EE0208CCEE0208FCEE020820
:10197000C4EF020860F00208D0F00208C4F10208C7
:10198000C4F20208D4F3020818F5020880B584B046
:1019900000AF02003960FB1D1A700F217B18002276
:1019A0001A707B1867221A70C0467B181B781800C3
:1019B000BD4604B080BD000080B582B000AF786045
:1019C000284B1B780C2B46D89A00274BD3181B6842
:1019D0009F46244B1B78180000F020F93FE0214B74
:1019E0001B78180000F01AF939E000F083F936E0AE
:1019F00000F0E8F933E01B4B1B78180000F006FB01
:101A00002DE0184B1B78180000F000FB27E0154B69
:101A10001B78180000F0FAFA21E0124B1B7818002E
:101A200000F0F4FA1BE00F4B1B78180000F0EEFA00
:101A300015E00C4B1B78180000F0E8FA0FE0094B9A
:101A40001B78180000F0E2FA09E0064B1B7818003A
:101A500000F0DCFA03E00A2009F040FAC04609F081
:101A60002FFEADE7C134002078F50208B0B584B090
:101A700000AF05000C0010001900FB1D2A1C1A7095
:101A8000BB1D221C1A707B1D021C1A703B1D0A1CF8
:101A90001A705C4BFB605C4B1B68FA68DA625B4B4C
:101AA0001B68FA68DA625A4B1B68FA68DA623B1DF7
:101AB0001B781800EFF7C4FB031C5649181CEEF7FF
:101AC000D7FE031C1C1CFB1D1B781800EFF7B8FB8E
:101AD000031C5149181CEEF7CBFE031C191C201CDB
:101AE000EFF7ACF8031C1C1CF868EFF7F5FB031CC0
:101AF000191C201CEFF7A2F8031C1A1C424B1C688F
:101B0000101CEEF763FD030063633B1D1B78180098
:101B1000EFF796FB031C3F49181CEEF7A9FE031CC8
:101B20001C1C7B1D1B781800EFF78AFB031C3A492D
:101B3000181CEEF79DFE031C191C201CEFF77EF805
:101B4000031C1C1CF868EFF7C7FB031C191C201CA6
:101B5000EFF774F8031C1A1C2C4B1C68101CEEF7D2
:101B600035FD030063633B1D1B781800EFF768FB2E
:101B7000031C2849181CEEF77BFE031C1C1CBB1D14
:101B80001B781800EFF75CFB031C2349181CEEF7C9
:101B90006FFE031C191C201CEFF750F8031C1C1CC3
:101BA000F868EFF799FB031C191C201CEFF746F8A7
:101BB000031C1A1C164B1C68101CEEF707FD0300D3
:101BC000A363114B0021180010F066FD031E01D025
:101BD000FF2312E00D4B0021180010F05DFD031EE5
:101BE00001D0FF2309E00A4B0421180010F054FD36
:101BF000031E01D0FF2300E000231800BD4604B0FF
:101C0000B0BDC046FF030000D833002024340020BC
:101C1000703400200000C84200007F4390B585B0BA
:101C200000AF0200FB1D1A700F23FB1800221A7070
:101C3000284B00229B5E002B04DC264B00229B5E7F
:101C400001333ED1FB1D1B78012B09D1224B1878A3
:101C5000224B1978224B1A78642300F0B1FC09E07A
:101C6000FB1D1B78022B05D11E4B1B78642118002D
:101C700000F0D8FC1C4B1B68180009F02FF90F244A
:101C80003B191A4A12781A7000F042FC174B3A19A5
:101C900012781A70164B1A68134B1B68D31A180067
:101CA00009F01CF90B4B00229B5E002B0DDD094B4C
:101CB00000229B5E9BB2013B9BB21AB2054B1A807D
:101CC00003E00A4B00221A70C046C046BD4605B06C
:101CD00090BDC046C6340020C3340020C434002068
:101CE000C5340020C0340020C8340020C134002096
:101CF000CC34002080B500AF2F4B1B6806211800A4
:101D0000EEF728FA03001A002C4B1A602C4B002225
:101D10009B5E002B04DC2A4B00229B5E013344D1E6
:101D20006421032000F07EFC244B1B68180009F09E
:101D3000D5F86421052000F075FC204B1B681800C5
:101D400009F0CCF86421082000F06CFC1B4B1B68E8
:101D5000180009F0C3F86421062000F063FC174B5B
:101D60001B68180009F0BAF86421042000F05AFC3E
:101D7000124B1B68180009F0B1F86421072000F02D
:101D800051FC0E4B1B68180009F0A8F80C4B002200
:101D90009B5E002B0CDD0A4B00229B5E9BB2013B3D
:101DA0009BB21AB2064B1A8002E000F0B1FBC046AB
:101DB000C046BD4680BDC046CC340020DC34002087
:101DC000C634002080B582B000AF8D4B1B68062161
:101DD0001800EEF7BFF903001A008A4B1A608A4B0D
:101DE00000229B5E002B05DC874B00229B5E0133AB
:101DF00000D0FEE0FB1D00221A701FE0FB1D1978C9
:101E000064230022FF2000F0DBFB7E4B1B68FF21D8
:101E10001800EEF79FF903001800F1F737F90200F8
:101E20000B0010001900EEF7E9FB0300180009F0A1
:101E300055F8FB1D1A78FB1D01321A70FB1D1B782B
:101E4000FF2BDBD1BB1DFF221A701FE0BB1D1878D2
:101E500064230022FF2100F0B3FB6A4B1B68FF21C3
:101E60001800EEF777F903001800F1F70FF90200F8
:101E70000B0010001900EEF7C1FB0300180009F079
:101E80002DF8BB1D1A78BB1D013A1A70BB1D1B78BB
:101E9000002BDBD17B1D00221A701FE07B1D1A78FE
:101EA0006423FF21002000F08BFB564B1B68FF21B1
:101EB0001800EEF74FF903001800F1F7E7F80200F9
:101EC0000B0010001900EEF799FB0300180009F051
:101ED00005F87B1D1A787B1D01321A707B1D1B785B
:101EE000FF2BDBD13B1DFF221A701FE03B1D197831
:101EF0006423FF22002000F063FB424B1B68FF219C
:101F00001800EEF727F903001800F1F7BFF80200F8
:101F10000B0010001900EEF771FB0300180008F029
:101F2000DDFF3B1D1A783B1D013A1A703B1D1B78E3
:101F3000002BDBD1FB1C00221A701FE0FB1C187861
:101F40006423FF22002100F03BFB2E4B1B68FF2186
:101F50001800EEF7FFF803001800F1F797F80200F9
:101F60000B0010001900EEF749FB0300180008F001
:101F7000B5FFFB1C1A78FB1C01321A70FB1C1B7886
:101F8000FF2BDBD1BB1CFF221A701FE0BB1C1A7891
:101F900064230021FF2000F013FB1A4B1B68FF2174
:101FA0001800EEF7D7F803001800F1F76FF80200F9
:101FB0000B0010001900EEF721FB0300180008F0D9
:101FC0008DFFBB1C1A78BB1C013A1A70BB1C1B7816
:101FD000002BDBD10C4B00229B5E002B0CDD0A4B4F
:101FE00000229B5E9BB2013B9BB21AB2064B1A8049
:101FF00002E000F08DFAC046C046BD4602B080BD8A
:10200000CC340020E0340020C634002090B587B0E6
:1020100000AF0200FB1D1A700B23FB1800221A7080
:10202000DA4B00229B5E002B05DCD84B00229B5E26
:10203000013300D014E20B23FB18D54A12781A7032
:10204000FB1D1B78052B22D11723FB1800221A70C9
:1020500017E0D04B1A7817243B191B781900100091
:1020600000F0E0FACC4B1B6864211800EEF772F820
:102070000300180008F032FF3B191A783B190132AF
:102080001A701723FB181B78642BE2D9D9E1FB1DCA
:102090001B78062B2AD11623FB1800221A701AE08F
:1020A000BC4B1A7816243B191B781900100000F05D
:1020B000B9FAB94B1A68B94B1B68D31A64211800D6
:1020C000EEF748F80300180008F008FF3B191A78EB
:1020D0003B1901321A701623FB181B78642BDFD9C9
:1020E000AE4B1B68180008F0F9FEAAE1FB1D1B7837
:1020F000072B24D11523FB1865221A7019E0A54B74
:102100001A7815243B191B78013BDBB2190010002B
:1021100000F088FAA04B1B6864211800EEF71AF84B
:102120000300180008F0DAFE3B191A783B19013A4F
:102130001A701523FB181B78002BE0D181E1FB1DE1
:102140001B78082B2CD11423FB1865221A701CE075
:10215000904B1A7814243B191B78013BDBB2190011
:10216000100000F05FFA8C4B1A688C4B1B68D31A76
:1021700064211800EDF7EEFF0300180008F0AEFE32
:102180003B191A783B19013A1A701423FB181B7873
:10219000002BDDD1814B1B68180008F09FFE50E139
:1021A000FB1D1B78092B46D11323FB1800221A7044
:1021B00017E0784B1A7813243B191B78190010008C
:1021C00000F030FA744B1B68C8211800EDF7C2FF0D
:1021D0000300180008F082FE3B191A783B190132FF
:1021E0001A701323FB181B78642BE2D91223FB18F7
:1021F00065221A7019E0674B1A7812243B191B7874
:10220000013BDBB21900100000F00CFA624B1B68B6
:10221000C8211800EDF79EFF0300180008F05EFECD
:102220003B191A783B19013A1A701223FB181B78D4
:10223000002BE0D105E1FB1D1B780A2B46D11123B1
:10224000FB1865221A7019E0524B1A7811243B19B9
:102250001B78013BDBB21900100000F0E3F94E4B94
:102260001B68C8211800EDF775FF0300180008F07F
:1022700035FE3B191A783B19013A1A701123FB18E5
:102280001B78002BE0D11023FB1800221A7017E0F6
:10229000404B1A7810243B191B781900100000F0ED
:1022A000C1F93D4B1B68C8211800EDF753FF03002F
:1022B000180008F013FE3B191A783B1901321A7006
:1022C0001023FB181B78642BE2D9BAE0FB1D1B78A6
:1022D0000B2B51D10F23FB1800221A701AE02D4B43
:1022E0001A780F243B191B781900100000F09AF996
:1022F000294B1A68294B1B68D31AC8211800EDF71F
:1023000029FF0300180008F0E9FD3B191A783B1972
:1023100001321A700F23FB181B78642BDFD90E23B0
:10232000FB1865221A701CE01A4B1A780E243B1910
:102330001B78013BDBB21900100000F073F9164B5B
:102340001A68164B1B68D31AC8211800EDF702FF54
:102350000300180008F0C2FD3B191A783B19013A36
:102360001A700E23FB181B78002BDDD10B4B1B685A
:10237000180008F0B3FD64E0FB1D1B780C2B60D146
:102380000D23FB1865221A7027E0C046C6340020D2
:10239000C1340020C0340020CC340020C8340020D8
:1023A000334B1A780D243B191B78013BDBB2190023
:1023B000100000F037F92F4B1A682F4B1B68D31A07
:1023C000C8211800EDF7C6FE0300180008F086FDCE
:1023D0003B191A783B19013A1A700D23FB181B7828
:1023E000002BDDD10C23FB1800221A701AE0204BC1
:1023F0001A780C243B191B781900100000F012F910
:102400001C4B1A681C4B1B68D31AC8211800EDF727
:10241000A1FE0300180008F061FD3B191A783B1972
:1024200001321A700C23FB181B78642BDFD9124B76
:102430001B68180008F052FD104B0B22BA181278D6
:102440001A700F4B00229B5E002B0DDD0C4B0022FF
:102450009B5E9BB2013B9BB21AB2094B1A8003E010
:10246000064B00221A70C046C046BD4607B090BD5C
:10247000C0340020CC340020C8340020C1340020F7
:10248000C6340020B0B584B000AF0200FB1D1A7046
:102490000F23FB1800221A70FB1D1B78002B10D194
:1024A000174B1B6800225A63164B1B6800225A63A5
:1024B000154B1B6800229A63144B00221A700023EC
:1024C0001AE0FB1D1B78642B15D80F257C19FB1D0A
:1024D0001B78FF22FF21FF20FFF7C8FA03002370BB
:1024E0007B191B78002B02D1084B01221A700F2395
:1024F000FB181B7800E003231800BD4604B0B0BDF4
:10250000D83300202434002070340020C23400204E
:1025100080B500AF124B0021180010F0ADF9114B3F
:102520000021180010F0A8F90F4B0421180010F03A
:10253000A3F90B4B1B6800225A630A4B1B6800224D
:102540005A63094B1B6800229A63084B00221A70D9
:10255000074B00221A7000231800BD4680BDC046FC
:10256000D83300202434002070340020C2340020EE
:10257000C134002090B585B000AF0200FB1D1A7079
:102580000F217B1800221A700C4B1B78002B05D0F2
:102590007C18FFF7BDFF0300237008E00F23FC1831
:1025A000FB1D1B781800FFF76DFF030023700F233E
:1025B000FB181B781800BD4605B090BDC234002042
:1025C000B0B582B000AF05000C0010001900FB1D73
:1025D0002A1C1A70BB1D221C1A707B1D021C1A704B
:1025E0003B1D0A1C1A703B1D1B78002B04D10020D8
:1025F000FFF748FF030011E03B1D1B78642B01D956
:1026000003230BE03B1D1C787B1D1A78BB1D19783A
:10261000FB1D18782300FFF729FA03001800BD46B8
:1026200002B0B0BD90B585B000AF0200FB1D1A70BE
:10263000BB1D0A1C1A700F23FB1800221A70BB1D49
:102640001B78002B04D10020FFF71CFF03006FE074
:10265000BB1D1B78642B01D9032369E0FB1D1B788C
:10266000082B5DD89A00344BD3181B689F460F2364
:10267000FC18FFF74DFF0300237056E00F23FC18F2
:10268000BB1D1B781800FFF7FDFE030023704CE014
:102690000F23FC18BB1D1B7800220021FF20FFF731
:1026A0008FFF0300237040E00F23FC18BB1D1B7835
:1026B000FF2200210020FFF783FF0300237034E096
:1026C0000F23FC18BB1D1B780022FF21FF20FFF702
:1026D00077FF0300237028E00F23FC18BB1D1B7835
:1026E000FF22FF210020FFF76BFF030023701CE097
:1026F0000F23FC18BB1D1B78FF220021FF20FFF7D2
:102700005FFF0300237010E00F23FC18BB1D1B7834
:102710000022FF210020FFF753FF0300237004E095
:102720000F23FB1802221A70C0460F23FB181B78D8
:102730001800BD4605B090BDACF5020890B585B057
:1027400000AF0400080011003B60FB1D221C1A7042
:10275000BB1D021C1A707B1D0A1C1A700F217B18EE
:1027600000221A700F4BFA1D12781A700E4BBA1D08
:1027700012781A700D4B7A1D12781A700C4B3A6849
:102780001A600C4B3A6A1A607B6A1AB20A4B1A80BA
:102790000A4B01221A707B181B781800BD4605B041
:1027A00090BDC046C3340020C4340020C53400208E
:1027B000CC340020C8340020C6340020C1340020AE
:1027C00080B586B000AFB9607A603B600F217B189E
:1027D000021C1A7017203B1800221A700B4B7A1833
:1027E00012781A700A4BBA681A600A4B7A681A6033
:1027F0003B681AB2084B1A80084B02221A703B1829
:102800001B781800BD4606B080BDC046C03400200D
:10281000CC340020C8340020C6340020C13400204D
:1028200080B586B000AFB9607A600F217B18021CBA
:102830001A700A00BB181B78032B03D0BB181B7837
:10284000042B12D117217B1800221A70094BBA6889
:102850001A607B681AB2084B1A80084B0F22BA180C
:1028600012781A707B181B7800E004231800BD460C
:1028700006B080BDCC340020C6340020C134002016
:1028800090B587B000AFBA607B600F243B19021C83
:102890001A700E203B180A1C1A7001007B181B7856
:1028A000042B1CD97B181B780C2B18D817203B182D
:1028B00000221A700C4B3A1912781A700B4BBA6836
:1028C0001A600B4B7A681A60BB6A1AB2094B1A80FD
:1028D000094B7A1812781A703B181B7800E0042311
:1028E0001800BD4607B090BDC0340020CC34002095
:1028F000C8340020C6340020C1340020B0B586B0F2
:1029000002AFF860B9607A60FFF702FE322103205F
:10291000FFF788FE2F4B1C782F4B1D682E4B1B6832
:102920001800EDF7FBFB03009AB20A2300930A2379
:102930002900200004F0F0FBFA239B0018000BF0A4
:1029400017FEFFF7E5FD32210820FFF76BFE214B54
:102950001C78224B1D68214B1B681800EDF7DEFB2D
:1029600003009AB20A2300930A232900200004F0EE
:10297000D3FBFA239B0018000BF0FAFDFFF7C8FD0C
:1029800032210420FFF74EFE124B1C78144B1D68B9
:10299000134B1B681800EDF7C1FB03009AB20A2322
:1029A00000930A232900200004F0B6FBFA239B00C1
:1029B00018000BF0DDFDFFF7ABFDFA68094B1000C6
:1029C000190003231A0014F02EFF00231800BD463F
:1029D00004B0B0BD900A0020C4010020C80100204E
:1029E000CC010020D0F50208F0B589B000AFF86046
:1029F000B9607A601F243B1900221A7000237B61A2
:102A00001E257B1900221A701423FA187B680121F5
:102A1000180008F0E3FB0300BB61BB69180013F06A
:102A2000E0F902007B191A7026003C197B191B780B
:102A30001800FFF727FD03002370BB191B78002B3C
:102A400008D10D4B19687B191A78FB68180014F02F
:102A500043FD0BE01F23FB181B78032B06D1074B0C
:102A60001A68FB681100180014F0D5FE0023180046
:102A7000BD4609B0F0BDC046D0010020D401002001
:102A800080B584B000AFF860B9607A60064B1A6810
:102A9000FB681100180014F0BEFEFFF739FD00239B
:102AA0001800BD4604B080BDD8010020F0B58DB03F
:102AB00000AFF860B9607A602E23FB1800221A700C
:102AC0002F243B1900221A702D23FB1800221A70A4
:102AD0001C23FB1800221A6004330B22002118006B
:102AE00014F079FD0023BB6100237B611823FA18E1
:102AF0007B680121180008F071FB0200614B1A602D
:102B0000604B1B68BA696049180014F087FD031E0A
:102B100003D13B1901221A7060E05A4B1B68BA6955
:102B20005A49180014F07AFD031E04D12F23FB1814
:102B300002221A7052E0534B1B68BA6954491800BC
:102B400014F06CFD031E04D12F23FB1803221A700E
:102B500044E04C4B1B68BA694E49180014F05EFD06
:102B6000031E04D12F23FB1804221A7036E0454BB4
:102B70001B68BA694849180014F050FD031E04D1BF
:102B80002F23FB1805221A7028E03E4B1B68BA69F8
:102B90004249180014F042FD031E04D12F23FB18F4
:102BA00006221A701AE0374B1B68BA693C491800B4
:102BB00014F034FD031E04D12F23FB1807221A70D2
:102BC0000CE0304B1B68BA693649180014F026FD3A
:102BD000031E03D12F23FB1808221A701423FA189E
:102BE0007B680221180008F0F9FA02002E4B1A60E7
:102BF0002D4B1B68180013F0F4F802002D257B19EB
:102C00001A702E26BC197B191A782F23FB181B78F3
:102C100011001800FFF706FD03002370BB191B7895
:102C2000002B11D1174B1968BB691A001C243B19E2
:102C3000180014F004FD1D4B19687B191B783A1914
:102C4000F86814F049FC18E02E23FB181B78022BBF
:102C500007D1174B1A68FB681100180014F0DBFD50
:102C60000BE02E23FB181B78032B06D1114B1A689F
:102C7000FB681100180014F0CEFD00231800BD46BB
:102C80000DB0F0BDE4340020D4F50208DCF50208F4
:102C9000E4F50208E8F50208F0F50208F8F5020884
:102CA00000F6020808F60208E8340020DC010020E3
:102CB000E0010020E4010020F0B58DB002AFF86023
:102CC000B9607A602723FB1800221A702626BB19E8
:102CD00000221A7025243B1900221A7024257B1922
:102CE00000221A7023217B1800221A700023FB6136
:102CF0000023BB6100237B6100233B611C22BA18C7
:102D00007B680121180008F069FA0200444B1A6040
:102D1000434B1B68180013F064F80200BB191A70CB
:102D20001822BA187B680221180008F057FA02002E
:102D30003C4B1A603B4B1B68180013F052F8020022
:102D40003B191A701422BA187B680321180008F086
:102D500045FA0200344B1A60334B1B68180013F01D
:102D600040F802007B191A701022BA187B680421FF
:102D7000180008F033FA02002C4B1A602B4B1B682A
:102D8000180013F02EF8020023217B181A70272058
:102D90003C187B181D782422BB181A782523FB18B1
:102DA0001978BB1918782B00FFF70AFC0300237071
:102DB00027203B181B78002B14D11D4B1968BB1919
:102DC0001C782523FB181D782422BB181B7823228E
:102DD000BA181278F868019200932B00220014F0C0
:102DE0007BFB18E02723FB181B78022B07D1114B24
:102DF0001A68FB681100180014F00DFD0BE0272382
:102E0000FB181B78032B06D10B4B1A68FB681100CB
:102E1000180014F000FD00231800BD460BB0F0BDF3
:102E2000EC340020F0340020F4340020F83400208A
:102E3000E8010020EC010020F0010020F0B589B08D
:102E400000AFF860B9607A601F243B1900221A7045
:102E500000237B611E257B1900221A701423FA18A7
:102E60007B680121180008F0B9F90300BB61BB6958
:102E7000180012F0B6FF02007B191A7026003C19E8
:102E80007B191B781800FFF775FB03002370BB1933
:102E90001B78002B0CD1184B1B78002B08D0174B3C
:102EA00019687B191A78FB68180014F015FB1EE0EE
:102EB0001F23FB181B78002B0DD10F4B1B78002B09
:102EC00009D10F4B19681E23FB181A78FB681800EC
:102ED00014F002FB0BE01F23FB181B78032B06D119
:102EE000084B1A68FB681100180014F094FC0023CA
:102EF0001800BD4609B0F0BDC2340020F401002026
:102F0000F8010020FC010020F0B595B002AFF86098
:102F1000B9607A603F23FB1800221A7047243B19DE
:102F200000221A700023BB6300237B6300233B64F1
:102F30002423FB1800221A6004330B2200211800FE
:102F400014F049FB00233B620023FB610023BB61BB
:102F500000237B612023FA187B680121180008F008
:102F60003DF90200744B1A60734B1B683A6A73494F
:102F7000180014F053FB031E03D13B1901221A70F1
:102F800060E06D4B1B683A6A6D49180014F046FB0F
:102F9000031E04D14723FB1802221A7052E0664B2D
:102FA0001B683A6A6749180014F038FB031E04D105
:102FB0004723FB1803221A7044E05F4B1B683A6AF0
:102FC0006149180014F02AFB031E04D14723FB18A3
:102FD00004221A7036E0584B1B683A6A5B491800A5
:102FE00014F01CFB031E04D14723FB1805221A70A2
:102FF00028E0514B1B683A6A5549180014F00EFB43
:10300000031E04D14723FB1806221A701AE04A4B0C
:103010001B683A6A4F49180014F000FB031E04D1E4
:103020004723FB1807221A700CE0434B1B683A6ACF
:103030004949180014F0F2FA031E03D14723FB1884
:1030400008221A701C23FA187B680221180008F065
:10305000C5F80200414B1A60404B1B68180012F083
:10306000C0FE0300BB631823FA187B680321180015
:1030700008F0B4F802003A4B1A60394B1B6818008C
:1030800012F0AFFE03007B631423FA187B6804215F
:10309000180008F0A3F80200324B1A60314B1B688D
:1030A000314A11001800EDF72FF8031E03D1012358
:1030B0005B423B6406E02B4B1B68180012F091FE4C
:1030C00003003B643F26BC193D6C7A6BB96B472308
:1030D000FB1818782B00FFF773FB03002370BB1954
:1030E0001B78002B23D1144B19683B6A1A00242546
:1030F0007B19180014F0A3FA3B6C01330AD11B4B67
:103100001968BC6B7A19F8687B6B0093230014F084
:10311000E3F90CE0164B1968BC6B2423FA18F86825
:103120003B6C01937B6B0093230014F0D5F90023D3
:103130001800BD4613B0F0BDFC340020D4F50208E1
:10314000DCF50208E4F50208E8F50208F0F50208EB
:10315000F8F5020800F6020808F60208003500201B
:10316000043500200835002010F602080002002077
:1031700004020020F0B593B004AFF860B9607A6043
:103180003323FB1800221A7032243B1900221A70D4
:1031900031257B1900221A703026BB1900221A70C3
:1031A0000023FB620023BB6200237B6300237B625E
:1031B00000233B620023FB610023BB6100237B6192
:1031C00000233B612423FA187B680121180008F0D2
:1031D00005F802005D4B1A605C4B1B68180012F08A
:1031E00000FE02003B191A702023FA187B680221A6
:1031F000180007F0F3FF0200554B1A60544B1B6890
:10320000180012F0EEFD02007B191A701C23FA1848
:103210007B680321180007F0E1FF02004D4B1A60A4
:103220004C4B1B68180012F0DCFD0200BB191A7031
:103230001823FA187B680421180007F0CFFF02005A
:10324000454B1A60444B1B68180012F0CAFD03007E
:10325000FB621423FA187B680521180007F0BEFFF3
:1032600002003E4B1A603D4B1B68180012F0B9FD7E
:103270000300BB621023FA187B680621180007F0D0
:10328000ADFF0200364B1A60354B1B68354A110002
:103290001800ECF739FF031E03D101235B427B6367
:1032A00006E02F4B1B68180012F09BFD03007B63A8
:1032B0003326BC19FD6A3023FB181A7831217B189C
:1032C000197832203B1818787B6B0193BB6A009306
:1032D0002B00FFF733FA03002370BB191B78002B78
:1032E0002FD17B6B013315D11F4B196832203B184E
:1032F0001C783122BB181D783023FB181B78F86826
:10330000BA6A0292FA6A019200932B00220014F02A
:10331000E3F816E0154B19683223FB181C783123AB
:10332000FB181D783023FB181B78F8687A6B039222
:10333000BA6A0292FA6A019200932B00220014F0FA
:10334000CBF800231800BD460FB0F0BD0C350020AF
:103350001035002014350020183500201C350020C1
:103360002035002010F60208080200200C02002080
:10337000B0B592B002AFF860B9607A603723FB183D
:1033800000221A703F243B1900221A7000233B636D
:103390000023BB632023FB1800221A6004330B2296
:1033A0000021180014F017F90023FB610023BB6112
:1033B00000237B611C23FA187B680121180007F0A9
:1033C0000DFF02003F4B1A603E4B1B68FA693E49F5
:1033D000180014F023F9031E03D13B1903221A70BD
:1033E0000CE0384B1B68FA693849180014F016F9DC
:1033F000031E03D13F23FB1804221A701823FA1866
:103400007B680221180007F0E9FE0200304B1A60C9
:103410002F4B1B68180012F0E4FC03003B631423DD
:10342000FA187B680321180007F0D8FE0200294B28
:103430001A60284B1B68284A11001800ECF764FE3C
:10344000031E03D101235B42BB6306E0214B1B68D3
:10345000180012F0C6FC0300BB6337257C19BA6B59
:10346000396B3F23FB181B781800FFF7D9F90300CD
:1034700023707B191B78002B1ED1124B1968FB6936
:103480001A0020243B19180014F0D9F8BB6B013343
:1034900007D1124B19683B6B3A19F86814F01CF805
:1034A0000AE00F4B19683C6B2023FA18F868BB6BD5
:1034B0000093230014F010F800231800BD4610B04C
:1034C000B0BDC0462435002014F602081CF60208E0
:1034D000283500202C35002010F6020810020020AC
:1034E00014020020F0B59BB004AFF860B9607A60B8
:1034F0004F23FB1800221A7057243B1900221A7020
:103500005623FB1800221A700023BB6400237B643F
:1035100000233B6500233B640023FB630023BB6364
:1035200000237B6300233B632023FB1800221A60E7
:1035300004330B220021180014F04DF81023FB185F
:1035400000221A6004330B220021180014F043F803
:103550004023FA187B680121180007F03FFE0200A3
:10356000BA4B1A60B94B1B683A6CB949180014F091
:1035700055F8031E03D13B1901221A7060E0B34BCA
:103580001B683A6CB349180014F048F8031E04D1C4
:103590005723FB1802221A7052E0AC4B1B683A6C9E
:1035A000AD49180014F03AF8031E04D15723FB1854
:1035B00003221A7044E0A54B1B683A6CA749180017
:1035C00014F02CF8031E04D15723FB1804221A70A0
:1035D00036E09E4B1B683A6CA149180014F01EF8A7
:1035E000031E04D15723FB1805221A7028E0974BBD
:1035F0001B683A6C9B49180014F010F8031E04D1A4
:103600005723FB1806221A701AE0904B1B683A6C7D
:103610009549180014F002F8031E04D15723FB1833
:1036200007221A700CE0894B1B683A6C8F4918000E
:1036300013F0F4FF031E03D15723FB1808221A705E
:103640003C23FA187B680221180007F0C7FD02002E
:10365000874B1A60864B1B68FA6B8649180013F07B
:10366000DDFF031E04D15623FB1805221A7060E00B
:103670007F4B1B68FA6B8049180013F0CFFF031EC5
:1036800004D15623FB1806221A7052E0784B1B68AF
:10369000FA6B7A49180013F0C1FF031E04D15623B8
:1036A000FB1807221A7044E0714B1B68FA6B7449CF
:1036B000180013F0B3FF031E04D15623FB18082291
:1036C0001A7036E06A4B1B68FA6B6E49180013F0EB
:1036D000A5FF031E04D15623FB1809221A7028E007
:1036E000634B1B68FA6B6849180013F097FF031EC1
:1036F00004D15623FB180A221A701AE05C4B1B688F
:10370000FA6B6249180013F089FF031E04D1562397
:10371000FB180B221A700CE0554B1B68FA6B5C49C6
:10372000180013F07BFF031E03D15623FB180C2255
:103730001A703823FA187B680321180007F04EFD31
:103740000200544B1A60534B1B68180012F049FBDF
:103750000300BB643423FA187B680421180007F0C7
:103760003DFD02004C4B1A604B4B1B68180012F0D9
:1037700038FB03007B643023FA187B6805211800AE
:1037800007F02CFD0200454B1A60444B1B68444A6D
:1037900011001800ECF7B8FC031E03D101235B42B3
:1037A0003B6506E03D4B1B68180012F01AFB030056
:1037B0003B654F26BC197D6CBA6C5623FB181978F3
:1037C0005723FB1818783B6D00932B00FFF758F830
:1037D00003002370BB191B78002B31D11B4B1968D8
:1037E0003B6C1A0020257B19180013F028FF204B92
:1037F0001968FB6B1A001026BB19180013F01FFF85
:103800003B6D01330CD1274B1968BC6C7A19F868F1
:10381000BB1901937B6C0093230013F05DFE0FE056
:10382000214B1968BC6C2023FA18F8683B6D029391
:103830001023FB1801937B6C0093230013F04CFEC4
:1038400000231800BD4617B0F0BDC046303500203B
:10385000D4F50208DCF50208E4F50208E8F50208F0
:10386000F0F50208F8F5020800F6020808F602086A
:103870003435002024F6020828F6020830F6020843
:1038800038F6020844F602084CF6020854F602081C
:1038900060F60208383500203C3500204035002015
:1038A00010F60208180200201C02002080B582B029
:1038B00000AF1A4B9A6B194B01210A439A63174BBD
:1038C0009B6B012213407B607B68144B9A6B134BFC
:1038D00002210A439A63114B9B6B022213403B6007
:1038E0003B680022002109200BF0F8FF09200CF0B2
:1038F0000AF8002200210A200BF0F0FF0A200CF049
:1039000002F8002200210B200BF0E8FF0B200BF047
:10391000FAFFC046BD4602B080BDC046001002405E
:1039200080B582B000AFFB1D00221A703B4B5B7864
:10393000002B0ED13A4B1A683A4B1100180000F0D8
:103940007DF8031E05D0FB1DFF221A70FB1D1B789E
:1039500060E0324B9B78002B0ED1314B5A68324BD2
:103960001100180000F06AF8031E05D0FB1DFF22AD
:103970001A70FB1D1B784DE0284BDB78002B0ED115
:10398000274B9A68294B1100180000F057F8031EC6
:1039900005D0FB1DFF221A70FB1D1B783AE01F4B60
:1039A0001B79002B0ED11E4BDA68214B1100180039
:1039B00000F044F8031E05D0FB1DFF221A70FB1D0A
:1039C0001B7827E0154B5B79002B0ED1144B1A693D
:1039D000184B1100180000F031F8031E05D0FB1D34
:1039E000FF221A70FB1D1B7814E00C4B9B79002BF7
:1039F0000ED10B4B5A69104B1100180000F01EF845
:103A0000031E05D0FB1DFF221A70FB1D1B7801E071
:103A1000FB1D1B781800BD4602B080BDA00A002027
:103A2000943500201C320020F43000208831002022
:103A300060300020B03200204433002090B585B0C3
:103A400000AF786039600F243B1900221A707B6840
:103A50001800FDF719FF03005A1E13005B009B18A6
:103A60009B010F4A99187B68C022180012F01CF8BD
:103A7000031E05D03B19FF221A703B191B780AE080
:103A80003B681B681A683B681B6804218A431A60FC
:103A90000F23FB181B781800BD4605B090BDC0462B
:103AA00058200020F0B587B000AFF860B960BB1DAA
:103AB0001A8017257B1900221A701626BC19FB687C
:103AC0001800FDF7E1FE030023701523FC18BB6806
:103AD0001800FDF7D9FE03002370BB191B785A1E8E
:103AE000314B9200D3583B611523FB181B78002BF8
:103AF00037D1FB681800FDF7C7FE0300013B2B4AD6
:103B00000021D154FB681800FDF7BEFE0300013B05
:103B10005A02274BD318802292000021180013F07C
:103B20005AFDFB681800FDF7AFFE0300013B5A0287
:103B30001F4BD118BB1D1A88FB68180011F0B4FF89
:103B4000031E05D07B19FF221A707B191B7826E013
:103B50003B691B681A683B691B6804218A431A6029
:103B60001AE0BB681B6828331900BB1D1A88FB6864
:103B7000180011F099FF031E06D017217B18FF22B1
:103B80001A707B181B780AE03B691B681A683B694E
:103B90001B6804218A431A601723FB181B7818003E
:103BA000BD4607B0F0BDC04694350020E42D00208E
:103BB000280C002090B587B000AF0200FB1D1A70E2
:103BC00017243B1900221A70FB1D1B78180003F004
:103BD00059FB03003B61FB1D1B785A1E174B9200DB
:103BE000D358FB603B69180010F0AEF8031E05D0F7
:103BF0003B19FF221A703B191B781AE0FB681B68FF
:103C000000225A60FB1D1B780D4AD35C022B0DD19C
:103C1000FB1D1B785A1E0B4B92000021D150FB1D3F
:103C20001B785A1E084B92000021D1501723FB1815
:103C30001B781800BD4607B090BDC04694350020E3
:103C4000A00A0020F02400200825002090B585B0AF
:103C500000AF0200FB1D1A700F243B1900221A70DE
:103C6000FB1D1B781800FFF7A5FF031E05D03B19AD
:103C7000FF221A703B191B780DE0FB1D1B78180002
:103C800003F000FB0300BB60BB68180002F06AFF92
:103C90000F23FB181B781800BD4605B090BD00002F
:103CA00090B585B000AF0200FB1D1A700F243B19C0
:103CB00000221A70FB1D1B781800FFF77BFF031E04
:103CC00005D03B19FF221A703B191B7840E0FB1D01
:103CD0001B78180003F0D6FA0300BB60BB6818001D
:103CE00002F040FFFB1D1B785A1E1B4B9200D3585D
:103CF0009B6A1800FDF7C8FD03001A00174B00214E
:103D00009954FB1D1B785A1E154B92000021D1506F
:103D1000FB1D1B78013B134A0021D154FB1D1B786E
:103D2000180003F0AFFAFB1D1B785A1E0A4B9200D5
:103D3000D3581900FFF782FE031E06D00F217B180F
:103D4000FF221A707B181B7802E00F23FB181B78E8
:103D50001800BD4605B090BD94350020A00A002093
:103D6000D8240020E42D002080B500AF0D4B0E4A72
:103D70001A600C4B1022DA600A4B00225A71094B70
:103D800000221A71074B00225A61064B00229A61E9
:103D9000044B03221A62034B18000BF0D1FDC046FE
:103DA000BD4680BDAC3500200030024080B584B0F7
:103DB00000AF7860084B9A6B074B802149010A439A
:103DC0009A63054B9A6B80235B011340FB60FB6891
:103DD000C046BD4604B080BD0010024080B586B02C
:103DE00000AF78600A00BB1C1A800823FB18002271
:103DF0001A607B68002B00D192E0BB1C1B88002B53
:103E000000D18DE0BB1C1B88032B33D81623FB1875
:103E100000221A7000233B611BE01622BB181B789E
:103E2000BA18591C11701A007B689B18197808235E
:103E3000FA183B69D3180A1C1A70BB1CBA1C1288EA
:103E4000013A1A80BB1C1B88002B06D03B6901334A
:103E50003B613B69032BE0DD00E0C0460823F91815
:103E6000324B012218000BF018FE02001723FB183A
:103E70001A7051E0BB1C1B889B089BB21A00796822
:103E80002A4B18000BF009FE02001723FB181A70CA
:103E9000BB1C1B88032213409BB2002B3CD0BB1CD5
:103EA0001B88DAB21623FB1803218A431A70BB1C45
:103EB000BA1C128803210A401A800023FB601BE011
:103EC0001622BB181B78BA18591C11701A007B688F
:103ED0009B1819780823FA18FB68D3180A1C1A7063
:103EE000BB1CBA1C1288013A1A80BB1C1B88002B11
:103EF00006D0FB680133FB60FB68032BE0DD00E0CC
:103F0000C0460823F918094B012218000BF07EFD6A
:103F100002001723FB181A701723FB181B7800E008
:103F200000231800BD4606B080BDC046AC35002059
:103F300080B500AFBFF34F8FC046044B044ADA6030
:103F4000BFF34F8FC046C046FDE7C04600ED00E01E
:103F50000400FA0590B583B000AFFB1D00221A7073
:103F60003B1D00221A800CF0E5FA3C1D002003F0F6
:103F7000D1FB030023803B1D1B88022B07D03B1D78
:103F80001B880A2B03D03B1D1B880C2B05D100F08E
:103F900066F80CF0F3FAFFF7CBFF0CF0EFFAFB1D1D
:103FA0001B781800BD4603B090BD90B585B000AF3A
:103FB00002003960BB1D1A800F243B1900221A70C1
:103FC0003A68BB1D1B881100180005F031F9031E6B
:103FD00005D03B190A221A703B191B7802E00F2307
:103FE000FB181B781800BD4605B090BDB0B584B075
:103FF00000AF0200BB1D1A803B1D0A1C1A800F2354
:10400000FB1800221A700C257B1900221A800CF074
:1040100091FA7C193B1D1A88BB1D1B8811001800E2
:1040200005F036F9030023807B191A8880235B0092
:104030009A4202D105F050F908E00C23FB181B88C6
:10404000002B03D00CF09AFA0A2304E00CF096FA45
:104050000F23FB181B781800BD4604B0B0BD80B517
:1040600082B000AFFB1D00221A700CF063FA002032
:1040700004F08AFF031E07D00CF080FAFB1D0A2211
:104080001A70FB1D1B7803E00CF078FAFB1D1B78FF
:104090001800BD4602B080BD80B500AF074B1B685D
:1040A000074A934206D0FFF7DAFF031E02D1034B03
:1040B000034A1A60C046BD4680BDC046F07F00205E
:1040C000ADDEEFBE80B586B000AF214B5A6B204B02
:1040D00004210A435A631E4B5B6B042213407B612D
:1040E0007B691B4B5A6B1A4B01210A435A63184BCD
:1040F0005B6B012213403B613B69154B5A6B144BC0
:1041000008210A435A63124B5B6B08221340FB6081
:10411000FB680F4B5A6B0E4B02210A435A630C4B40
:104120005B6B02221340BB60BB68094B5A6B084BA8
:1041300020210A435A63064B5B6B202213407B60AD
:104140007B6800F007F8C046BD4606B080BDC0469B
:104150000010024080B586B000AF3B1D8022D20126
:104160001A603B1D01225A603B1D00229A603B1DD4
:104170000222DA603B1D044A190010000CF03EFBDD
:10418000C046BD4606B080BD00040050F0B593B0F7
:1041900002AF534B5A6B524B01210A435A63504BA7
:1041A0005B6B012213403B613B694D4B5A6B4C4B9F
:1041B00002210A435A634A4B5B6B02221340FB60A5
:1041C000FB68474B5A6B464B04210A435A63444BE6
:1041D0005B6B04221340BB60BB68414B5A6B404B86
:1041E00008210A435A633E4B5B6B082213407B60F5
:1041F0007B682423F8181A257A192823F91818231C
:10420000FB1800930300012000F06EF81C23F8183F
:104210001623FA182023F9181426BB19009303005B
:10422000062000F061F82C217B1801225A607B18CF
:1042300000229A607B191B881A007B181A60BB6ADF
:104240001A000C007B18190010000CF0D7FA21009E
:104250007B1800225A607B1802229A60BB191B88C7
:104260001A007B181A60FB691A007B1819001000ED
:104270000CF0C4FABB6A18007B191B8800221900D5
:104280000CF045FC052002F0FFFAFB691A00BB198F
:104290001B88190010000CF01DFC031E17D1BB6A0F
:1042A00018007B191B88012219000CF030FC052036
:1042B00002F0EAFAFB691A00BB191B88190010000A
:1042C0000CF008FC0300012B01D1012304E0054B95
:1042D000012252421A6000231800BD4611B0F0BD01
:1042E00000100240F07F002080B586B000AFB960BA
:1042F0007A603B600F217B18021C1A701723FB1891
:1043000000221A707B181B78180002F0BBFF030014
:104310003B613A693D4B9A4210D1BB68A022D2055D
:104320001A607B68802292001A803B68A022D20526
:104330001A603B6A8022D2001A8060E03A69344BEE
:104340009A420ED1BB68A022D2051A607B68042273
:104350001A803B68A022D2051A603B6A08221A80A4
:104360004DE03A692B4B9A420ED1BB682A4A1A603B
:104370007B688022D2001A803B68274A1A603B6A19
:10438000802212011A803AE03A69244B9A420ED1F7
:10439000BB68A022D2051A607B6801221A803B68A4
:1043A000A022D2051A603B6A02221A8027E03A69ED
:1043B0001B4B9A420CD1BB681A4A1A607B680822D0
:1043C0001A803B68174A1A603B6A04221A8016E07A
:1043D0003A69154B9A420ED1BB680F4A1A607B6846
:1043E000802252001A803B680B4A1A603B6A802286
:1043F00092001A8003E01723FB18FF221A7017237C
:10440000FB181B781800BD4606B080BD6030002048
:10441000F430002088310020000400501C320020BD
:10442000B0320020000C00504433002080B500AFB3
:104430001D4B1E4A1A601C4B802212065A601A4BF2
:1044400000229A60184B0022DA60174B8022120675
:104450001A61154B04225A61134B00221A76124B33
:1044600000225A76104B01229A760F4B202200210F
:1044700099540D4B00225A620B4B00229A620A4B50
:104480002C2200219954084B00221A63064B180075
:104490000AF014FA031E01D000F060F8044B012268
:1044A0001A70C046BD4680BD9C36002000240140E5
:1044B0007E36002090B58BB000AF786014243B1995
:1044C000180014231A00002113F085F8214B1A6CF0
:1044D000204B802149030A431A641E4B1A6C802327
:1044E0005B0313403B613B691A4B5A6B194B01212B
:1044F0000A435A63174B5B6B01221340FB60FB6856
:10450000154B1B78012B10D13B190C221A603B195B
:1045100003225A603B1900229A603A19A023DB0556
:10452000110018000CF06AF910E014217B18032226
:104530001A607B1803225A607B1800229A607A184E
:10454000A023DB05110018000CF058F9C046BD4649
:104550000BB090BD001002407C36002080B500AF4B
:1045600064200AF005F8C046BD4680BD80B582B023
:1045700000AF78600A00FB1C1A707B681B68174A42
:10458000934205D1FB1C1B78002B01D1144B20E07A
:104590007B681B68114A934205D1FB1C1B78012BD9
:1045A00001D1104B15E07B681B680F4A934205D17F
:1045B000FB1C1B78002B01D101230AE07B681B68E0
:1045C000094A934205D1FB1C1B78012B01D1074BF3
:1045D000FFE71800BD4602B080BDC0460044004061
:1045E000040000080800000C004C00400200000419
:1045F00080B582B000AF0200FB1D1A70BB1D0A1C03
:104600001A70FB1D1B78012B07D1BB1D1B78002BDB
:1046100003D1164B00221A7022E0FB1D1B78012BE0
:1046200007D1BB1D1B78012B03D1104B01221A703F
:1046300016E0FB1D1B78022B07D1BB1D1B78002B3E
:1046400003D10A4B02221A700AE0FB1D1B78022BD1
:1046500006D1BB1D1B78012B02D1044B03221A701B
:10466000024B1B781800BD4602B080BD7F3600208B
:1046700090B587B002AF0F23FB1800221A700E23EB
:10468000FB1800221A700D23FB1801221A705AE23F
:104690000D203B181A78C04913005B009B18CB18FB
:1046A00001331B78002B00D147E2BC4B1B78012261
:1046B0005340DBB2002B07D03B181A78B6491300E1
:1046C0005B009B1800225A543C1DBA1C0823F918A1
:1046D0000D23FB1818783B0000932300FFF704FE1E
:1046E000BB681800BB1C1B88002219000CF00FFAD5
:1046F0000A2002F0A5F87B681A003B001B8819000D
:1047000010000CF0E7F9031E16D1BB681800BB1CA3
:104710001B88012219000CF0FAF90A2002F090F827
:104720007B681A003B001B880F217C1819001000C1
:104730000CF0D0F903002370BB681800BB1C1B8869
:10474000002219000CF0E3F90D23FB181A789249A6
:1047500013005B009B18CB1801331B78012B02D090
:10476000022B14D02AE00F23FB181B78012B04D155
:104770000E23FB1804221A701DE00F23FB181B7870
:10478000002B18D10E23FB1803221A7013E00F23FD
:10479000FB181B78012B04D10E23FB1804221A707E
:1047A0000BE00F23FB181B78002B06D10E23FB1800
:1047B00003221A7001E0C04600E0C0460E22BB187A
:1047C0001B78042B03D0BB181B78022B19D10D21A9
:1047D0007B181A78724B9200D358724A934209D8C8
:1047E0007B181B786E4A99008A58511C6C4A9B00B2
:1047F000995006E00D23FB181A78694B92000021AE
:10480000D1500E22BB181B78032B03D0BB181B788A
:10481000012B40D10D217B181A78634B9200D3589D
:10482000604A934209D87B181B785F4A99008A58DE
:10483000511C5D4A9B00995006E00D23FB181A7825
:10484000594B92000021D150584B1B78022B11D1AB
:104850000D217B181B78564AD25C564B5B799A42E5
:1048600008D87B181B78524AD25C0132D1B2504A28
:10487000D15410E00D217B181B784D4AD25C4D4B72
:104880005B799A4207D9494B00221A707B181B7832
:10489000474A0021D1540D217B181A78404B9200D1
:1048A000D358444A1288934200D286E07B181A7883
:1048B0003B4B9200D3583F4A1288934208D17B1851
:1048C0001B78374A99008A58511C354A9B009950E9
:1048D0000D217B181A78344B9200D358354A128830
:1048E000934205D97B181A782F4B92000021D150A2
:1048F0000D217B181A782A4B9200D3582D4A5288E2
:1049000093422ED97B181A78254B9200D258FA235D
:104910005B009A4225D2254B1B78002B03D1234BF9
:1049200001221A7048E0214B1B78022B44D10D2143
:104930007B181B781E4AD25C1E4B1B799A423BD9CE
:104940007B181B781A4AD25C1A4B5B799A4233D295
:10495000164B03221A707B181B78154A0021D1547C
:104960002AE00D217B181A780D4B9200D258FA23B9
:104970005B009A4221D37B181A78094B9200D358D6
:10498000084A934219D8094B1B78002B15D0074BC6
:1049900000221A7011E0C046643600202036002044
:1049A0002C360020FEFF0000483600200C37002087
:1049B00024360020381D0020C0460D217B181A78AF
:1049C000664B9200D358664A128893425DD37B1897
:1049D0001A78624B9200D358614A1288934211D1DF
:1049E00008007B181A785F4913005B009B180722A8
:1049F0005A543B181B78594A99008A58511C574AF7
:104A00009B0099500D217B181A78574B9200D35870
:104A1000534A1288934205D97B181A78524B920058
:104A20000021D1500D217B181A784C4B9200D3589D
:104A30004B4A5288934228D97B181A78474B9200E8
:104A4000D258FA235B009A421FD2484B1B78012BA5
:104A50000BD17B181A78434913005B009B18052281
:104A60005A54424B02221A700FE0404B1B78032B22
:104A70000BD10D23FB181A783A4913005B009B18E1
:104A800006225A54394B00221A700D23FB181A784B
:104A9000344913005B009B185B5C072B05D047DC97
:104AA000052B09D0062B25D042E00D23FB181B78DF
:104AB000180000F07DFD40E02D4B1B780122534093
:104AC000DBB2002B36D00D203B181A782549130095
:104AD0005B009B18CB1802331B781A00012313408C
:104AE00028D0234B01221A703B181B78180000F0C5
:104AF00069FD1FE01E4B1B7801225340DBB2002BE7
:104B00001AD00D203B181A78164913005B009B1829
:104B1000CB1802331B781A00022313400CD0144B1D
:104B200001221A703B181B78180000F055FD03E0B5
:104B3000C04602E0C04600E0C0460D217B181A784E
:104B40007B1801321A700D23FB181B78062B00D836
:104B50009EE5C046C046BD4605B090BD4836002023
:104B6000381D0020643600202C3600200C37002031
:104B700020360020F0B58FB002AF0200FB1D1A7086
:104B8000BB1D0A1C1A702F23FB1800221A702E233B
:104B9000FB1800221A708C4B1B78002B0FD0BB1D0A
:104BA0001A788A4B9200D358180006F01BFABB1DE6
:104BB0001A78874B9200D358180006F013FABB1DE1
:104BC0001B78844A0421D1547F4B1B78002B08D0DA
:104BD000BB1D1B78180002F055FB030018000EF0F7
:104BE0001FFF1023FC180E257A191423F918BB1D7A
:104BF00018780C26BB1900932300FFF775FB7B196F
:104C00001B881A0018243B191A603B1901225A60AC
:104C10003B1900229A603B190022DA607B691A0076
:104C20003B19190010000BF0E9FDBB191B881A0095
:104C30003B191A603B1900225A603B1902229A6004
:104C40003B691A003B19190010000BF0D7FDBB1D82
:104C50001A78614913005B009B18CB180133FA1DC9
:104C600012781A70BB1D1B783A339BB29B009BB223
:104C70000A243A1911001800FFF797F903001A00E7
:104C80002C217B181A807B181B88002B57D13B19CD
:104C90001B881B0A9AB22E217B181A707B181B786E
:104CA0001B09DBB2BA1D12789A4209D17B181B7816
:104CB0000F221A40FB1D1B789A4201D100237FE08E
:104CC000BB1D1B781B031AB2FB1D1B781B021BB2FA
:104CD00013431BB29AB20A217B181A80BB1D1B78A2
:104CE0003A339BB29B009AB27B181B8819001000C4
:104CF000FFF77CF9BB1D1B783A339BB29B009BB23C
:104D000001339BB200211800FFF770F9BB1D1B781F
:104D10003A339BB29B009BB202339BB20021180036
:104D2000FFF764F9BB1D1B783A339BB29B009BB223
:104D300003339BB200211800FFF758F93DE0BB1D7B
:104D40001B781B031AB2FB1D1B781B021BB21343FB
:104D50001BB29AB20A217B181A80BB1D1B783A330A
:104D60009BB29B009AB27B181B8819001000FFF7BA
:104D70003DF9BB1D1B783A339BB29B009BB20133BC
:104D80009BB200211800FFF731F9BB1D1B783A33A5
:104D90009BB29B009BB202339BB200211800FFF72D
:104DA00025F9BB1D1B783A339BB29B009BB20333A2
:104DB0009BB200211800FFF719F92F23FB181B786D
:104DC0001800BD460DB0F0BD930A0020A8250020B4
:104DD000C4250020A00A00206436002080B586B0DB
:104DE00000AF0200FB1D1A701723FB1800221A7077
:104DF000FB1D1A78574913005B009B18CB18013331
:104E000000221A70FB1D1A78524913005B009B1890
:104E100000225A54FB1D1A784E4913005B009B1860
:104E2000CB18023300221A70FB1D1B783A339BB259
:104E30009B009BB20E22BA1811001800FFF7B5F8BC
:104E400003001A0014217B181A807B181B88002B82
:104E50002DD1FB1D1B783A339BB29B009BB20021E6
:104E60001800FFF7C3F8FB1D1B783A339BB29B0079
:104E70009BB201339BB200211800FFF7B7F8FB1D6E
:104E80001B783A339BB29B009BB202339BB200214A
:104E90001800FFF7ABF8FB1D1B783A339BB29B0061
:104EA0009BB203339BB200211800FFF79FF8FB1D54
:104EB0001B78180002F0E6F903003B613B691B68B0
:104EC000254A934202D101F003FD2BE03B691B68A8
:104ED000224A934202D101F039FD23E03B691B686D
:104EE0001F4A934202D101F06FFD1BE03B691B6832
:104EF0001C4A934202D101F0A5FD13E03B691B68F7
:104F0000194A934202D101F0CDFD0BE03B691B68C9
:104F1000164A934202D101F0F5FD03E01723FB1876
:104F2000FF221A70FB1D1B78114A0021D154FB1D72
:104F30001B785A1E0F4B9200D2583B691100180083
:104F4000FEF77CFD1723FB181B781800BD4606B042
:104F500080BDC04664360020003801400044004057
:104F600000480040004C004000500040003C014020
:104F7000A00A002094350020B0B584B000AF040032
:104F800008001100FB1D221C1A70BB1D021C1A70A8
:104F90007B1D0A1C1A700F23FB1800221A70FB1DC0
:104FA0001A78624913005B009B18CB1801331B78F9
:104FB000002B01D10B23B4E07B1D1B78012B07D004
:104FC0007B1D1B78002B19D1BB1D1B78052B15D120
:104FD000FB1D1A78554913005B009B18CB18023350
:104FE0001B78FA1D127801210B43D8B24F491300E8
:104FF0005B009B18CB180233021C1A707B1D1B78B8
:10500000012B07D07B1D1B78002B19D1BB1D1B78F2
:10501000062B15D1FB1D1A78444913005B009B1821
:10502000CB1802331B78FA1D127802210B43D8B239
:105030003E4913005B009B18CB180233021C1A7008
:105040007B1D1B78012B07D07B1D1B78002B19D1F2
:10505000BB1D1B78072B15D1FB1D1A783349130094
:105060005B009B18CB1802331B78FA1D12780321C2
:105070000B43D8B22D4913005B009B18CB180233A9
:10508000021C1A70FB1D1B783A339BB29B009BB22B
:1050900008243A1911001800FEF787FF03001A00D0
:1050A0000C217B181A807B181B88002B34D13B19EC
:1050B0001B881B0A9AB20B257B191A703B191B8897
:1050C000D9B2FB1D1A78194813005B009B18C3184E
:1050D00002331B78994221D07B191B781B0219B22D
:1050E000FB1D1A78114813005B009B18C31802338C
:1050F0001B781BB20B431BB29AB23B191A80FB1DE3
:105100001B783A339BB29B009AB23B191B8819005B
:105110001000FEF76BFF01E00B2302E00F23FB18EA
:105120001B781800BD4604B0B0BDC04664360020F0
:1051300080B584B000AF0200FB1D1A700F23FB186E
:1051400000221A70FB1D1B78022B03D0FB1D1B785D
:10515000012B22D1FB1D1B78022B03D1164B012200
:105160001A7002E0144B01225A70FB1D1B781800C4
:1051700002F088F8030018000EF052FCFB1D1B78AB
:105180000E4A0621D1540E4B1B78002B0CD1FFF791
:105190004DF90C4B00221A7006E00F217B181922E2
:1051A0001A707B181B7802E00F23FB181B7818007D
:1051B000BD4604B080BDC0467C360020A00A002059
:1051C0007E3600209836002080B586B000AF3A6069
:1051D000FB1D021C1A70BB1D0A1C1A700F23FB1842
:1051E00000221A701723FB1800221A7000233B615B
:1051F000FB1D1B78022B04D0FB1D1B78012B00D05C
:105200009CE0514B1B78012B00D07FE0FB1D1B78ED
:10521000180002F037F80200BB1D1B7819001000BF
:10522000FFF7A4F903009AB2484B1A80BB1D1A7805
:10523000FB1D1B7811001800FFF7DAF903001A00B4
:10524000434B1A70414B1B881A00424B1A60414B6A
:1052500001225A603F4B06229A603E4A3E4B1100A3
:10526000180009F0FDFD3C4B18000AF08FF928E00A
:10527000394B180009F0CAFC374B6421180009F0BB
:105280004FFD354B180009F0DFFD0100304B1B7856
:105290001A0089B2314B5200D1522F4B180009F03D
:1052A00003FD2B4B1B781A002C4B5200D35A1A00CB
:1052B0003B699B183B6117217B181A787B180132D8
:1052C0001A701722BB181B78092BD1D9BB181B7871
:1052D00019003869EAF73EFF030019001C4B1B78E0
:1052E0001A0089B21D4B5200D152184B1B881A006C
:1052F000184B1A60174B02225A60164B06229A600E
:10530000144A154B1100180009F0AAFD104B1B7828
:105310001A00124B5200D35A1A00114B5343114931
:105320001800EAF7A1FF03001800EBF789FF021C41
:105330003B681A600F23FB181B7800E01923180044
:10534000BD4606B080BDC0467E36002080360020B7
:105350007F360020003700209C3600208436002055
:10536000E40C0000FF0F0000B0B582B000AF786021
:105370003960634B1B78002B04D1FFF757F8614B62
:1053800000221A70604B614A1A605F4B01225A601A
:105390005D4B02229A605C4A5D4B1100180009F0D7
:1053A0005FFD5B4B180009F031FC594B642118007C
:1053B00009F0B6FC564B180009F046FD03009AB2FE
:1053C000544B1A80534B1B881800EDF731FE524A9C
:1053D000524BECF76BFF02000B001000190000228B
:1053E0004F4BECF71FFB02000B00100019004D4A59
:1053F0004D4BEDF723FA02000B00100019004B4A49
:105400004B4BECF70FFB02000B00100019000022C1
:10541000484BEBF7A3FF02000B0010001900EDF75B
:10542000A1FE021C7B681A60394B180009F03CFC95
:10543000354B364A1A60344B02225A60324B0222F4
:105440009A60314A324B1100180009F009FD2E4BC9
:10545000394A1A602C4B01225A602B4B06229A6063
:10546000294A2B4B1100180009F0FAFC284B1800B0
:1054700009F0CCFB264B6421180009F051FC244BA9
:10548000180009F0E1FC03009AB22C4B1A802C4B57
:105490001B881800EDF7CCFD1F4A204BECF706FFE8
:1054A00002000B0014001D00244B1B881800EDF7B0
:1054B000BFFD02000B0020002900ECF7B3FA020048
:1054C0000B0010001900EDF74DFE021C3B681A603E
:1054D0000F4B180009F0E8FB0B4B174A1A600A4BF8
:1054E00002225A60084B02229A60074A084B1100B8
:1054F000180009F0B5FCC046BD4602B0B0BDC046BC
:105500007E3600209836002000370020001000B0C2
:105510009C3600208C3600206666666666660A4009
:1055200000FEAF408FC2F5285C8FF63F3333333334
:105530003333114000003940002000B48E36002083
:10554000AA75FF1F90B585B000AF3A60FB1D021C25
:105550001A70BB1D0A1C1A700F243B1900221A7006
:105560000023BB600823FA18BB1D1978FB1D1B78AC
:105570001800FFF729FE031E10D1BB680A49181C4A
:10558000EBF75CFB031C0949181CEBF771F9031CD2
:105590001A1C3B681A603B191B7800E0192318009D
:1055A000BD4605B090BDC0460000C84200404E4513
:1055B00080B582B000AF0200FB1D1A70C046BD4628
:1055C00002B080BD80B582B000AF0200FB1D1A7032
:1055D000C046BD4602B080BD80B582B000AF0200BB
:1055E000FB1D1A70C046BD4602B080BD80B500AF3D
:1055F000BFF34F8FC046044B044ADA60BFF34F8FAE
:10560000C046C046FDE7C04600ED00E00400FA05D4
:1056100080B500AF08F090FF05F016FDC046BD460E
:1056200080BD000080B584B002AF0B4B7B600B4B9C
:1056300018787968FF230093FF23112201F06CFD95
:10564000064B1878064B1968FF230093FF230F229F
:1056500001F062FDFFF7CAFF94FA0208900A0020E9
:105660002002002080B584B000AF78600A00BB1C27
:105670001A80144BBA1C12881A80134B1B78013302
:10568000DAB2114B1A707B681800FCF7FDF80300C2
:105690001A000E4B9B5C022B10D00023FB600C4BBE
:1056A0001B680C22BA181100180008F0F1FAFB6808
:1056B000002B03D0074B802252051A60C046BD461E
:1056C00004B080BD6037002062370020A00A0020AF
:1056D000A025002004ED00E080B58AB000AF0023D3
:1056E0007B62264B18000EF0C3FB244B1B681B6823
:1056F00080221340802B36D1204B88229B58202BB0
:1057000031D1EFF310837B607B683B620123BB6088
:10571000BB6883F31088C046184B1B681A68174B88
:105720001B6880218A431A603B6AFB60FB6883F335
:105730001088C046EFF310833B613B69FB61012396
:105740007B617B6983F31088C0460C4B1B681A6829
:105750000A4B1B6840210A431A60FB69BB61BB69A5
:1057600083F31088C0467B6A002B03D0044B802251
:1057700052051A60C046BD460AB080BD60300020A8
:1057800004ED00E080B58AB000AF00237B62264BB9
:1057900018000EF06DFB244B1B681B688022134021
:1057A000802B36D1204B88229B58202B31D1EFF310
:1057B00010837B607B683B620123BB60BB6883F323
:1057C0001088C046184B1B681A68174B1B6880214D
:1057D0008A431A603B6AFB60FB6883F31088C0460B
:1057E000EFF310833B613B69FB6101237B617B69C4
:1057F00083F31088C0460C4B1B681A680A4B1B6861
:1058000040210A431A60FB69BB61BB6983F31088BE
:10581000C0467B6A002B03D0044B802252051A60DD
:10582000C046BD460AB080BDF430002004ED00E063
:1058300080B5A2B000AF00238422BA1813608C4B4D
:1058400018000EF015FB8A4B1B681B688022134062
:10585000802B39D1864B88229B58202B34D1EFF3F3
:105860001083FB64FB6C80203A18136001233B65B6
:105870003B6D83F31088C0467D4B1B681A687C4BD8
:105880001B6880218A431A603B181B687B657B6D0F
:1058900083F31088C046EFF31083BB65BB6DFB67D5
:1058A0000123FB65FB6D83F31088C046704B1B68BA
:1058B0001A686F4B1B6840210A431A60FB6F3B66F6
:1058C0003B6E83F31088C0466A4B18000EF0D0FA86
:1058D000684B1B681B6880221340802B36D1654BB8
:1058E00088229B58202B31D1EFF310837B637B6B95
:1058F000BB670123BB63BB6B83F31088C0465D4B62
:105900001B681A685B4B1B6880218A431A60BB6F57
:10591000FB63FB6B83F31088C046EFF310833B649B
:105920003B6C7B6701237B647B6C83F31088C046F0
:10593000504B1B681A684F4B1B6840210A431A6082
:105940007B6FBB64BB6C83F31088C0464A4B180066
:105950000EF08EFA484B1B681B6880221340802B88
:1059600036D1454B88229B58202B31D1EFF3108341
:10597000FB61FB693B6701233B623B6A83F3108851
:10598000C0463D4B1B681A683B4B1B6880218A430D
:105990001A603B6F7B627B6A83F31088C046EFF32B
:1059A0001083BB62BB6AFB660123FB62FB6A83F365
:1059B0001088C046304B1B681A682F4B1B6840216B
:1059C0000A431A60FB6E3B633B6B83F31088C0464F
:1059D0002A4B18000EF04CFA284B1B681B688022DB
:1059E0001340802B36D1254B88229B58202B31D158
:1059F000EFF310837B607B68BB660123BB60BB68F1
:105A000083F31088C0461D4B1B681A681B4B1B682C
:105A100080218A431A60BB6EFB60FB6883F31088A9
:105A2000C046EFF310833B613B697B6601237B61DA
:105A30007B6983F31088C046104B1B681A680F4BB4
:105A40001B6840210A431A607B6EBB61BB6983F30C
:105A50001088C0468423FB181B68002B03D0084B1A
:105A6000802252051A60C046BD4622B080BDC046A5
:105A7000883100201C320020B03200204433002046
:105A800004ED00E080B500AF054B1800FBF7FCFE0D
:105A900003001800F4F7C0FEC046BD4680BDC046F6
:105AA0006030002080B500AF104B1B6810221340FF
:105AB000102B07D10E4B1800FBF7E6FE0300180071
:105AC000F4F7AAFE094B1A6880235B001A40802372
:105AD0005B009A4207D1074B1800FBF7D5FE030085
:105AE0001800F4F799FEC046BD4680BD0000024094
:105AF000F43000208831002080B500AF1A4B1A68BE
:105B000080235B011A4080235B019A4207D1174B27
:105B10001800FBF7B9FE03001800F4F77DFE124BE6
:105B20001A6880235B021A4080235B029A4207D1E5
:105B30000F4B1800FBF7A8FE03001800F4F76CFEEB
:105B4000094B1A6880235B031A4080235B039A4247
:105B500007D1084B1800FBF797FE03001800F4F775
:105B60005BFEC046BD4680BD000002401C320020E6
:105B7000B03200204433002080B584B000AF78609C
:105B80000023FB600C4B1B78002B02D10A4B012237
:105B90001A707B681800FBF777FE03001A00074BAA
:105BA0009200D3580C22BA181100180006F05FF9C1
:105BB000C046BD4604B080BDC0010020C425002001
:105BC000B0B584B000AF78607B68882220219950FE
:105BD0000F257C197B681800FBF756FE0300237025
:105BE00029007B181B78254AD35C022B13D17B1824
:105BF0001B785A1E224B9200D3581B682833190079
:105C00007B6880229B581B685B689AB27B6818008F
:105C10000FF04AFF2EE00F243B191B78013B194A75
:105C20000021D1543B191B78013B174A0021D15464
:105C30003B191B785A1E13005B009B189B01134AEB
:105C40009B18C0220021180011F0C5FC3B191B78DD
:105C50005A1E13005B009B189B010C4A99187B6825
:105C6000C02218000FF020FF3B191B78013B084AA7
:105C70000121D154C046BD4604B0B0BDA00A0020E9
:105C8000D8240020EC2D0020E42D002058200020F6
:105C90002025002080B582B000AF7860C046BD46A8
:105CA00002B080BD80B582B000AF7860104B012299
:105CB0001A707B681B680F4A934203D17B681800F7
:105CC0000FF005FE7B681B680B4A934203D17B688B
:105CD00018000FF0FCFD7B681B68084A934203D153
:105CE0007B6818000FF0F3FDC046BD4602B080BDD2
:105CF0007825002000380140004400400048004062
:105D000080B586B002AF786039600B4BFB600B4BFF
:105D10001878F968FF230093FF23102201F0FCF9A3
:105D2000064B1878064B1968FF230093FF230F22B8
:105D300001F0F2F9FFF75AFCA8FA0208900A0020D5
:105D40002002002080B584B002AF0B4B7B600B4B70
:105D500018787968FF230093FF23142201F0DCF9FF
:105D6000064B1878064B1968FF230093FF230F2278
:105D700001F0D2F9FFF73AFCBCFA0208900A0020C1
:105D80002002002080B500AF2F4B304A1A602E4B06
:105D900000229A602C4B7F22DA602B4BFF221A6183
:105DA000294B00225A61284B00229A61264B00227F
:105DB000DA61254B8022D2051A62234B00225A62F7
:105DC000214B882212025A601F4B180000F01EFA65
:105DD0001D4B002118000CF029FB0300012B02D100
:105DE000194B40229A60184B18000BF0EFFE031E6F
:105DF00001D0FF2325E0144B012118000CF016FB05
:105E00000300134A934202D000F028F811E0114B2E
:105E10001A6E80231B05134002D00F4B00221A700C
:105E20000C4B1A6E8023DB04134002D00A4B012274
:105E30001A70084B1A6E074B802109040A431A6630
:105E400000231800BD4680BDB83700200028004060
:105E5000F232000000100240B4370020B0B58EB01E
:105E600000AF0C257B195A4A13CA13C33B00594A89
:105E700003CA03C312781A707B19093318000FF094
:105E8000AAFF02003523FB181A707B1900229A71B1
:105E90007B19043318000FF09EFF02003423FB1817
:105EA0001A707B190022DA703623FB1800221A7050
:105EB00019E036243B191A78474B9200D2580C232C
:105EC000FB1811001800EAF71FF9031E05D137234C
:105ED000FB183A19127801321A7036217B181A7899
:105EE0007B1801321A703623FB181B780B2BE0D974
:105EF0003B00063318000FF06EFF02003323FB183F
:105F00001A700C243B1900225A713B00033318000D
:105F10000FF061FF02003223FB181A703B190022B8
:105F20009A703B0018000FF056FF02003123FB1857
:105F30001A702C217B183522BA181278DA707B1867
:105F40003722BA1812785A707B183422BA1812788D
:105F50009A707B1801221A707918204B00221800C1
:105F60000CF076F8031E01D0FF232CE018217B18DB
:105F70003122BA1812781A707B183222BA181278A5
:105F80005A707B183322BA1812789A707B18002244
:105F9000DA70134B18225A737B180022DA607B18D0
:105FA00000221A6179180D4B002218000BF04CFFEB
:105FB000031E01D0FF2306E00A4A084B0121180006
:105FC0000CF017FA00231800BD460EB0B0BDC04655
:105FD000DCFA0208E8FA02081C000020B8370020AA
:105FE000381D0020F2320000B0B588B000AF0500C7
:105FF0000C0010001900FB1D2A1C1A70BB1D221C6E
:106000001A703B1D021C1A80FB1C0A1C1A703B1DD7
:106010001B88DBB23033DAB21C217B18DA707B18B4
:10602000FA1D12785A707B18BA1D12789A707B1874
:10603000FA1C12781A7008243B1938217A18127841
:106040001A703B193422BA1812785A703A19302350
:10605000FB181B7893703B1900221A613C23FB1834
:106060001B78012B1BD17B181B780C2B17D8404BAE
:106070000122002118000CF0BCF93B190022DA7053
:106080003C4B0C225A733A4B18000BF041FE384B34
:1060900040229A60364B18000BF098FD36E03C2306
:1060A000FB181B78022B1DD13823FB181B780C2BF7
:1060B00018D82F4B0122002118000CF09AF9082360
:1060C000FB180122DA702B4B0C225A73284B180054
:1060D0000BF01EFE264B40229A60254B18000BF059
:1060E00075FD13E0224B0022002118000CF081F90D
:1060F000204B18225A731E4B18000BF009FE1C4B44
:1061000000229A601A4B18000BF060FD0823F91862
:10611000174B002218000BF097FE031E01D0FF233F
:1061200021E01C23F918124B002218000BF090FFFD
:10613000031E01D0FF2316E00E4B5B7B1B021AB23D
:106140000C4B1B791BB213431BB29AB28D235B001D
:1061500011001800FDF74AFF074A054B01211800FE
:106160000CF047F900231800BD4608B0B0BDC0468A
:10617000B8370020381D0020F232000090B587B0FB
:1061800000AF39001F4B002218000BF005FF14244C
:1061900039191C4B002218000BF0ECFF3B00DB7898
:1061A000DB09DBB20133DAB2174BDA743B005B6810
:1061B0005B089AB2144BDA813B009A78124B1A743E
:1061C0003B005A78104B5A743B001A780E4B9A7465
:1061D0003B199A780C4B5A753B195A780A4B9A75A9
:1061E0003B191A78084B1A753B19DB78FA22D20052
:1061F000944663449AB2044B1A83C046BD4607B026
:1062000090BDC046B8370020381D002090B597B02B
:1062100000AF78600C243B1918004C231A000021B1
:1062200011F0D9F97B681B68134A934220D13B19BE
:10623000802292021A603B19802292001A643B1954
:1062400018000BF087FA0D4BDA6D0C4B8021090218
:106250000A43DA65094BDA6B084B8021C9000A430F
:10626000DA63064BDA6B8023DB001340BB60BB684C
:10627000C046BD4617B090BD002800400010024047
:1062800080B582B000AF78607B681B68094A934292
:106290000BD1094BDA6D084B08490A40DA65064B09
:1062A000DA6B054B06490A40DA63C046BD4602B0C8
:1062B00080BDC0460028004000100240FF7FFFFF65
:1062C000FFFBFFFFB0B590B000AF414BDA6B404B26
:1062D00001210A43DA633E4BDB6B012213407B60F2
:1062E0007B6834257B1918000C231A00002111F05B
:1062F00072F918243B1918001C231A00002111F010
:106300006AF9344B8022D2051A600BF081F9020041
:10631000F02359021000E9F71DFF03005A1E2D4B10
:106320005A602C4B00229A602A4B2B4ADA60294B88
:1063300000221A61274B00229A61264B18000CF0AC
:106340004BF908217B18802252011A607A18214BE0
:10635000110018000CF0A6FD7B1900221A607B19B1
:1063600000229A607A191B4B110018000DF08CFA6C
:1063700021007B1860221A607B1800225A607B186B
:1063800000229A607B1800221A617918114B0022B2
:1063900018000CF05DFB0F4B180000F047F90C4B98
:1063A000DA6B0B4B01210A43DA63094BDB6B0122E9
:1063B00013403B603B68002200210F2009F08EFA59
:1063C0000F2009F0A0FAC046BD4610B0B0BDC046CF
:1063D00000100240D8330020FF030000F0B591B058
:1063E00000AF444BDA6B434B02210A43DA63414B63
:1063F000DB6B022213407B607B683026BB191800E0
:1064000010231A00002111F0E6F824257B1918004A
:106410000C231A00002111F0DEF808243B191800A3
:106420001C231A00002111F0D6F8334B334A1A60AE
:106430000BF0EEF80200F02359021000E9F78AFE93
:1064400003005A1E2C4B5A602B4B00229A602A4B99
:106450002B4ADA60284B00221A61274B00229A61EE
:10646000254B18000BF0FDFFBB19802252011A606A
:10647000BA19214B110018000CF014FD7B190022F1
:106480001A607B1900229A607A191B4B11001800C0
:106490000DF0FAF921007B1860221A607B180022A7
:1064A0005A607B1800229A607B1800221A617918C2
:1064B000114B002218000CF0CBFA0F4B180000F023
:1064C000B5F80C4BDA6B0B4B02210A43DA63094B2C
:1064D000DB6B022213403B603B680022002110204E
:1064E00009F0FCF9102009F00EFAC046BD4611B0C3
:1064F000F0BDC046001002402434002000040040DB
:10650000FF030000F0B591B000AF444BDA6B434B92
:1065100004210A43DA63414BDB6B042213407B60A6
:106520007B683026BB19180010231A00002111F0D7
:1065300052F824257B1918000C231A00002111F0B1
:106540004AF808243B1918001C231A00002111F0F6
:1065500042F8334B334A1A600BF05AF80200F0232A
:1065600059021000E9F7F6FD03005A1E2C4B5A6041
:106570002B4B00229A602A4B2B4ADA60284B0022D0
:106580001A61274B00229A61254B18000BF069FF16
:10659000BB19802252011A60BA19214B1100180050
:1065A0000CF080FC7B1900221A607B1900229A6093
:1065B0007A191B4B110018000DF066F921007B18A9
:1065C00060221A607B1800225A607B1800229A60B1
:1065D0007B1800221A617918114B042218000CF064
:1065E00037FA0F4B180000F021F80C4BDA6B0B4B0D
:1065F00004210A43DA63094BDB6B042213403B603E
:106600003B6800220021102009F068F9102009F0F1
:106610007AF9C046BD4611B0F0BDC0460010024038
:106620007034002000080040FF03000090B58BB0DC
:1066300000AF786014243B19180014231A000021BD
:1066400010F0C9FF7B681A688023DB059A4224D1C9
:106650003C4B5A6B3B4B01210A435A63394B5B6BF2
:10666000012213403B613B693B19802212021A60F0
:1066700021007B1802225A607B1800229A607B1846
:106680000022DA607B1802221A617A18A023DB0547
:10669000110018000AF0B2F84FE07B681B682A4A24
:1066A000934223D1274B5A6B264B01210A435A634D
:1066B000244B5B6B01221340FB60FB6814217B18A9
:1066C00040221A607B1802225A607B1800229A60CE
:1066D0007B180022DA607B1801221A617A18A02345
:1066E000DB05110018000AF089F826E07B681B68BA
:1066F000164A934221D1134B5A6B124B02210A4383
:106700005A63104B5B6B02221340BB60BB681421C1
:106710007B1880221A607B1802225A607B180022A4
:106720009A607B180022DA607B1809221A617B18B4
:10673000074A190010000AF061F8C046BD460BB0C8
:1067400090BDC04600100240000400400008004018
:106750000004005080B582B000AF174B1A6C164B86
:10676000802189020A431A64134B1A6C80239B020E
:1067700013407B607B68114B114A1A600F4B2F222C
:106780005A600E4B00229A600C4B0E4ADA600B4B9B
:1067900000221A61094B00225A61084B00229A61BB
:1067A000064B18000BF05DFE044B18000BF0BAFE10
:1067B000C046BD4602B080BD001002403438002003
:1067C00000440140FFFF000080B582B000AF174BCE
:1067D0001A6C164B8021C9020A431A64134B1A6CB7
:1067E0008023DB0213407B607B68114B114A1A60E7
:1067F0000F4B114A5A600E4B00229A600C4B0F4A05
:10680000DA600B4B00221A61094B00225A61084BD7
:1068100000229A61064B18000BF023FE044B18006F
:106820000BF080FEC046BD4602B080BD00100240A5
:1068300080380020004801407FBB0000FFFF0000BF
:1068400080B584B000AF0200BB1D1A800023FB603E
:1068500004F046FFBB1D1B88002B0DD0094B1B68A5
:106860005B6AFB60C046074B1B685A6AFB68D21A1A
:10687000BB1D1B889A42F6D904F044FFC046BD46B2
:1068800004B080BD3438002080B584B000AF020071
:10689000BB1D1A800023FB6004F022FFBB1D1B8878
:1068A000002B0DD0094B1B685B6AFB60C046074B91
:1068B0001B685A6AFB68D21ABB1D1B889A42F6D91C
:1068C00004F020FFC046BD4604B080BD80380020E3
:1068D00080B500AF1B4B1C4A1A601A4BE122120311
:1068E0005A60184B00229A60164B0022DA60154B52
:1068F00000221A61134B0C225A61124B00229A613A
:10690000104B0022DA610F4B00221A620D4B00225D
:106910005A620C4B00229A620A4B18000DF02AF8BA
:10692000084B002118000FF03DF8064B002118001D
:106930000FF078F8034B18000EF0FAFFC046BD4682
:1069400080BDC046603000200038014080B500AFF7
:106950001B4B1C4A1A601A4BE12212035A60184B57
:1069600000229A60164B0022DA60154B00221A6151
:10697000134B0C225A61124B00229A61104B0022D9
:10698000DA610F4B00221A620D4B00225A620C4B47
:1069900000229A620A4B18000CF0ECFF084B002111
:1069A00018000EF0FFFF064B002118000FF03AF818
:1069B000034B18000EF0BCFFC046BD4680BDC0466C
:1069C000F43000200044004080B500AF1B4B1C4A4F
:1069D0001A601A4BE12212035A60184B00229A6087
:1069E000164B0022DA60154B00221A61134B0C2261
:1069F0005A61124B00229A61104B0022DA610F4B50
:106A000000221A620D4B00225A620C4B00229A623D
:106A10000A4B18000CF0AEFF084B002118000EF0D6
:106A2000C1FF064B002118000EF0FCFF034B1800BD
:106A30000EF07EFFC046BD4680BDC04688310020B6
:106A40000048004080B500AF144B154A1A60134B44
:106A5000E12212035A60114B00229A600F4B002270
:106A6000DA600E4B00221A610C4B0C225A610B4B60
:106A700000229A61094B0022DA61084B00221A6257
:106A8000064B00225A62054B00229A62034B180003
:106A90000CF070FFC046BD4680BDC0461C320020D1
:106AA000004C004080B500AF144B154A1A60134BE0
:106AB000E12212035A60114B00229A600F4B002210
:106AC000DA600E4B00221A610C4B0C225A610B4B00
:106AD00000229A61094B0022DA61084B00221A62F7
:106AE000064B00225A62054B00229A62034B1800A3
:106AF0000CF040FFC046BD4680BDC046B03200200D
:106B00000050004080B500AF144B154A1A60134B7B
:106B1000E12212035A60114B00229A600F4B0022AF
:106B2000DA600E4B00221A610C4B0C225A610B4B9F
:106B300000229A61094B0022DA61084B00221A6296
:106B4000064B00225A62054B00229A62034B180042
:106B50000CF010FFC046BD4680BDC0464433002047
:106B6000003C0140B0B5A6B000AF786084243B196A
:106B7000180014231A00002110F02DFD38257B1970
:106B800018004C231A00002110F025FD7B681B68BB
:106B9000DF4A93426DD17B1901221A607B190222D0
:106BA0005A607B1918000AF0D5FDDA4B1A6CD94BE4
:106BB0008021C9010A431A64D64B1A6C8023DB0179
:106BC00013407B637B6BD34B5A6BD24B01210A433F
:106BD0005A63D04B5B6B012213403B633B6B3B1909
:106BE000C022D2001A6021007B1802225A607B1852
:106BF00000229A607B180022DA607B1801221A6159
:106C00007A18A023DB051100180009F0F7FDC24B2C
:106C1000C24A1A60C04B32225A60BF4B00229A60AF
:106C2000BD4B0022DA60BC4B80221A61BA4B0022B5
:106C30005A61B94B00229A61B74B2022DA61B64BF8
:106C400000221A62B64BB44ADA60B34B180009F05E
:106C5000B1F87B688021B04A5A50AF4B7A689A628B
:106C6000002200211B2008F039FE1B2008F04BFEFB
:106C70003AE27B681B68AB4A93426DD138217B189E
:106C800002221A607B1808229A607B1818000AF00A
:106C900061FDA04BDA6B9F4B802189020A43DA63C6
:106CA0009C4BDA6B80239B021340FB62FB6A994B7F
:106CB0005A6B984B01210A435A63964B5B6B012236
:106CC0001340BB62BB6A84217B180C221A607B18BC
:106CD00002225A607B1800229A607B180022DA6038
:106CE0007B1801221A617A18A023DB051100180015
:106CF00009F084FD8C4B8D4A1A608B4B34225A600C
:106D0000894B00229A60884B0022DA60864B8022F1
:106D10001A61854B00225A61834B00229A61824B93
:106D20002022DA61804B00221A627D4B7E4A5A6033
:106D30007D4B180009F03EF87B6880217A4A5A5052
:106D4000794B7A689A62002200211C2008F0C6FD67
:106D50001C2008F0D8FDC7E17B681B68744A934289
:106D60006DD138217B1804221A607B182022DA604A
:106D70007B1818000AF0EEFC664BDA6B654B80213D
:106D8000C9020A43DA63634BDA6B8023DB021340E8
:106D90007B627B6A5F4B5A6B5E4B02210A435A63EC
:106DA0005C4B5B6B022213403B623B6A84217B1885
:106DB000C02212011A607B1802225A607B1800223E
:106DC0009A607B180022DA607B1804221A617B1813
:106DD000584A1900100009F011FD574B574A1A6024
:106DE000554B36225A60544B00229A60524B002277
:106DF000DA60514B80221A614F4B00225A614E4B90
:106E000000229A614C4B2022DA614B4B00221A621D
:106E1000434B494A9A60484B180008F0CBFF7B6807
:106E20008021454A5A50444B7A689A6200220021D8
:106E30001D2008F053FD1D2008F065FD54E17B681E
:106E40001B683F4A934200D080E0324BDA6B314BF3
:106E5000802109030A43DA632E4BDA6B80231B037C
:106E60001340FB61FB692B4B5A6B2A4B01210A43F0
:106E70005A63284B5B6B01221340BB61BB698421C1
:106E80007B1803221A607B1802225A607B180022AA
:106E90009A607B180022DA607B1804221A617A1843
:106EA000A023DB051100180009F0A8FC254B264A99
:106EB0001A60244B38225A60224B00229A60214BE0
:106EC0000022DA601F4B80221A611E4B00225A6199
:106ED0001C4B00229A611B4B2022DA61194B0022C5
:106EE0001A620F4B174A1A60164B180008F062FF1F
:106EF0007B688021134A5A50124B7A689A620022AA
:106F000000211D2008F0EAFC1D2008F0FCFCEBE04D
:106F100000380140001002402C39002008000240D7
:106F200094350020004400408C3900201C000240B1
:106F30000048004000040050EC39002030000240BE
:106F4000004C00404C3A0020440002407B681B6823
:106F5000674A934261D1674BDA6B664B80214900E7
:106F60000A43DA63634BDA6B80235B0013407B6177
:106F70007B69604B5A6B5F4B08210A435A635D4B38
:106F80005B6B082213403B613B6984217B180C2218
:106F90001A607B1802225A607B1800229A607B18C4
:106FA0000022DA607B1803221A617B18524A19000A
:106FB000100009F023FC514B514A1A604F4B4A22F2
:106FC0005A604E4B00229A604C4B0022DA604B4BC9
:106FD00080221A61494B00225A61484B00229A6173
:106FE000464B2022DA61454B00221A62454B434A48
:106FF0001A61424B180008F0DDFE7B6880213F4A91
:107000005A503E4B7A689A62002200211D2008F0F7
:1070100065FC1D2008F077FC66E07B681B683A4A37
:10702000934261D1334BDA6B324B802189000A43A2
:10703000DA63304BDA6B80239B001340FB60FB6804
:107040002C4B5A6B2B4B02210A435A63294B5B6B27
:1070500002221340BB60BB6884217B18C0229200CF
:107060001A607B1802225A607B1800229A607B18F3
:107070000022DA607B1808221A617B18234A190063
:10708000100009F0BBFB224B224A1A60204B4C2215
:107090005A601F4B00229A601D4B0022DA601C4B85
:1070A00080221A611A4B00225A61194B00229A6100
:1070B000174B2022DA61164B00221A62114B144A38
:1070C0005A61134B180008F075FE7B688021104A46
:1070D0005A500F4B7A689A62002200211D2008F056
:1070E000FDFB1D2008F00FFCC046BD4626B0B0BD1C
:1070F0000050004000100240000C0050AC3A00204C
:107100005800024094350020003C0140000400502B
:107110000C3B00206C000240B0B586B000AFB960F7
:1071200011007B600F243B19021C1A700C23FB1802
:107130000A1C1A801723FB1801221A703B191B78AE
:10714000180000F09FF8031E32D03B191A781C4B30
:107150009200D3587A681100180003F0F9FE031E5C
:1071600026D113E00F23FB181B78180000F08AF8D3
:1071700005001723FC18B86A0C23FB181A88B96895
:10718000030028000CF094FC030023701722BB18A6
:107190001B78002B03D0BB181B78032BE2D10F23E5
:1071A000FB181A78064B9200D358180003F01AFF08
:1071B0001723FB181B781800BD4606B0B0BDC046AB
:1071C000C4250020F0B587B000AFB96011007B6026
:1071D0000F243B19021C1A700C257B190A1C1A80FB
:1071E0001726BB1901221A703B191B78180000F0F2
:1071F00049F8031E19D03B191A78114B9200D35845
:107200007A681100180003F0A3FE031E0DD13B198C
:107210001B78180000F036F8BC197B191A88BB6877
:1072200019000CF0E9FC03002370052007F0A0F919
:107230001723FB181B781800BD4607B0F0BDC046E9
:10724000C425002090B585B000AF02003960FB1D59
:107250001A700F243B1900221A70FB1D1B781800AE
:1072600000F010F80300BB60BB683A685A60BB6866
:1072700018000CF07FFB3B191B781800BD4605B0C9
:1072800090BD000080B582B000AF0200FB1D1A70F7
:10729000FB1D1B78062B10D89A000A4BD3181B68CD
:1072A0009F46094B0AE0094B08E0094B06E0094BF1
:1072B00004E0094B02E0094B00E000231800BD4642
:1072C00002B080BDFCFA02081C320020F43000201D
:1072D0008831002060300020B0320020443300208C
:1072E00080B582B000AF78600A00FB1C1A707B6822
:1072F000002B76D0FB1C1B78012B37D17B68180044
:10730000FAF7C2FA0300013B802212021A4111006F
:10731000364B1B785A1E364B5200D35A1AB20BB258
:10732000134319B2314B1B785A1E89B2304B5200AD
:10733000D1527B6808229A627B68802212029A638B
:107340007B6818000CF016FB7B681800FAF79CFAB3
:1073500003005A1E13005B009B189B01254A9918D5
:107360007B68C02218000EF09FFB3AE0FB1C1B78E4
:10737000002B36D17B681800FAF786FA0300013B30
:10738000802212021A411300D943184B1B785A1E4F
:10739000174B5200D35A1BB20AB2134019B2134B07
:1073A0001B785A1E89B2124B5200D1527B680822B8
:1073B0009A627B6800229A637B6818000CF0DAFA04
:1073C0007B681800FAF760FA03005A1E13005B008E
:1073D0009B189B01074A99187B68C02218000EF081
:1073E00063FBC046BD4602B080BDC046341D0020D0
:1073F000001D00205820002080B582B000AFFB1D8A
:1074000000221A70BB1D01221A7035E0204B1B7838
:10741000BA1D12789A4211D0BB1D1B78002213218D
:107420001800F4F717F83220FFF72EFA194B1B78E3
:10743000002B1CD0FB1D02221A7018E07B1D0122BC
:107440001A7010E0124B1B78591E114B1B785A1EF4
:10745000114B4900C95A104B5200D1527B1D1A786A
:107460007B1D01321A707B1D1B78062BEAD9BB1DD0
:107470001A78BB1D01321A70084B1B78BA1D12789E
:107480009A42C3D9FB1D1B781800BD4602B080BDCF
:10749000341D0020551D0020001D00207C00002010
:1074A00080B586B000AF0200FB1D1A700F23FB18D9
:1074B00000221A701623FB1800221A8001233B6158
:1074C00018E03B69DBB21800FFF7DCFE03009A6BA3
:1074D00080231B029A420AD11622BB181B88BA18B5
:1074E000591C11801A003B69D9B20C4B99543B6965
:1074F00001333B613B69062BE3DD1623FB181A8839
:10750000FB1D1B7814211800F3F7A4FF0F23FB18B1
:107510001B781800BD4606B080BDC046F80B0020A1
:1075200080B582B000AFBB1D00221A70FB1D012286
:107530001A7029E0194B1B785A1E194B5200D35A66
:107540001900FB1D1B78013B802212021A41130017
:107550000B400AD1FB1D1B781800FFF793FE0300B8
:1075600000211800FFF7BCFE09E0FB1D1B78180086
:10757000FFF788FE030001211800FFF7B1FEFB1D95
:107580001A78FB1D01321A70FB1D1B78062BD1D90E
:10759000BB1D1B781800BD4602B080BD341D002005
:1075A000001D00201748854600F045F81648174989
:1075B000174A002302E0D458C4500433C4188C4244
:1075C000F9D3144A144C002301E013600432A242A0
:1075D000FBD312481249026800608A4205D000F0CD
:1075E0002AF810F0E5F80EF049FB0E480E4901604C
:1075F0000E480D4901600E4801688D4640680047FD
:10760000FEE7000000400220000000207C0900206E
:10761000BC0303088009002040A30120F03F0220A2
:10762000EFBEADDE4010024001000000000001404E
:107630000000FF1FFEE780B500AFC046BD4680BD1D
:1076400080B582B000AF78607B689B6801221A43E6
:107650007B689A60C046BD4602B080BD80B582B0EE
:1076600000AF786039607B689B68182293431A00EA
:107670003B681A437B689A60C046BD4602B080BD35
:1076800080B582B000AF786039607B683A685A6133
:10769000C046BD4602B080BD80B582B000AF786004
:1076A00039607B683A681A60C046BD4602B080BD4A
:1076B00080B584B000AF78600A00BB1C1A807B687C
:1076C000FB60FB68BA1C12881A80C046BD4604B035
:1076D00080BD80B582B000AF78607B681B689BB2CC
:1076E0001800BD4602B080BD80B584B000AF7860A0
:1076F000074B996B064B7A680A439A63044B9B6B62
:107700007A681340FB60FB68C046BD4604B080BD8C
:1077100000100240B0B590B000AF0200FB1D1A701F
:107720001A23FB1805221A700023FB630023BB6396
:1077300000237B6300233B630023FB620023BB62C7
:1077400000237B6200233B620023FB6100220023B5
:107750003A617B611B23FB1800221A700E23FB1871
:1077600000221A8003F098FB031E02D00E2301F0C2
:10777000FDFB03F063FAC44B01221A70C34B1A6875
:10778000C0239B0413400ED0C04B1A68C0239B0437
:107790001A4080235B049A420BD1BD4B1A688023A8
:1077A0009B03134005D1BB4B1B689B02BA4A134095
:1077B00005E0B84B1B689B025B08B84A1340F722F0
:1077C000D20219001000E8F74BFD0B00DB0AFB6347
:1077D0006BE0FB6B8022520294466344DC02AB4BAD
:1077E0001A68C0239B0413400ED0A84B1A68C0230C
:1077F0009B041A4080235B049A420BD1A44B1A6865
:1078000080239B03134005D1A24B1B689B02A24A15
:10781000134005E09F4B1B689B025B089F4A134087
:107820001900F723D802E8F795FC03001900974BDD
:107830001A68C0239B0413400ED0944B1A68C023CF
:107840009B041A4080235B049A420BD1904B1A6828
:1078500080239B03134005D18E4B1B689B028E4AED
:10786000134005E08B4B1B689B025B088B4A13405F
:107870004B43E318BB6300237B630EE0BA6B7B6B67
:10788000D218874B1A60BA6B7B6BD3181A685B6887
:107890003A617B617B6B08337B637A6B80231B01CE
:1078A0009A42EBD3FB6B0133FB63784B1A68C0231E
:1078B0009B0413400ED0754B1A68C0239B041A40DA
:1078C00080235B049A420BD1714B1A6880239B037F
:1078D000134005D16F4B1B689B026F4A134005E0B4
:1078E0006C4B1B689B025B086C4A1340F722D20268
:1078F00019001000E8F7B4FC0B00DB0A0833FA6B40
:107900009A4200D265E7604B00221A705F4B1A68FA
:10791000C0239B0413400ED05C4B1A68C0239B0409
:107920001A4080235B049A420BD1594B1A6880237A
:107930009B03134005D1574B1B689B02564A1340CB
:1079400005E0544B1B689B025B08544A1340F72226
:10795000D20219001000E8F783FC0B00DB0AFB637E
:1079600077E0FB6B8022520294466344DC02474B73
:107970001A68C0239B0413400ED0444B1A68C023DE
:107980009B041A4080235B049A420BD1404B1A6837
:1079900080239B03134005D13E4B1B689B023E4A4C
:1079A000134005E03B4B1B689B025B083B4A1340BE
:1079B0001900F723D802E8F7CDFB03001900334B79
:1079C0001A68C0239B0413400ED0304B1A68C023A2
:1079D0009B041A4080235B049A420BD12C4B1A68FB
:1079E00080239B03134005D12A4B1B689B022A4A24
:1079F000134005E0274B1B689B025B08274A134096
:107A00004B43E318BB631A257C19BB6B180003F0CA
:107A1000C5F8030023707B191B78022B03D07B1958
:107A20001B78012B03D1FB6A0133FB620EE01A23A2
:107A3000FB181B78032B09D1BB6A002B01D1FB6B10
:107A40003B62FB6B7B62BB6A0133BB62FB6B013346
:107A5000FB630E4B1A68C0239B0413400ED00B4BE4
:107A60001A68C0239B041A4080235B049A4219D1F0
:107A7000074B1A6880239B03134013D1054B1B68E7
:107A80009B02054A134013E0743B00200075FF1F62
:107A900020200240E075FF1F00FC0F0000FE0700E1
:107AA000703B0020BE4B1B689B025B08BD4A134025
:107AB000F722D20219001000E8F7D2FB0B00DB0A14
:107AC0000833FA6B9A4200D24BE7FB6A002B00D0D6
:107AD0001AE1BB6A002B00D110E1B34B1A68C02336
:107AE0009B0413400ED0B04B1A68C0239B041A406D
:107AF00080235B049A420BD1AC4B1A6880239B0312
:107B0000134005D1A64B1B689B02A94A134005E010
:107B1000A34B1B689B025B08A24A1340F722D202C8
:107B200019001000E8F79CFB0B00DB0A3A6AD31A35
:107B30000733072213401C009B4B1A68C0239B0489
:107B400013400ED0984B1A68C0239B041A40802320
:107B50005B049A420BD1954B1A6880239B03134018
:107B600005D18F4B1B689B02914A134005E08C4B5B
:107B70001B689B025B088B4A1340F722D202190054
:107B80001000E8F76DFB0B00DB0AE31880225202BD
:107B900094466344DC02844B1A68C0239B04134060
:107BA0000ED0814B1A68C0239B041A4080235B04CB
:107BB0009A420BD17D4B1A6880239B03134005D159
:107BC000774B1B689B027A4A134005E0744B1B6895
:107BD0009B025B08734A13401900F723D802E8F7A9
:107BE000B9FA03001900704B1A68C0239B041340B4
:107BF0000ED06D4B1A68C0239B041A4080235B048F
:107C00009A420BD1694B1A6880239B03134005D11C
:107C1000634B1B689B02664A134005E0604B1B6880
:107C20009B025B085F4A13404B43E318180002F0C5
:107C3000B5FF0300042B67D15B4B1A68C0239B047C
:107C400013400ED0584B1A68C0239B041A4080235F
:107C50005B049A420BD1554B1A6880239B03134057
:107C600005D14F4B1B689B02514A134005E04C4B1A
:107C70001B689B025B084B4A1340F722D202190093
:107C80001000E8F7EDFA0B00DB0A7A6AD31A013329
:107C9000072213401C00444B1A68C0239B04134066
:107CA0000ED0414B1A68C0239B041A4080235B040A
:107CB0009A420BD13D4B1A6880239B03134005D198
:107CC000374B1B689B023A4A134005E0344B1B6854
:107CD0009B025B08334A1340F722D20219001000BE
:107CE000E8F7BEFA0B00DB0AE3180121180002F0E6
:107CF000A3FD031E08D0022301F038F9002001F093
:107D000043F9030001F032F9274B1A68C0239B04A2
:107D100013400ED0244B1A68C0239B041A408023C2
:107D20005B049A420BD1214B1A6880239B031340BA
:107D300005D11B4B1B689B021D4A134005E0184BE5
:107D40001B689B025B08174A1340F722D2021900F6
:107D50001000E8F785FA0B00DB0AFB635AE2FB6BC5
:107D60008022520294466344DC020F4B1A68C023FF
:107D70009B0413400ED00C4B1A68C0239B041A407E
:107D800080235B049A4215D1084B1A6880239B0319
:107D900013400FD1024B1B689B02054A13400FE0B2
:107DA000E075FF1F00FE07000075FF1F2020024046
:107DB00000FC0F00CD4B1B689B025B08CC4A1340B4
:107DC0001900F723D802E8F7C5F903001900C94BD9
:107DD0001A68C0239B0413400ED0C64B1A68C023F8
:107DE0009B041A4080235B049A420BD1C24B1A6851
:107DF00080239B03134005D1BC4B1B689B02BF4AE9
:107E0000134005E0B94B1B689B025B08B84A13405E
:107E10004B43E318BB631A257C19BB6B180002F0B7
:107E2000BDFE030023707B191B78012B00D0EEE10F
:107E3000B04B1A68C0239B0413400ED0AD4B1A6898
:107E4000C0239B041A4080235B049A420BD1AA4BA7
:107E50001A6880239B03134005D1A44B1B689B0227
:107E6000A64A134005E0A14B1B689B025B08A04A91
:107E70001340F722D20219001000E8F7F1F90B00C5
:107E8000DB0AFA6B9A4200D1E6E09A4B1A68C023EB
:107E90009B0413400ED0974B1A68C0239B041A40D2
:107EA00080235B049A420BD1934B1A6880239B0377
:107EB000134005D18D4B1B689B02904A134005E08F
:107EC0008A4B1B689B025B08894A1340F722D20247
:107ED00019001000E8F7C4F90B00DB0A0433FA6B51
:107EE0009A4200D1B8E0834B1A68C0239B04134028
:107EF0000ED0804B1A68C0239B041A4080235B0479
:107F00009A420BD17C4B1A6880239B03134005D106
:107F1000764B1B689B02794A134005E0734B1B6844
:107F20009B025B08724A1340F722D202190010002C
:107F3000E8F796F90B00DB0AFA6BD31A073307222E
:107F400013401C006B4B1A68C0239B0413400ED0D7
:107F5000684B1A68C0239B041A4080235B049A4232
:107F60000BD1654B1A6880239B03134005D15F4BEF
:107F70001B689B02614A134005E05C4B1B689B0237
:107F80005B085B4A1340F722D20219001000E8F7A1
:107F900067F90B00DB0AE31880225202944663441F
:107FA000DC02544B1A68C0239B0413400ED0514B83
:107FB0001A68C0239B041A4080235B049A420BD1A9
:107FC0004D4B1A6880239B03134005D1474B1B6818
:107FD0009B024A4A134005E0444B1B689B025B0826
:107FE000434A13401900F723D802E8F7B3F8030017
:107FF0001900404B1A68C0239B0413400ED03D4B20
:108000001A68C0239B041A4080235B049A420BD158
:10801000394B1A6880239B03134005D1334B1B68EF
:108020009B02364A134005E0304B1B689B025B08FD
:108030002F4A13404B43E318180002F0AFFD030032
:10804000032B04D11B23FB1800221A70C5E01B234D
:10805000FB1801221A70C0E0264B1A68C0239B044B
:1080600013400ED0234B1A68C0239B041A40802370
:108070005B049A420BD1204B1A6880239B03134068
:1080800005D11A4B1B689B021C4A134005E0174B95
:108090001B689B025B08164A1340F722D2021900A4
:1080A0001000E8F7DDF80B00DB0AFA6BD31A013396
:1080B000072213401C000F4B1A68C0239B04134077
:1080C0000ED00C4B1A68C0239B041A4080235B041B
:1080D0009A4215D1084B1A6880239B0313400FD195
:1080E000024B1B689B02054A13400FE0E075FF1F1F
:1080F00000FE07000075FF1F2020024000FC0F005B
:10810000C54B1B689B025B08C44A1340F722D2028E
:1081100019001000E8F7A4F80B00DB0AE31880222E
:10812000520294466344DC02BD4B1A68C0239B0490
:1081300013400ED0BA4B1A68C0239B041A40802308
:108140005B049A420BD1B74B1A6880239B03134000
:1081500005D1B14B1B689B02B34A134005E0AE4BFF
:108160001B689B025B08AD4A13401900F723D80235
:10817000E7F7F0FF03001900A94B1A68C0239B041E
:1081800013400ED0A64B1A68C0239B041A408023CC
:108190005B049A420BD1A34B1A6880239B031340C4
:1081A00005D19D4B1B689B029F4A134005E09A4BEB
:1081B0001B689B025B08994A13404B43E318180065
:1081C00002F0ECFC031E04D11B23FB1800221A70E2
:1081D00003E01B23FB1801221A701B23FB181B78DA
:1081E000002B14D1FB6BDAB2904B1A7001220021E4
:1081F000002001F0D5FD03001A0080235B009A42A5
:1082000002D00C2300F0B2FE0123FB6130E0FB6BD7
:108210000133FB63824B1A68C0239B0413400ED0CA
:108220007F4B1A68C0239B041A4080235B049A4248
:108230000BD17C4B1A6880239B03134005D1764BEE
:108240001B689B02784A134005E0734B1B689B0236
:108250005B08724A1340F722D20219001000E7F7B8
:10826000FFFF0B00DB0A0833FA6B9A4200D276E577
:1082700000233B636A4B1A68C0239B0413400ED053
:10828000674B1A68C0239B041A4080235B049A4200
:108290000BD1644B1A6880239B03134005D15E4BBE
:1082A0001B689B02604A134005E05B4B1B689B0206
:1082B0005B085A4A1340F722D20219001000E7F770
:1082C000CFFF0B00DB0AFB635EE2FB6B80225202F6
:1082D00094466344DC02524B1A68C0239B0413404B
:1082E0000ED04F4B1A68C0239B041A4080235B04B6
:1082F0009A420BD14B4B1A6880239B03134005D144
:10830000454B1B689B02484A134005E0424B1B68E3
:108310009B025B08414A13401900F723D802E7F794
:1083200019FF030019003E4B1A68C0239B04134039
:108330000ED03B4B1A68C0239B041A4080235B0479
:108340009A420BD1374B1A6880239B03134005D107
:10835000314B1B689B02344A134005E02E4B1B68CF
:108360009B025B082D4A13404B43E318BB631A255D
:108370007C19BB6B180002F011FC030023707B1901
:108380001B78022B00D0F5E1254B1A68C0239B0413
:1083900013400ED0224B1A68C0239B041A4080233E
:1083A0005B049A420BD11F4B1A6880239B03134036
:1083B00005D1194B1B689B021B4A134005E0164B65
:1083C0001B689B025B08154A1340F722D202190072
:1083D0001000E7F745FF0B00DB0AFA6B9A4200D169
:1083E000F2E00F4B1A68C0239B0413400ED00C4BD5
:1083F0001A68C0239B041A4080235B049A4217D159
:10840000084B1A6880239B03134011D1024B1B6851
:108410009B02054A134011E0E075FF1F00FE0700B4
:108420000075FF1F2020024000FC0F006E3B002063
:10843000CA4B1B689B025B08C94A1340F722D20251
:1084400019001000E7F70CFF0B00DB0A0433FA6B8E
:108450009A4200D1B8E0C34B1A68C0239B04134072
:108460000ED0C04B1A68C0239B041A4080235B04C3
:108470009A420BD1BC4B1A6880239B03134005D151
:10848000B64B1B689B02B94A134005E0B34B1B680F
:108490009B025B08B24A1340F722D2021900100077
:1084A000E7F7DEFE0B00DB0AFA6BD31A073307226D
:1084B00013401C00AB4B1A68C0239B0413400ED022
:1084C000A84B1A68C0239B041A4080235B049A427D
:1084D0000BD1A54B1A6880239B03134005D19F4BFA
:1084E0001B689B02A14A134005E09C4B1B689B0242
:1084F0005B089B4A1340F722D20219001000E7F7ED
:10850000AFFE0B00DB0AE31880225202944663445C
:10851000DC02944B1A68C0239B0413400ED0914B8D
:108520001A68C0239B041A4080235B049A420BD133
:108530008D4B1A6880239B03134005D1874B1B6822
:108540009B028A4A134005E0844B1B689B025B0830
:10855000834A13401900F723D802E7F7FBFD030015
:108560001900804B1A68C0239B0413400ED07D4B2A
:108570001A68C0239B041A4080235B049A420BD1E3
:10858000794B1A6880239B03134005D1734B1B68FA
:108590009B02764A134005E0704B1B689B025B0808
:1085A0006F4A13404B43E318180002F0F7FA030038
:1085B000032B04D11B23FB1800221A70BBE01B23E2
:1085C000FB1801221A70B6E0664B1A68C0239B04A0
:1085D00013400ED0634B1A68C0239B041A408023BB
:1085E0005B049A420BD1604B1A6880239B031340B3
:1085F00005D15A4B1B689B025C4A134005E0574B60
:108600001B689B025B08564A1340F722D2021900EE
:108610001000E7F725FE0B00DB0AFA6BD31A0133D3
:10862000072213401C004F4B1A68C0239B041340C1
:108630000ED04C4B1A68C0239B041A4080235B0465
:108640009A420BD1484B1A6880239B03134005D1F3
:10865000424B1B689B02454A134005E03F4B1B6899
:108660009B025B083E4A1340F722D2021900100019
:10867000E7F7F6FD0B00DB0AE3188022520294466E
:108680006344DC02374B1A68C0239B0413400ED0AE
:10869000344B1A68C0239B041A4080235B049A421F
:1086A0000BD1314B1A6880239B03134005D12B4B10
:1086B0001B689B022D4A134005E0284B1B689B0258
:1086C0005B08274A13401900F723D802E7F742FD59
:1086D00003001900234B1A68C0239B0413400ED0DB
:1086E000204B1A68C0239B041A4080235B049A42E3
:1086F0000BD11D4B1A6880239B03134005D1174BE8
:108700001B689B02194A134005E0144B1B689B022F
:108710005B08134A13404B43E318180002F03EFA7B
:10872000031E04D11B23FB1800221A7003E01B2335
:10873000FB1801221A701B23FB181B78002B20D179
:108740003B6B002B07D1FB6BDAB2094B1A703B6B0A
:1087500001333B6315E00A2300F008FCE075FF1FBE
:1087600000FE07000075FF1F2020024000FC0F00E4
:108770006E3B00201A23FB181B78032B01D1FB6BE7
:108780007B62FB6B0133FB63CD4B1A68C0239B04F8
:1087900013400ED0CA4B1A68C0239B041A40802392
:1087A0005B049A420BD1C74B1A6880239B0313408A
:1087B00005D1C54B1B689B02C44A134005E0C24B60
:1087C0001B689B025B08C24A1340F722D2021900C1
:1087D0001000E7F745FD0B00DB0A0833FA6B9A42FD
:1087E00000D272E53B6B002B00D06BE07B6ADCB201
:1087F000B34B1A68C0239B0413400ED0B04B1A68C9
:10880000C0239B041A4080235B049A420BD1AD4BDA
:108810001A6880239B03134005D1AB4B1B689B0256
:10882000AA4A134005E0A84B1B689B025B08A84AB4
:108830001340F722D20219001000E7F711FD0B00D8
:10884000DB0ADBB2E31ADBB20133DBB207221340EF
:10885000DCB29B4B1A68C0239B0413400ED0984B8C
:108860001A68C0239B041A4080235B049A420BD1F0
:10887000944B1A6880239B03134005D1924B1B68CD
:108880009B02924A134005E08F4B1B689B025B08DA
:108890008F4A1340F722D20219001000E7F7E0FCDC
:1088A0000B00DB0ADBB2E318DAB28A4B1A70894B91
:1088B0001B780221180001F0BFFF031E02D0022323
:1088C00000F054FB844B00221A80844B20221A6053
:1088D00020237B636DE07F4B1B78802252029446FD
:1088E0006344DC02764B1A68C0239B0413400ED00D
:1088F000734B1A68C0239B041A4080235B049A427E
:108900000BD1704B1A6880239B03134005D16E4B2B
:108910001B689B026D4A134005E06B4B1B689B0272
:108920005B086B4A13401900F723D802E7F712FCE3
:1089300003001900624B1A68C0239B0413400ED039
:108940005F4B1A68C0239B041A4080235B049A4241
:108950000BD15C4B1A6880239B03134005D15A4B03
:108960001B689B02594A134005E0574B1B689B024A
:108970005B08574A13404B43E2187B6BD3181A68C5
:108980005B683A617B613B69013303D17B690133E9
:1089900000D113E0504B1B8801339AB24E4B1A8022
:1089A0004E4B1B6808331A004C4B1A607B6B083324
:1089B0007B637A6B80231B019A428CD3454B1B78D7
:1089C000FB63444B1B783B62D0E03D4B1A68C023ED
:1089D0009B0413400ED03A4B1A68C0239B041A40E4
:1089E00080235B049A420BD1364B1A6880239B0389
:1089F000134005D1344B1B689B02344A134005E0F9
:108A0000314B1B689B025B08314A1340F722D202AC
:108A100019001000E7F724FC0B00DB0AFA6BD31AED
:108A20000733072213401C00254B1A68C0239B0400
:108A300013400ED0224B1A68C0239B041A40802397
:108A40005B049A420BD11F4B1A6880239B0313408F
:108A500005D11D4B1B689B021C4A134005E01A4BB5
:108A60001B689B025B081A4A1340F722D2021900C6
:108A70001000E7F7F5FB0B00DB0AE318FB63FB6B69
:108A80008022520294466344DC020D4B1A68C023D4
:108A90009B0413400ED00A4B1A68C0239B041A4053
:108AA00080235B049A421BD1064B1A6880239B03E8
:108AB000134015D1044B1B689B02044A134015E078
:108AC0000075FF1F20200240E075FF1F00FC0F0013
:108AD00000FE07006E3B00206C3B002028020020B7
:108AE000C44B1B689B025B08C34A13401900F72361
:108AF000D802E7F72FFB03001900C04B1A68C02308
:108B00009B0413400ED0BD4B1A68C0239B041A402F
:108B100080235B049A420BD1B94B1A6880239B03D4
:108B2000134005D1B34B1B689B02B64A134005E0C6
:108B3000B04B1B689B025B08AF4A13404B43E318E2
:108B40001A257C19180002F029F8030023707B19FC
:108B50001B78032B08D1AC4B1B88FC339AB2AA4B71
:108B60001A80FB6B3B6201E00A23FFE1A34B1A680A
:108B7000C0239B0413400ED0A04B1A68C0239B0453
:108B80001A4080235B049A420BD19D4B1A688023C4
:108B90009B03134005D1974B1B689B02994A1340D6
:108BA00005E0944B1B689B025B08934A1340F72235
:108BB000D20219001000E7F753FB0B00DB0AFA6B37
:108BC0009A422DD08D4B1A68C0239B0413400ED0BF
:108BD0008A4B1A68C0239B041A4080235B049A4284
:108BE0000BD1874B1A6880239B03134005D1814B1F
:108BF0001B689B02834A134005E07E4B1B689B0267
:108C00005B087D4A1340F722D20219001000E7F7F3
:108C100027FB0B00DB0A0433FA6B9A4200D0D4E640
:108C20007A4B1B781C00754B1A68C0239B041340B9
:108C30000ED0724B1A68C0239B041A4080235B0439
:108C40009A420BD16E4B1A6880239B03134005D1C7
:108C5000684B1B689B026B4A134005E0654B1B6821
:108C60009B025B08644A1340F722D20219001000ED
:108C7000E7F7F6FA0B00DB0AE31A01330722134089
:108C80001C005E4B1A68C0239B0413400ED05B4B44
:108C90001A68C0239B041A4080235B049A420BD1BC
:108CA000574B1A6880239B03134005D1514B1B6817
:108CB0009B02544A134005E04E4B1B689B025B0825
:108CC0004D4A1340F722D20219001000E7F7C8FA04
:108CD0000B00DB0AE318FB63FB6B80225202944615
:108CE0006344DC02454B1A68C0239B0413400ED03A
:108CF000424B1A68C0239B041A4080235B049A42AB
:108D00000BD13F4B1A6880239B03134005D1394B8D
:108D10001B689B023B4A134005E0364B1B689B02D5
:108D20005B08354A13401900F723D802E7F712FA17
:108D300003001900314B1A68C0239B0413400ED066
:108D40002E4B1A68C0239B041A4080235B049A426E
:108D50000BD12B4B1A6880239B03134005D1254B65
:108D60001B689B02274A134005E0224B1B689B02AD
:108D70005B08214A13404B43E318BB63D9E0FB1D5A
:108D80001B78002B08D1FB6B0121180001F0A6FF16
:108D9000031E14D00123E9E080231A01BB6B1100EC
:108DA000180000F0B4FD0300102B08D1FB6B01216B
:108DB000180001F093FF031E01D00123D6E00F4BF2
:108DC0001A68C0239B0413400ED00C4B1A68C023B2
:108DD0009B041A4080235B049A4219D1084B1A68FD
:108DE00080239B03134013D1024B1B689B02054A4F
:108DF000134013E0E075FF1F00FE07000075FF1F22
:108E00002020024000FC0F006C3B00206E3B002045
:108E1000584B1B689B025B08574A1340F722D2024B
:108E200019001000E7F71CFA0B00DB0AFA6BD31AE3
:108E30000133072213401C00504B1A68C0239B04C7
:108E400013400ED04D4B1A68C0239B041A40802358
:108E50005B049A420BD14A4B1A6880239B03134050
:108E600005D1444B1B689B02464A134005E0414B29
:108E70001B689B025B08404A1340F722D20219008C
:108E80001000E7F7EDF90B00DB0AE318FB63FB6B5F
:108E90008022520294466344DC02384B1A68C02395
:108EA0009B0413400ED0354B1A68C0239B041A4014
:108EB00080235B049A420BD1314B1A6880239B03B9
:108EC000134005D12B4B1B689B022E4A134005E033
:108ED000284B1B689B025B08274A13401900F723A5
:108EE000D802E7F737F903001900244B1A68C023AA
:108EF0009B0413400ED0214B1A68C0239B041A40D8
:108F000080235B049A420BD11D4B1A6880239B037C
:108F1000134005D1174B1B689B021A4A134005E00A
:108F2000144B1B689B025B08134A13404B43E31826
:108F3000BB63FA6B3B6A9A4200D020E701F05EFF08
:108F4000FB69002B11D10E257C190021002001F0B6
:108F50009DFB030023807B191B88002B05D07B1908
:108F60001B88122B01D0022300E000231800BD460D
:108F700010B0B0BDE075FF1F00FE07000075FF1FB9
:108F80002020024000FC0F0090B585B000AF020029
:108F9000FB1D1A700023FB6001F07EFF031E01D051
:108FA0000E2331E19A4B1A68C0239B0413400ED064
:108FB000974B1A68C0239B041A4080235B049A4293
:108FC0000BD1944B1A6880239B03134005D1924B1D
:108FD0001B689B02914A134005E08F4B1B689B0264
:108FE0005B088F4A1340F722D20219001000E7F7FE
:108FF00037F90B00DB0AFB6072E0FB1D1B78002BCE
:1090000008D1FB680121180001F068FE031E64D03E
:109010000123F9E0FB688022520294466344DC029B
:109020007B4B1A68C0239B0413400ED0784B1A6800
:10903000C0239B041A4080235B049A420BD1754BDA
:109040001A6880239B03134005D1734B1B689B0256
:10905000724A134005E0704B1B689B025B08704A24
:1090600013401900F723D802E7F774F8030019003A
:10907000674B1A68C0239B0413400ED0644B1A68D8
:10908000C0239B041A4080235B049A420BD1614B9E
:109090001A6880239B03134005D15F4B1B689B021A
:1090A0005E4A134005E05C4B1B689B025B085C4A10
:1090B00013404B43E318802212011100180000F006
:1090C00026FC0300102B08D1FB680121180001F0D9
:1090D00005FE031E01D0012396E0FB680133FB600F
:1090E0004B4B1A68C0239B0413400ED0484B1A68A0
:1090F000C0239B041A4080235B049A420BD1454B4A
:109100001A6880239B03134005D1434B1B689B02C5
:10911000424A134005E0404B1B689B025B08404AF3
:109120001340F722D20219001000E7F799F80B005C
:10913000DB0A0833FA689A4200D25EE701F05EFE6D
:10914000334B1A68C0239B0413400ED0304B1A686F
:10915000C0239B041A4080235B049A420BD12D4B01
:109160001A6880239B03134005D12B4B1B689B027D
:109170002A4A134005E0284B1B689B025B08284ADB
:109180001340F722D20219001000E7F769F80B002C
:10919000DB0A0221180001F04FFB031E01D002235D
:1091A00032E0204B00221A80194B1A68C0239B041E
:1091B00013400ED0164B1A68C0239B041A4080231C
:1091C0005B049A420BD1134B1A6880239B03134014
:1091D00005D1114B1B689B02104A134005E00E4B52
:1091E0001B689B025B080E4A1340F722D20219004B
:1091F0001000E7F735F80B00DB0ADAB20A4B1A70F9
:109200000A4B20221A6000231800BD4605B090BD0D
:109210000075FF1F20200240E075FF1F00FC0F00BB
:1092200000FE07006C3B00206E3B0020280200205F
:10923000B0B584B000AF02003960BB1D1A80BB1D01
:109240001B88002B1CD0BB1D1B88104A934217D0D3
:109250000023BB600E257B1900221A807C1908238D
:10926000FA18BB1D1B881100180000F087F90300D5
:109270002380BB689AB23B681A807B191B8800E088
:1092800008231800BD4604B0B0BDC046FFFF000073
:1092900080B582B000AF0200BB1D1A803B1D0A1CC6
:1092A0001A80BB1D1B88002B0ED0BB1D1B88094AD2
:1092B000934209D03B1D1A88BB1D1B881100180062
:1092C00000F0FCFA030000E008231800BD4602B0DD
:1092D00080BDC046FFFF000090B587B000AF0023FF
:1092E0007B6100233B610023FB600023BB60FB1D0F
:1092F00005221A70BB1D05221A709B4B1A68C023E9
:109300009B0413400ED0984B1A68C0239B041A404C
:1093100080235B049A420BD1944B1A6880239B03F1
:10932000134005D1924B1B689B02924A134005E003
:109330008F4B1B689B025B088F4A1340F722D202B7
:1093400019001000E6F78CFF0B00DB0A7B61D8E008
:109350007B698022520294466344DC02824B1A6885
:10936000C0239B0413400ED07F4B1A68C0239B047C
:109370001A4080235B049A420BD17C4B1A688023ED
:109380009B03134005D17A4B1B689B02794A13401B
:1093900005E0774B1B689B025B08774A1340190076
:1093A000F723D802E6F7D6FE030019006E4B1A68C1
:1093B000C0239B0413400ED06B4B1A68C0239B0440
:1093C0001A4080235B049A420BD1684B1A688023B1
:1093D0009B03134005D1664B1B689B02654A1340F3
:1093E00005E0634B1B689B025B08634A13404B43D9
:1093F000E318FB60FC1DFB68180001F0CFFB0300C5
:109400002370FB1D1B78042B00D077E07B690133B0
:109410003B6161E03B698022520294466344DC0276
:10942000514B1A68C0239B0413400ED04E4B1A6850
:10943000C0239B041A4080235B049A420BD14B4B00
:109440001A6880239B03134005D1494B1B689B027C
:10945000484A134005E0464B1B689B025B08464A9E
:1094600013401900F723D802E6F774FE0300190031
:109470003D4B1A68C0239B0413400ED03A4B1A6828
:10948000C0239B041A4080235B049A420BD1374BC4
:109490001A6880239B03134005D1354B1B689B0240
:1094A000344A134005E0324B1B689B025B08324A8A
:1094B00013404B43E318BB60BC1DBB68180001F0B0
:1094C0006DFB03002370BB1D1B78042B01D005230B
:1094D00046E03B6901333B617B6904333A699A4258
:1094E00098D37B690421180001F0F8FB031E01D01A
:1094F000012335E001F082FC002331E07B69043375
:109500007B61194B1A68C0239B0413400ED0164B85
:109510001A68C0239B041A4080235B049A420BD133
:10952000124B1A6880239B03134005D1104B1B6814
:109530009B02104A134005E00D4B1B689B025B0821
:109540000D4A1340F722D20219001000E6F788FEF8
:109550000B00DB0A08337A699A4200D2F8E6052349
:109560001800BD4607B090BD0075FF1F20200240C7
:10957000E075FF1F00FC0F0000FE0700F0B58FB084
:1095800000AF020039611623FB181A800022002365
:109590003A627B6200237B6300233B630023FB6210
:1095A0000023FB611B2310229B18DB1905221A7074
:1095B000002000F0D3F903007B637B6B013301D102
:1095C00003236CE17B6B8022520294466344DE02EB
:1095D000B54B1A68C0239B0413400ED0B24B1A68D7
:1095E000C0239B041A4080235B049A420BD1AF4BEB
:1095F0001A6880239B03134005D1AD4B1B689B0267
:10960000AC4A134005E0AA4B1B689B025B08AA4AC0
:1096100013401900F723D802E6F79CFD0300190058
:10962000A14B1A68C0239B0413400ED09E4B1A68AE
:10963000C0239B041A4080235B049A420BD19B4BAE
:109640001A6880239B03134005D1994B1B689B022A
:10965000984A134005E0964B1B689B025B08964AAC
:1096600013404B43F3183B631B2310229B18DE1956
:109670003B6B180001F092FA03003370FAE0FF230D
:10968000DB00FB623DE03A6BFB6AD3181A685B684B
:109690003A627B623B6A013302D17B6A01332DD08F
:1096A0003A6A7B6A131C9BB21622BA1812889A4235
:1096B00024D17B6A1B00BB600023FB60B8683A6A58
:1096C0007B6A131C9BB2190001F0D2FA0300FB6104
:1096D0007B6A1B043A6A140C1C437B6A1D0CA3B200
:1096E0001A00FB69934209D17B6A1B003B6000238F
:1096F0007B603A683B691A600023D0E0FB6A083B54
:10970000FB62FB6A1F2BBED8674B1A68C0239B0401
:1097100013400ED0644B1A68C0239B041A40802368
:109720005B049A420BD1614B1A6880239B03134060
:1097300005D15F4B1B689B025E4A134005E05C4B02
:109740001B689B025B085C4A1340F722D202190097
:109750001000E6F785FD0B00DB0A7A6BD31A07339E
:10976000072213401E00504B1A68C0239B0413406D
:109770000ED04D4B1A68C0239B041A4080235B0413
:109780009A420BD1494B1A6880239B03134005D1A1
:10979000474B1B689B02474A134005E0444B1B683C
:1097A0009B025B08444A1340F722D20219001000C2
:1097B000E6F756FD0B00DB0AF3187B637B6B802218
:1097C000520294466344DE02374B1A68C0239B045E
:1097D00013400ED0344B1A68C0239B041A408023D8
:1097E0005B049A420BD1314B1A6880239B031340D0
:1097F00005D12F4B1B689B022E4A134005E02C4BD2
:109800001B689B025B082C4A13401900F723D802FF
:10981000E6F7A0FC03001900234B1A68C0239B0441
:1098200013400ED0204B1A68C0239B041A4080239B
:109830005B049A420BD11D4B1A6880239B03134093
:1098400005D11B4B1B689B021A4A134005E0184BBD
:109850001B689B025B08184A13404B43F3183B6399
:109860001B2310229B18DE193B6B180001F096F9A0
:10987000030033701B2210215318DB191B78022BB5
:1098800000D1FCE65318DB191B78032B00D1F6E658
:109890005318DB191B78042B00D1F0E607231800BE
:1098A000BD460FB0F0BDC0460075FF1F202002402E
:1098B000E075FF1F00FC0F0000FE0700B0B584B08C
:1098C00000AF02003960BB1D1A800E257B190022F3
:1098D0001A807C193A68BB1D1B881100180000F023
:1098E000D5FE030023807B191B88122B08D1396811
:1098F000BB1D1B880022180000F052FA030002E092
:109900000E23FB181B881800BD4604B0B0BD80B5FF
:1099100084B000AF786039600E23FB1811221A80E2
:109920000023BB600FE07A68BB68D3181A685B68D5
:10993000511C01D1013303D00E23FB1810221A80D1
:10994000BB680833BB60BA683B689A42EBD30E230E
:10995000FB181B881800BD4604B080BD90B587B0C9
:1099600000AF0200FB1D1A701723FB1805221A70A6
:109970001623FB1805221A7000233B610023FB60AD
:109980000023BB60CB4B1B783B613B6980225202BA
:1099900094466344DC02C84B1A68C0239B041340FE
:1099A0000ED0C54B1A68C0239B041A4080235B0469
:1099B0009A420BD1C14B1A6880239B03134005D1F7
:1099C000BF4B1B689B02BF4A134005E0BC4B1B68A2
:1099D0009B025B08BC4A13401900F723D802E6F744
:1099E000B9FB03001900B44B1A68C0239B04134051
:1099F0000ED0B14B1A68C0239B041A4080235B042D
:109A00009A420BD1AD4B1A6880239B03134005D1BA
:109A1000AB4B1B689B02AB4A134005E0A84B1B688D
:109A20009B025B08A84A13404B43E3181722BC185B
:109A3000180001F0B3F8030023709F4B1A68C0238D
:109A40009B0413400ED09C4B1A68C0239B041A4001
:109A500080235B049A420BD1984B1A6880239B03A6
:109A6000134005D1964B1B689B02964A134005E0B4
:109A7000934B1B689B025B08934A1340F722D20268
:109A800019001000E6F7ECFB0B00DB0A3A69D31A69
:109A90000133072213401C00874B1A68C0239B0424
:109AA00013400ED0844B1A68C0239B041A408023B5
:109AB0005B049A420BD1814B1A6880239B031340AD
:109AC00005D17F4B1B689B027E4A134005E07C4B0F
:109AD0001B689B025B087C4A1340F722D2021900E4
:109AE0001000E6F7BDFB0B00DB0AE318FB60FB6828
:109AF0008022520294466344DC026F4B1A68C023F2
:109B00009B0413400ED06C4B1A68C0239B041A4070
:109B100080235B049A420BD1684B1A6880239B0315
:109B2000134005D1664B1B689B02664A134005E053
:109B3000634B1B689B025B08634A13401900F723C1
:109B4000D802E6F707FB030019005B4B1A68C02335
:109B50009B0413400ED0584B1A68C0239B041A4034
:109B600080235B049A420BD1544B1A6880239B03D9
:109B7000134005D1524B1B689B02524A134005E02B
:109B80004F4B1B689B025B084F4A13404B43E31843
:109B90001622BC18180001F001F803002370464B90
:109BA0001A68C0239B0413400ED0434B1A68C0238D
:109BB0009B041A4080235B049A420BD13F4B1A68E6
:109BC00080239B03134005D13D4B1B689B023D4AFC
:109BD000134005E03A4B1B689B025B083A4A13406E
:109BE000F722D20219001000E6F73AFB0B00DB0A5D
:109BF0003A69D31A0733072213401C002E4B1A6808
:109C0000C0239B0413400ED02B4B1A68C0239B0427
:109C10001A4080235B049A420BD1284B1A68802398
:109C20009B03134005D1264B1B689B02254A13401A
:109C300005E0234B1B689B025B08234A1340F72275
:109C4000D20219001000E6F70BFB0B00DB0AE31849
:109C5000BB60FB1D1B78022B00D18EE000DD96E07F
:109C6000002B00D178E0012B00D090E01723FB18E7
:109C70001B78022B3BD1154B1A6880231B019A429B
:109C800001D23B6985E01623FB181B78042B06D113
:109C9000FFF722FB031E02D001235B4279E03B6900
:109CA0000321180000F0C8FD031E11D001235B4200
:109CB0006FE0C0466E3B00200075FF1F2020024071
:109CC000E075FF1F00FC0F0000FE070028020020C7
:109CD000FB680221180000F0AFFD031E02D0012333
:109CE0005B4256E02D4B20221A60FB6851E017239F
:109CF000FB181B78012B2CD1284B1A6880231B01E1
:109D00009A4201D23B6944E01623FB181B78042BCE
:109D100006D1FFF7E1FA031E02D001235B4238E0CF
:109D20003B690321180000F087FD031E02D00123C8
:109D30005B422EE0FB680121180000F07DFD031E50
:109D400002D001235B4224E0144B20221A60FB68FE
:109D50001FE001235B421CE01723FB181B78022B3A
:109D600001D13B6915E01723FB181B78012B01D1AA
:109D7000BB680EE001235B420BE01623FB181B7847
:109D8000002B01D1FB6804E001235B4201E00123C9
:109D90005B421800BD4607B090BDC04628020020B7
:109DA000B0B58AB000AF39601100BB1D021C1A802B
:109DB0007B1D0A1C1A702723FB1805221A7000232A
:109DC000BB6100233B620023FB61002200233A6158
:109DD0007B610E23FB1800221A800023BB607B1DD1
:109DE0001B78002B01D1022300E001231800FFF7AC
:109DF000B5FD03003B623B6A013302D1042300F04E
:109E000032FCCC4B00221A803B6ADAB2CA4B1A7081
:109E1000CA4B20221A607B1D1B78002B09D13B6A9C
:109E20000121180000F008FD031E02D0022300F0FB
:109E30001AFCC34B1A68C0239B0413400ED0C04BBE
:109E40001A68C0239B041A4080235B049A420BD1FA
:109E5000BC4B1A6880239B03134005D1BA4B1B6887
:109E60009B02BA4A134005E0B74B1B689B025B0894
:109E7000B74A1340F722D20219001000E6F7F0F9B2
:109E80000B00DB0A3A6AD31A0733072213401C007F
:109E9000AB4B1A68C0239B0413400ED0A84B1A6822
:109EA000C0239B041A4080235B049A420BD1A54B2C
:109EB0001A6880239B03134005D1A34B1B689B02A8
:109EC000A24A134005E0A04B1B689B025B08A04A16
:109ED0001340F722D20219001000E6F7C1F90B0077
:109EE000DB0AE3183B623B6A8022520294466344D9
:109EF000DC02934B1A68C0239B0413400ED0904B96
:109F00001A68C0239B041A4080235B049A420BD139
:109F10008C4B1A6880239B03134005D18A4B1B6826
:109F20009B028A4A134005E0874B1B689B025B0833
:109F3000874A13401900F723D802E6F70BF903000C
:109F400019007F4B1A68C0239B0413400ED07C4B32
:109F50001A68C0239B041A4080235B049A420BD1E9
:109F6000784B1A6880239B03134005D1764B1B68FE
:109F70009B02764A134005E0734B1B689B025B080B
:109F8000734A13404B43E318BB6127257C19BB6917
:109F9000180000F003FE030023707B191B78022BCE
:109FA00004D07B191B78042B00D0A1E12723FB18D8
:109FB0001B78022B09D13B6A0421180000F03CFCFD
:109FC000031E02D0022300F04EFB5D4B1A68C02333
:109FD0009B0413400ED05A4B1A68C0239B041A40AE
:109FE00080235B049A420BD1564B1A6880239B0353
:109FF000134005D1544B1B689B02544A134005E0A3
:10A00000514B1B689B025B08514A1340F722D20256
:10A0100019001000E6F724F90B00DB0A3A6AD31A9C
:10A020000733072213401C00454B1A68C0239B04CA
:10A0300013400ED0424B1A68C0239B041A40802361
:10A040005B049A420BD13F4B1A6880239B03134059
:10A0500005D13D4B1B689B023C4A134005E03A4B3F
:10A060001B689B025B083A4A1340F722D202190090
:10A070001000E6F7F5F80B00DB0AE3183B623B6AD9
:10A080008022520294466344DC022D4B1A68C0239E
:10A090009B0413400ED02A4B1A68C0239B041A401D
:10A0A00080235B049A420BD1264B1A6880239B03C2
:10A0B000134005D1244B1B689B02244A134005E042
:10A0C000214B1B689B025B08214A13401900F723B0
:10A0D000D802E6F73FF803001900194B1A68C023AD
:10A0E0009B0413400ED0164B1A68C0239B041A40E1
:10A0F00080235B049A420BD1124B1A6880239B0386
:10A10000134005D1104B1B689B02104A134005E019
:10A110000D4B1B689B025B080D4A13404B43E31831
:10A12000BB612723FC18BB69180000F037FD030052
:10A130002370D1E06C3B00206E3B00202802002001
:10A140000075FF1F20200240E075FF1F00FC0F007C
:10A1500000FE07002723FB181B78032B08D13B6A5E
:10A160000421180000F068FB031E01D002237AE2EC
:10A17000CA4B1A68C0239B0413400ED0C74B1A6801
:10A18000C0239B041A4080235B049A420BD1C44B2A
:10A190001A6880239B03134005D1C24B1B689B02A6
:10A1A000C14A134005E0BF4B1B689B025B08BF4AD6
:10A1B0001340F722D20219001000E6F751F80B0005
:10A1C000DB0A3A6AD31A0733072213401C00B34B49
:10A1D0001A68C0239B0413400ED0B04B1A68C023EA
:10A1E0009B041A4080235B049A420BD1AC4B1A6843
:10A1F00080239B03134005D1AA4B1B689B02AA4AEC
:10A20000134005E0A74B1B689B025B08A74A13405D
:10A21000F722D20219001000E6F722F80B00DB0A41
:10A22000E3183B623B6A8022520294466344DC029C
:10A230009A4B1A68C0239B0413400ED0974B1A68A0
:10A24000C0239B041A4080235B049A420BD1944B99
:10A250001A6880239B03134005D1924B1B689B0215
:10A26000914A134005E08F4B1B689B025B088F4AA5
:10A2700013401900F723D802E5F76CFF030019001B
:10A28000864B1A68C0239B0413400ED0834B1A6878
:10A29000C0239B041A4080235B049A420BD1804B5D
:10A2A0001A6880239B03134005D17E4B1B689B02D9
:10A2B0007D4A134005E07B4B1B689B025B087B4A91
:10A2C00013404B43E318BB612723FC18BB691800FC
:10A2D00000F064FC030023702722BB181B78032BBB
:10A2E00000D137E7BB181B78042B00D132E70AE016
:10A2F0007B1D1B78012B04D12723FB181B78032B14
:10A3000001D00A23AFE17B1D1B78012B00D050E167
:10A310002023FB616DE0664B1B788022520294463D
:10A320006344DC025D4B1A68C0239B0413400ED0CB
:10A330005A4B1A68C0239B041A4080235B049A423C
:10A340000BD1574B1A6880239B03134005D1554B03
:10A350001B689B02544A134005E0524B1B689B024A
:10A360005B08524A13401900F723D802E5F7F2FEC2
:10A3700003001900494B1A68C0239B0413400ED0F8
:10A38000464B1A68C0239B041A4080235B049A4200
:10A390000BD1434B1A6880239B03134005D1414BDB
:10A3A0001B689B02404A134005E03E4B1B689B0222
:10A3B0005B083E4A13404B43E218FB69D3181A6806
:10A3C0005B683A617B613B69013303D17B6901338F
:10A3D00000D113E0374B1B8801339AB2354B1A80FA
:10A3E000354B1B6808331A00334B1A60FB6908337E
:10A3F000FB61FA6980231B019A428CD32C4B1B789A
:10A400003B620023FB61CEE0244B1A68C0239B040F
:10A4100013400ED0214B1A68C0239B041A4080239E
:10A420005B049A420BD11E4B1A6880239B03134096
:10A4300005D11C4B1B689B021B4A134005E0194BBE
:10A440001B689B025B08194A1340F722D2021900CD
:10A450001000E5F705FF0B00DB0A3A6AD31A073351
:10A46000072213401C000D4B1A68C0239B041340A5
:10A470000ED00A4B1A68C0239B041A4080235B0449
:10A480009A421BD1064B1A6880239B03134015D1B7
:10A49000044B1B689B02044A134015E00075FF1F24
:10A4A00020200240E075FF1F00FC0F0000FE0700A7
:10A4B0006E3B00206C3B0020280200206C4B1B6888
:10A4C0009B025B086B4A1340F722D202190010006E
:10A4D000E5F7C6FE0B00DB0AE3183B623B6A80220D
:10A4E000520294466344DC02634B1A68C0239B0407
:10A4F00013400ED0604B1A68C0239B041A4080237F
:10A500005B049A420BD15D4B1A6880239B03134076
:10A5100005D1574B1B689B02594A134005E0544B29
:10A520001B689B025B08534A13401900F723D802AB
:10A53000E5F710FE030019004F4B1A68C0239B0477
:10A5400013400ED04C4B1A68C0239B041A40802342
:10A550005B049A420BD1494B1A6880239B0313403A
:10A5600005D1434B1B689B02454A134005E0404B15
:10A570001B689B025B083F4A13404B43E3182725A7
:10A580007C19180000F00AFB030023707B191B786C
:10A59000032B0DD13B4B1B88FC339AB2394B1A80ED
:10A5A000FB690133FB61FB69072B00D82CE700E056
:10A5B000C0463A68BB1D1B881100180000F066F801
:10A5C000031E01D002234EE02E4B1B88022B03D921
:10A5D0002C4B1B88023B00E00123FB6132E0BB1DDA
:10A5E0001B88FA699A422AD0FB699BB20E257C1916
:10A5F0000822BA1811001800FEF7C0FF03002380DC
:10A6000029007B181B88002B11D1FB699BB2BA680B
:10A610000D007C181100180000F038F803002380AA
:10A620007B191B88002B0AD07B191B881BE00E228C
:10A63000BB181B88072B02D0BB181B8813E0FB69D3
:10A640000133FB61FA69FA239B009A42C7D90E4B8A
:10A650001B780221180000F0EFF8031E01D002233E
:10A6600001E080235B001800BD460AB0B0BDC046C3
:10A67000E075FF1F00FE07000075FF1F202002404D
:10A6800000FC0F006C3B00206E3B0020F0B591B049
:10A6900000AF0300B9622E22BA1813800023FB63B7
:10A6A0005E4B1A88FC239B009A4201D31223B1E02F
:10A6B0000120FFF753F90300BB6300237B63BB6BEF
:10A6C000013301D10323A5E0BB6B802252029446E3
:10A6D0006344DE02524B1A68C0239B0413400ED021
:10A6E0004F4B1A68C0239B041A4080235B049A4294
:10A6F0000BD14C4B1A6880239B03134005D14A4B66
:10A700001B689A02494B134005E0474B1B689B02AC
:10A710005A08474B13401900F723D802E5F71AFDF2
:10A72000030019003E4B1A68C0239B0413400ED04F
:10A730003B4B1A68C0239B041A4080235B049A4257
:10A740000BD1384B1A6880239B03134005D1364B3D
:10A750001B689A02354B134005E0334B1B689B0284
:10A760005A08334B13404B43F3187B63BB6A002BEF
:10A7700007D12E23FB181B88002B02D10023FB637B
:10A7800009E02E23FB181A88BB6A1100180000F09C
:10A790006FFA0300FB63274B1A687B6BD118BB6A07
:10A7A000BB610023FB61BB691B007B6200233B6232
:10A7B000FB6B1B043B6100237B61386A3A697B6950
:10A7C000160030430400786A184305002E23FB1856
:10A7D0001B889BB2BB600023FB60BA68FB6810005B
:10A7E000204338602B437B603A687B68080000F0A8
:10A7F00063FA031E01D002230CE00E4B1B680833E2
:10A800001A000C4B1A60054B1B8801339AB2034B9C
:10A810001A8000231800BD4611B0F0BD6C3B00202B
:10A820000075FF1F20200240E075FF1F00FC0F0095
:10A8300000FE07002802002090B587B000AF7860C6
:10A840000A00FB1C1A7000237B6100233B6100237C
:10A85000FB600023BB607B68802252029446634405
:10A86000DC02C44B1A68C0239B0413400ED0C14BBA
:10A870001A68C0239B041A4080235B049A420BD1C0
:10A88000BD4B1A6880239B03134005D1BB4B1B684B
:10A890009B02BB4A134005E0B84B1B689B025B0858
:10A8A000B84A13401900F723D802E5F753FC030018
:10A8B0001900B04B1A68C0239B0413400ED0AD4B57
:10A8C0001A68C0239B041A4080235B049A420BD170
:10A8D000A94B1A6880239B03134005D1A74B1B6823
:10A8E0009B02A74A134005E0A44B1B689B025B0830
:10A8F000A44A13404B43E3187B617B6880225202D9
:10A9000094466344DC029B4B1A68C0239B041340AB
:10A910000ED0984B1A68C0239B041A4080235B0416
:10A920009A420BD1944B1A6880239B03134005D1A4
:10A93000924B1B689B02924A134005E08F4B1B68A9
:10A940009B025B088F4A13401900F723D802E5F7F2
:10A9500001FC03001900874B1A68C0239B041340B5
:10A960000ED0844B1A68C0239B041A4080235B04DA
:10A970009A420BD1804B1A6880239B03134005D168
:10A980007E4B1B689B027E4A134005E07B4B1B6895
:10A990009B025B087B4A13404B43E31808333B613F
:10A9A0007B688022520294466344DC02714B1A6831
:10A9B000C0239B0413400ED06E4B1A68C0239B0427
:10A9C0001A4080235B049A420BD16B4B1A68802398
:10A9D0009B03134005D1694B1B689B02684A1340D7
:10A9E00005E0664B1B689B025B08664A1340190032
:10A9F000F723D802E5F7AEFB030019005D4B1A6898
:10AA0000C0239B0413400ED05A4B1A68C0239B04EA
:10AA10001A4080235B049A420BD1574B1A6880235B
:10AA20009B03134005D1554B1B689B02544A1340AE
:10AA300005E0524B1B689B025B08524A13404B4394
:10AA4000E3181033FB607B68802252029446634413
:10AA5000DC02484B1A68C0239B0413400ED0454BC0
:10AA60001A68C0239B041A4080235B049A420BD1CE
:10AA7000414B1A6880239B03134005D13F4B1B6851
:10AA80009B023F4A134005E03C4B1B689B025B085E
:10AA90003C4A13401900F723D802E5F75BFB03009B
:10AAA0001900344B1A68C0239B0413400ED0314B5D
:10AAB0001A68C0239B041A4080235B049A420BD17E
:10AAC0002D4B1A6880239B03134005D12B4B1B6829
:10AAD0009B022B4A134005E0284B1B689B025B0836
:10AAE000284A13404B43E3181833BB60FB1C1B7808
:10AAF000042B30D039DC032B23D036DC012B02D0E1
:10AB0000022B0FD031E0204A1F4B7969080000F07A
:10AB1000D3F8031E01D002233CE07B68DAB21B4B62
:10AB20001A7036E0184A184B3969080000F0C4F86A
:10AB3000031E01D002232DE07B68DAB2134B1A709A
:10AB400027E0114A104BF968080000F0B5F8031E21
:10AB50000DD002231EE00C4A0B4BB968080000F030
:10AB6000ABF8031E14D0022314E0C04611E0C04627
:10AB70000FE0C0460075FF1F20200240E075FF1F58
:10AB800000FC0F0000FE0700AAAAAAAA6E3B002044
:10AB9000C04600231800BD4607B090BD80B58AB0FE
:10ABA00000AF7860002200233A627B62002200231B
:10ABB000BA61FB61002200233A617B61002200231D
:10ABC000BA60FB607B681A685B683A627B627B688C
:10ABD00008331A685B68BA61FB617B6810331A68D6
:10ABE0005B683A617B617B6818331A685B68BA609E
:10ABF000FB60BB68013302D1FB68013301D0042341
:10AC000018E03B69013302D17B69013301D0032392
:10AC100010E0BB69013302D1FB69013301D002238B
:10AC200008E03B6A013302D17B6A013301D0012382
:10AC300000E000231800BD460AB080BD80B500AF1B
:10AC400080235B011800FCF74FFD074A074B1100FA
:10AC50001800FCF715FD054B08211800FCF7FEFC59
:10AC6000C046BD4680BDC0460580000000300240A1
:10AC700080B582B000AF78600A00BB1C1A800D4B13
:10AC80001800FCF7DDFC7B680A4A19001000FCF78D
:10AC900003FDBB1C1B88074A19001000FCF708FDC8
:10ACA000044B1800FCF715FD03001800BD4602B068
:10ACB00080BDC0460030024080B584B000AFF8606F
:10ACC0003A607B603A687B68F968012005F0E4FB34
:10ACD00003001800BD4604B080BD000090B58BB0E5
:10ACE00000AF78600A00BB1C1A802623FB180022E4
:10ACF0001A800023FB607B688022520294466344E2
:10AD0000DC02394B1A68C0239B0413400ED0364B2B
:10AD10001A68C0239B041A4080235B049A420BD11B
:10AD2000324B1A6880239B03134005D1304B1B68BC
:10AD30009B02304A134005E02D4B1B689B025B08C9
:10AD40002D4A13401900F723D802E5F703FA030050
:10AD50001900254B1A68C0239B0413400ED0224BC8
:10AD60001A68C0239B041A4080235B049A420BD1CB
:10AD70001E4B1A6880239B03134005D11C4B1B6894
:10AD80009B021C4A134005E0194B1B689B025B08A1
:10AD9000194A13404B43E318180000F035F803003C
:10ADA0003B6210217B183A6A5A607B1802221A60B3
:10ADB000BB1C1A887B18DA607B187A689A600C23AF
:10ADC000FA187B181100180005F068FC031E03D068
:10ADD0002623FB1801221A802623FB181B88180043
:10ADE000BD460BB090BDC0460075FF1F202002403D
:10ADF000E075FF1F00FC0F0000FE070080B500AFEC
:10AE0000C046BD4680BD000080B584B000AF78600C
:10AE10000023FB601B4B1A68C0239B0413400ED019
:10AE2000184B1A68C0239B041A4080235B049A4283
:10AE30000FD1154B1A6880239B03134009D1134B84
:10AE40001B689B02124A13408022120594466344F9
:10AE500009E00E4B1B689B025B080E4A13408022E0
:10AE60001205944663447A68934202D90423FB6036
:10AE700002E080231B02FB60FB681800BD4604B0A3
:10AE800080BDC0460075FF1F20200240E075FF1FF7
:10AE900000FC0F0000FE070080B582B000AFBB1DB4
:10AEA00000221A80BB1D1B881800BD4602B080BD61
:10AEB00080B582B000AFEFF305837B607B685A1EDC
:10AEC0009341DBB21800BD4602B080BD80B500AF33
:10AED00001F0A6FD00231800BD4680BD80B584B0FA
:10AEE00000AF78607B68FB60FB68002B01D0FB68DB
:10AEF00000E00123180001F06BFC00231800BD46A0
:10AF000004B080BD80B584B000AF786039603B6824
:10AF1000012B11D103220021012000F058FE030073
:10AF2000FB60FB68002B05D0F8680023002200219D
:10AF300000F0B5FEFB6806E03B683A6811001800B7
:10AF400000F095FE03001800BD4604B080BD00006F
:10AF500080B584B000AF786039600023BB607B6847
:10AF6000002B01D1802336E00023FB603B680133D6
:10AF700003D101235B42FB6009E03B68002B06D054
:10AF80003B68FB60FB68002B01D10123FB60FFF7EE
:10AF90008FFF031E13D00823FA187B6800211800C6
:10AFA00001F000F90300012B01D0FF2313E0BB687F
:10AFB000002B0FD00A4B802252051A600AE0FA6873
:10AFC0007B681100180001F031F80300012B01D05B
:10AFD000FF2300E000231800BD4604B080BDC0463A
:10AFE00004ED00E080B584B000AF78600023FB6022
:10AFF0000023BB60FFF75CFF031E13D00823FA1881
:10B000007B681100180000F032FF0300012B01D013
:10B01000FF2313E0BB68002B0FD00A4B80225205A0
:10B020001A600AE0786800230022002100F037FE51
:10B030000300012B01D0FF23FB60FB681800BD4615
:10B0400004B080BD04ED00E080B500AF02F01EFA50
:10B050000300012B01D000F097FBC046BD4680BD28
:10B0600080B584B000AF78600023FB60082000F05A
:10B07000C7FB0300BB60BB68002B12D000F030FBA5
:10B08000BB687A681A60BB6800225A60074B1B686D
:10B09000BA685A60054BBA681A6000F033FB0123A6
:10B0A000FB60FB681800BD4604B080BD3402002080
:10B0B00080B588B000AFF860B9607A600123FB61A9
:10B0C0003E4B1B68002B46D13C4B3D4A1A603CE08E
:10B0D0003A4B1B681B681B68BB61BB691800E5F72E
:10B0E0001DF803007B61FA687B69D3181B785BB29B
:10B0F000202B06D0FA687B69D3181B785BB2002B33
:10B100001ED17A69B969FB6818000CF087FA031E32
:10B1100016D12A4B1B681B681B7B5BB2002B19DB0B
:10B12000FB68180000F062F903001A00234B1B684B
:10B130001B681B7B5BB29A420CD00023FB6109E0C9
:10B140001E4B1B685A681D4B1A601C4B1B68002B5A
:10B15000BED100E0C046194B1B68002B0CD0FB6928
:10B16000002B09D17A681749BB6818000CF067FA00
:10B17000124B00221A601CE0104B1B68002B10D0F1
:10B180000E4B1B681B689B68FA687968B86898471B
:10B190000300FB61FB69002B0BD1084B00221A60F6
:10B1A00007E07A680849BB6818000CF048FA0023E9
:10B1B000FB61FB691800BD4608B080BD2C3E002035
:10B1C0002C0200201CFC020874FC020880B500AFB1
:10B1D000014B1800BD4680BDC83B002080B586B03D
:10B1E00000AFF860B9607A6000237B6100233B61A7
:10B1F0007B6800221A6042E0FB680133FB60FB6859
:10B200001B785BB2002B08D0FB681B785BB2202B4D
:10B21000F2D102E0FB680133FB60FB681B785BB294
:10B22000002B04D0FB681B785BB2202BF2D0FB68AC
:10B230001B785BB2002B27D07B6901337B617A6975
:10B24000BB689A421BD1FB683B6107E07B681B68C7
:10B250005A1C7B681A60FB680133FB60FB681B7833
:10B260005BB2002B04D0FB681B785BB2202BEDD1C6
:10B270007B681B68002B09D100233B6106E07A69DB
:10B28000BB689A42BBD302E0C04600E0C0463B69BF
:10B290001800BD4606B080BD80B586B000AFF8602E
:10B2A000B9607A6000233B611023FA187B680121A2
:10B2B0001800FFF793FF0200434B1A60424B1B68D4
:10B2C000002B2BD0404B1B684049062218000CF085
:10B2D000A5F9031E22D13E4B1B78072B02D13C4B14
:10B2E00000221A703A4B1B785A1CD1B2384A11709E
:10B2F0001A00384B9200D158BA68FB6818000CF05D
:10B300009EF9334B1B78072B05D100237B61304B13
:10B3100000221A7052E001237B614FE02A4B1B6828
:10B32000002B4BD12C4B1B68002B05D12A4B2B4AF1
:10B330001A602B4B01221A70294B1A78294B1B7863
:10B340009A421ED9FB6808331800234B1B681B6800
:10B350005968BB68083B1A000CF071F9FB680133AF
:10B36000214A110018000CF056FAFB6828221A70C6
:10B37000FB68063329221A70FB68073320221A70F3
:10B3800008E0154B1B681B685968BA68FB68180011
:10B390000CF055F9104B1B685A680F4B1A60104B94
:10B3A0001B780133DAB20E4B1A700B4B1B68002B63
:10B3B00002D100237B6101E001237B617B691800DE
:10B3C000BD4606B080BDC046303E0020C4FC020829
:10B3D000343E00204C000020383E00202C0200208B
:10B3E0003C3E0020940A0020FEC2020880B584B0D2
:10B3F00000AF78600F23FB1800221A700023BB6097
:10B4000018E07B681B785BB2202B0ED1BB68012B48
:10B410000DD00F217B181B785BB2DBB20133DAB29F
:10B420007B181A700123BB6001E00023BB607B68BE
:10B4300001337B607B681B785BB2002BE1D1BB687A
:10B44000012B08D10F217B181B785BB2DBB2013BCB
:10B45000DAB27B181A700F23FB181B785BB2180046
:10B46000BD4604B080BD80B582B000AF78607B6817
:10B4700008331A007B685A607B68012252429A6046
:10B480007B6808331A007B68DA607B6808331A002F
:10B490007B681A617B6800221A60C046BD4602B014
:10B4A00080BD80B582B000AF78607B6800221A61F1
:10B4B000C046BD4602B080BD80B584B000AF7860A4
:10B4C00039607B685B68FB603B68FA685A60FB68C0
:10B4D0009A683B689A60FB689B683A685A60FB68A8
:10B4E0003A689A603B687A681A617B681B685A1CE4
:10B4F0007B681A60C046BD4604B080BD80B584B08C
:10B5000000AF786039603B681B68BB60BB68013383
:10B5100003D17B681B69FB600CE07B680833FB6030
:10B5200002E0FB685B68FB60FB685B681B68BA68ED
:10B530009A42F6D2FB685A683B685A603B685B687F
:10B540003A689A603B68FA689A60FB683A685A60A1
:10B550003B687A681A617B681B685A1C7B681A60B2
:10B56000C046BD4604B080BD80B584B000AF7860F1
:10B570007B681B69FB607B685B687A6892689A608D
:10B580007B689B687A6852685A60FB685B687A6877
:10B590009A4203D17B689A68FB685A607B680022F4
:10B5A0001A61FB681B685A1EFB681A60FB681B68FF
:10B5B0001800BD4604B080BD80B584B000AFF8600F
:10B5C000B9607A60FB68043BFB60FB688022520430
:10B5D0001A60FB68043BFB60BA68FB681A60FB6892
:10B5E000043BFB60084AFB681A60FB68143BFB6085
:10B5F0007A68FB681A60FB68203BFB60FB681800F8
:10B60000BD4604B080BDC0460DB6010880B582B00D
:10B6100000AF00237B6072B6C0467B68002BFCD075
:10B62000C046C046BD4602B080BD80B500AFC04632
:10B63000BD4680BD000000000000000000000000CA
:10B640000B4A13681868203080F30988022080F3C1
:10B650001488BFF36F8F3FBCAE4608BC04BC62B613
:10B660001847C046C046C046C046C046C046C04651
:10B67000309E0120C046C04680B500AF0E4B1A6810
:10B680000D4BFF2109040A431A600B4B1A680A4B41
:10B69000FF2109060A431A6000F090F8074B0022C8
:10B6A0001A60FFF7CDFF01F0DDFBFFF7AFFF0023CE
:10B6B0001800BD4680BDC04620ED00E038020020E5
:10B6C00080B500AF054B802252051A60BFF34F8F43
:10B6D000BFF36F8FC046BD4680BDC04604ED00E09D
:10B6E00080B500AF72B6064B1B685A1C044B1A603B
:10B6F000BFF34F8FBFF36F8FC046BD4680BDC046BE
:10B700003802002080B500AF064B1B685A1E054B5F
:10B710001A60044B1B68002B00D162B6C046BD46C0
:10B7200080BDC04638020020EFF3108072B670472B
:10B73000C046180080F310887047C0460000000023
:10B74000EFF309800E4B1A6820381060F0C04446B1
:10B750004D4656465F46F0C008B572B601F082FB12
:10B7600062B60CBC116808681030F0C8A046A94643
:10B77000B246BB4680F309882038F0C81847C04657
:10B78000309E0120C046C04680B582B000AFFFF7B2
:10B79000CBFF03007B6001F0BDFA031E03D0064B14
:10B7A000802252051A607B681800FFF7C3FFC0466D
:10B7B000BD4602B080BDC04604ED00E080B500AFDC
:10B7C0000B4B00221A600B4B00221A600A4B1B68BD
:10B7D000FA2291001800E4F7BDFC03001A00074BA1
:10B7E000013A1A60024B07221A60C046BD4680BD6E
:10B7F00010E000E018E000E02402002014E000E087
:10B8000080B586B000AF78600023FB6001F042F99C
:10B81000454B1B68002B01D100F0D2F8434B1B684D
:10B820007A68134000D072E07B68002B0CD00822AD
:10B830007B689B187B607B680722134004D07B6881
:10B840000722934308337B607B68002B5FD0384B23
:10B850001B687A689A425AD8364B3B61354B1B6855
:10B860007B6104E07B693B617B691B687B617B6971
:10B870005B687A689A4203D97B691B68002BF1D117
:10B88000294B1B687A699A4241D03B691B680822A0
:10B890009B18FB607B691A683B691A607B695A6870
:10B8A0007B68D21A08235B009A4210D97A697B68B8
:10B8B000D318BB607B695A687B68D21ABB685A6030
:10B8C0007B697A685A60BB68180000F0D9F8184B99
:10B8D0001A687B695B68D21A154B1A60144B1A6898
:10B8E000154B1B689A4203D2114B1A68124B1A600F
:10B8F0007B695A680D4B1B681A437B695A607B69E8
:10B9000000221A600D4B1B685A1C0C4B1A6001F088
:10B91000CDF8FB68002B01D1FAF714FAFB68180088
:10B92000BD4606B080BDC046D89D0120EC9D0120DB
:10B93000DC9D0120D09D0120E09D0120E49D01209F
:10B9400080B584B000AF78607B68FB607B68002BBB
:10B950002CD008235B42FA68D318FB60FB68BB60FD
:10B96000BB685A68134B1B6813401FD0BB681B6829
:10B97000002B1BD1BB685A680E4B1B68DB431A4077
:10B98000BB685A6001F086F8BB685A680A4B1B68AE
:10B99000D218094B1A60BB68180000F071F8074B09
:10B9A0001B685A1C054B1A6001F080F8C046BD4662
:10B9B00004B080BDEC9D0120DC9D0120E89D0120AC
:10B9C00080B584B000AF274BBB60274BFB60FB68A2
:10B9D000072213400CD0FB680733FB60FB6807228B
:10B9E0009343FB60BA68FB68D21A1F4BD318BB6045
:10B9F000FB687B601D4B7A681A601C4B00225A6002
:10BA00007B68BA68D318FB600822FB689B1AFB604E
:10BA1000FB6807229343FB60FA68154B1A60144BCE
:10BA20001B6800225A60124B1B6800221A607B6858
:10BA30003B603B68FA68D21A3B685A600C4B1A6844
:10BA40003B681A603B685A680A4B1A603B685A6840
:10BA5000094B1A60094B802212061A60C046BD4687
:10BA600004B080BD905F0100403E0020D09D0120C9
:10BA7000D89D0120E09D0120DC9D0120EC9D01204E
:10BA800080B584B000AF7860274BFB6002E0FB68B4
:10BA90001B68FB60FB681B687A689A42F7D8FB68F2
:10BAA000BB60FB685B68BA68D3187A689A4208D1B1
:10BAB000FB685A687B685B68D218FB685A60FB6851
:10BAC0007B607B68BB607B685B68BA68D218FB6888
:10BAD0001B689A4218D1FB681A68144B1B689A427B
:10BAE0000DD07B685A68FB681B685B68D2187B685E
:10BAF0005A60FB681B681A687B681A6008E00B4B89
:10BB00001A687B681A6003E0FB681A687B681A6031
:10BB1000FA687B689A4202D0FB687A681A60C0466D
:10BB2000BD4604B080BDC046D09D0120D89D0120F7
:10BB300080B584B000AF786039607B68FB60FFF748
:10BB4000CFFDFB681A68FB68D96BFB681B6C4B4325
:10BB5000D218FB689A60FB6800229A63FB681A6837
:10BB6000FB685A60FB681A68FB68DB6B591EFB6850
:10BB70001B6C4B43D218FB68DA60FB684422FF2140
:10BB80009954FB684522FF2199543B68002B0DD145
:10BB9000FB681B69002B13D0FB681033180001F001
:10BBA0002FFA031E0CD0FFF78BFD09E0FB68103362
:10BBB0001800FFF758FCFB6824331800FFF753FC0C
:10BBC000FFF7A0FD01231800BD4604B080BD90B56D
:10BBD0008BB002AFF860B960FB1D1A70FB68BA68E1
:10BBE0005343FB61FB6950331800FFF709FE030064
:10BBF000BB61BB69002B0ED0BB697B617B69503395
:10BC00007B61FB1D1C787A69B968F868BB69009391
:10BC1000230000F005F8BB691800BD4609B090BDCF
:10BC200080B584B000AFF860B9607A601A00FB1C80
:10BC30001A70BB68002B03D1BB69BA691A6002E0B5
:10BC4000BB697A681A60BB69FA68DA63BB69BA686B
:10BC50001A64BB6901211800FFF76AFFBB69FA1C6F
:10BC60004C2112785A54C046BD4604B080BD80B500
:10BC700084B000AF786039607B6802220021180030
:10BC8000FFF7A5FF0300FB60FB68002B02D0FB68F9
:10BC90003A689A63FB681800BD4604B080BD80B561
:10BCA0008AB000AFF860B9607A603B6000237B62C5
:10BCB000FB683B62FFF714FD3B6A9A6B3B6ADB6BE8
:10BCC0009A4202D33B68022B1ED13A68B9683B6A9C
:10BCD000180000F0CDFA0300FB613B6A5B6A002BA1
:10BCE00009D03B6A2433180001F08AF9031E07D0FB
:10BCF000FFF7E6FC04E0FB69002B01D0FFF7E0FC56
:10BD0000FFF700FD01235BE07B68002B03D1FFF709
:10BD1000F9FC002354E07B6A002B06D11423FB18A6
:10BD2000180001F0C5F901237B62FFF7EBFC00F07E
:10BD3000B1FEFFF7D5FC3B6A44229B5C5BB201334A
:10BD400003D13B6A4422002199543B6A45229B5C03
:10BD50005BB2013303D13B6A452200219954FFF7BE
:10BD6000D1FC3A1D1423FB181100180001F0B4F99E
:10BD7000031E1ED13B6A180000F07FFB031E11D08A
:10BD80003B6A10337A681100180001F0FDF83B6A35
:10BD9000180000F0FEFA00F089FE031E8AD1FFF7BA
:10BDA0008FFC87E73B6A180000F0F3FA00F07EFE94
:10BDB00080E73B6A180000F0ECFA00F077FE002301
:10BDC0001800BD460AB080BD90B58BB000AFF860DA
:10BDD000B9607A603B60FB683B62FFF7A5FC03003B
:10BDE000FB613B6A9A6B3B6ADB6B9A4202D33B680E
:10BDF000022B31D11B243B193A6A4521525C1A703F
:10BE00003B6A9B6B7B613A68B9683B6A180000F03B
:10BE10002FFA3B191B785BB2013311D13B6A5B6A85
:10BE2000002B16D03B6A2433180001F0E9F8031EFA
:10BE30000FD07B68002B0CD07B6801221A6008E0D1
:10BE40001B23FB181B780133DBB259B23B6A452236
:10BE5000995401237B6201E000237B62FB69180097
:10BE6000FFF768FC7B6A1800BD460BB090BD80B53B
:10BE700088B000AF786039607B68BB61FFF754FC25
:10BE800003007B61BB699B6B3B61BB69DB6B3A6900
:10BE90009A422CD20F203B18BA694521525C1A7085
:10BEA0003B695A1CBB699A633B181B785BB2013330
:10BEB00011D1BB695B6A002B16D0BB692433180013
:10BEC00001F09EF8031E0FD03B68002B0CD03B689E
:10BED00001221A6008E00F23FB181B780133DBB244
:10BEE00059B2BB69452299540123FB6101E000234B
:10BEF000FB617B691800FFF71DFCFB691800BD465C
:10BF000008B080BD80B58AB000AFF860B9607A60D3
:10BF100000237B62FB683B62FFF7E2FB3B6A9B6BA3
:10BF2000FB61FB69002B1AD0BA683B6A110018004C
:10BF300000F009FAFB695A1E3B6A9A633B6A1B6967
:10BF4000002B08D03B6A1033180001F059F8031E8B
:10BF500001D0FFF7B5FBFFF7D5FB012362E07B685B
:10BF6000002B03D1FFF7CEFB00235BE07B6A002BA5
:10BF700006D11423FB18180001F09AF801237B6204
:10BF8000FFF7C0FB00F086FDFFF7AAFB3B6A4422E7
:10BF90009B5C5BB2013303D13B6A4422002199547C
:10BFA0003B6A45229B5C5BB2013303D13B6A45226D
:10BFB00000219954FFF7A6FB3A1D1423FB1811002A
:10BFC000180001F089F8031E1ED13B6A180000F02A
:10BFD0003EFA031E11D03B6A24337A681100180020
:10BFE00000F0D2FF3B6A180000F0D3F900F05EFDCC
:10BFF000031E91D1FFF764FB8EE73B6A180000F047
:10C00000C8F900F053FD87E73B6A180000F0C1F95A
:10C0100000F04CFD3B6A180000F019FA031E00D135
:10C020007AE700231800BD460AB080BD80B58AB00B
:10C0300000AF7860396000237B627B68FB6100237E
:10C040003B62FFF74DFBFB699B6BBB61BB69002B40
:10C050001DD0BB695A1EFB699A63FB691B68002BE4
:10C0600004D101F09FFC0200FB699A60FB691B6927
:10C07000002B08D0FB691033180000F0C1FF031E2D
:10C0800001D0FFF71DFBFFF73DFB012386E03B6876
:10C09000002B03D1FFF736FB00237FE07B6A002BE8
:10C0A00006D10C23FB18180001F002F801237B6273
:10C0B000FFF728FB00F0EEFCFFF712FBFB694422C0
:10C0C0009B5C5BB2013303D1FB694422002199548C
:10C0D000FB6945229B5C5BB2013303D1FB694522BE
:10C0E00000219954FFF70EFB3A000C23FB181100B6
:10C0F000180000F0F1FF031E2ED1FB69180000F0BC
:10C10000A6F9031E21D0FB691B68002B0AD1FFF79B
:10C11000E7FAFB699B68180001F0D4F903003B6261
:10C12000FFF7F0FAFB6924333A681100180000F0B9
:10C130002BFFFB69180000F02CF900F0B7FC031E80
:10C1400000D07EE7FFF7BCFA7BE7FB69180000F040
:10C1500020F900F0ABFC74E7FB69180000F019F956
:10C1600000F0A4FCFB69180000F071F9031E00D177
:10C1700067E73B6A002B10D0FFF7B2FAFB691800A3
:10C1800000F060F803007B61FB699B687A6911002D
:10C19000180001F04BFAFFF7B5FA00231800BD466E
:10C1A0000AB080BD90B58BB000AFF860B9607A601E
:10C1B000FB683B62FFF7B8FA0300FB613B6A9B6BCD
:10C1C000BB61BB69002B32D017243B193A6A44216A
:10C1D000525C1A70BA683B6A1100180000F0B3F89C
:10C1E000BB695A1E3B6A9A633B191B785BB20133E9
:10C1F00011D13B6A1B69002B16D03B6A1033180023
:10C2000000F0FEFE031E0FD07B68002B0CD07B6875
:10C2100001221A6008E01723FB181B780133DBB2F8
:10C2200059B23B6A4422995401237B6201E0002306
:10C230007B62FB691800FFF77DFA7B6A1800BD4638
:10C240000BB090BD80B584B000AF78607B685B6A4E
:10C25000002B06D07B681B6B1B680722D31AFB6080
:10C2600001E00023FB60FB681800BD4604B080BD00
:10C2700080B586B000AFF860B9607A6000237B615A
:10C28000FB689B6B3B61FB681B6C002B0ED1FB6852
:10C290001B68002B4ED1FB689B68180001F07AF9EF
:10C2A00003007B61FB6800229A6043E07B68002BFF
:10C2B00019D1FB685868FB681A6CBB6819000BF051
:10C2C000B2FAFB685A68FB681B6CD218FB685A60AC
:10C2D000FB685A68FB689B689A422BD3FB681A6814
:10C2E000FB685A6026E0FB68D868FB681A6CBB687C
:10C2F00019000BF098FAFB68DA68FB681B6C5B426C
:10C30000D218FB68DA60FB68DA68FB681B689A423F
:10C3100007D2FB689A68FB681B6C5B42D218FB680B
:10C32000DA607B68022B05D13B69002B02D03B69A8
:10C33000013B3B613B695A1CFB689A637B691800AF
:10C34000BD4606B080BD80B582B000AF7860396070
:10C350007B681B6C002B18D07B68DA687B681B6CD1
:10C36000D2187B68DA607B68DA687B689B689A42DF
:10C3700003D37B681A687B68DA607B68D9687B685E
:10C380001A6C3B6818000BF04EFAC046BD4602B06E
:10C3900080BD80B584B000AF7860FFF7A1F90F23AE
:10C3A000FB187A684521525C1A7013E07B685B6A5F
:10C3B000002B16D07B682433180000F021FE031EEA
:10C3C00001D000F0CFFE0F217B181B78013BDAB2C1
:10C3D0007B181A700F23FB181B785BB2002BE5DC6F
:10C3E00000E0C0467B684522FF219954FFF78AF997
:10C3F000FFF776F90E23FB187A684421525C1A7015
:10C4000013E07B681B69002B16D07B681033180083
:10C4100000F0F6FD031E01D000F0A4FE0E217B18F3
:10C420001B78013BDAB27B181A700E23FB181B78BD
:10C430005BB2002BE5DC00E0C0467B684422FF21B4
:10C440009954FFF75FF9C046BD4604B080BD80B582
:10C4500084B000AF7860FFF743F97B689B6B002BDB
:10C4600002D10123FB6001E00023FB60FFF74AF9E2
:10C47000FB681800BD4604B080BD80B584B000AF35
:10C480007860FFF72DF97B689A6B7B68DB6B9A42CB
:10C4900002D10123FB6001E00023FB60FFF732F9CA
:10C4A000FB681800BD4604B080BD000080B584B0B4
:10C4B00000AF786039600023FB6015E00E4BFA682E
:10C4C000D200D358002B0CD10B4BFA68D20039683C
:10C4D000D150094AFB68DB00D31804337A681A602C
:10C4E00006E0FB680133FB60FB68072BE6D9C0461A
:10C4F000C046BD4604B080BDF09D012080B586B029
:10C5000000AFF860B9607A60FB687B61FFF7E8F81C
:10C510007B6944229B5C5BB2013303D17B6944227B
:10C52000002199547B6945229B5C5BB2013303D1A6
:10C530007B69452200219954FFF7E4F87B699B6BE6
:10C54000002B06D17B6924337A68B968180000F0A3
:10C5500035FD7B691800FFF71CFFC046BD4606B0DD
:10C5600080BD90B58DB004AFF860B9603B60BB1D75
:10C570001A80BB1D1B889B001800FFF741F90300C0
:10C580007B617B69002B10D06020FFF739F9030035
:10C59000FB61FB69002B03D0FB697A691A6306E033
:10C5A0007B691800FFF7CCF901E00023FB61FB6910
:10C5B000002B16D0BB1D1A883C68B968F8680023A8
:10C5C0000393FB6902937B6B01933B6B0093230006
:10C5D00000F010F8FB69180000F092F80123BB612D
:10C5E00002E001235B42BB61BB691800BD4609B094
:10C5F00090BD000080B586B000AFF860B9607A6089
:10C600003B60BB6A186B7B689B001A00A5210AF08F
:10C61000E2FFBB6A1A6B7B6838498C4663449B0017
:10C62000D3183B613B69072293433B61BB68002BF6
:10C6300020D000237B6113E0BA687B69D318187897
:10C64000BA6A34217B69D3185B18021C1A70BA6865
:10C650007B69D3181B78002B06D07B6901337B6183
:10C660007B690C2BE8D900E0C046BB6A4022002160
:10C67000995403E0BB6A3422002199543B6A062B8B
:10C6800001D906233B62BB6A3A6ADA62BB6A3A6A3C
:10C69000DA64BB6A00221A65BB6A04331800FEF72D
:10C6A00000FFBB6A18331800FEF7FBFEBB6ABA6ACC
:10C6B0001A613B6A0722D21ABB6A9A61BB6ABA6ADC
:10C6C0005A62BB6A00225A65BB6A00229A65BB6A3D
:10C6D0005C22002199543A68F9683B691800FEF71A
:10C6E0006BFF0200BB6A1A607B6A002B02D07B6A78
:10C6F000BA6A1A60C046BD4606B080BDFFFFFF3F64
:10C7000080B582B000AF7860FEF7EAFF2A4B1B6865
:10C710005A1C294B1A60294B1B68002B09D1274B47
:10C720007A681A60244B1B68012B10D100F034FD8D
:10C730000DE0234B1B68002B09D1204B1B68DA6AE4
:10C740007B68DB6A9A4202D81C4B7A681A601D4BE0
:10C750001B685A1C1B4B1A601A4B1A687B685A6478
:10C760007B68DA6A184B1B689A4203D97B68DA6ADD
:10C77000154B1A607B68DA6A13009B009B189B00BC
:10C78000124A9A187B68043319001000FEF794FED1
:10C79000FEF7B8FF0A4B1B68002B08D0074B1B683D
:10C7A000DA6A7B68DB6A9A4201D2FEF789FFC046EB
:10C7B000BD4602B080BDC046309F0120309E0120A2
:10C7C0003C9F01204C9F0120389F0120349E012076
:10C7D00080B584B000AF78600023FB607B68002BDD
:10C7E0000AD000F057F97B680021180001F0BCFA6C
:10C7F00000F05CF90300FB60FB68002B01D1FEF741
:10C800005FFFC046BD4604B080BD000080B588B063
:10C8100000AF78607B68BB612B4B1B68BA699A429A
:10C8200004D11F23FB1800221A7046E0FEF758FFC0
:10C83000BB695B697B61254B1B683B61244B1B68B3
:10C84000FB60FEF75FFF7A693B699A4203D07A6921
:10C85000FB689A4204D11F23FB1802221A702CE0B5
:10C860007A691C4B9A4218D1BB699B6A002B0FD185
:10C87000BB695C229B5CDBB2012B04D11F23FB183C
:10C8800002221A7019E01F23FB1803221A7014E009
:10C890001F23FB1802221A700FE07A690E4B9A428E
:10C8A00002D07B69002B04D11F23FB1804221A70CD
:10C8B00003E01F23FB1801221A701F23FB181B78AB
:10C8C0001800BD4608B080BD309E0120E89E0120C2
:10C8D000EC9E01201C9F0120049F012080B584B0A4
:10C8E00000AF7860FEF7FCFE7B68002B02D1074B9F
:10C8F0001B6800E07B68FB60FB68DB6ABB60FEF7DF
:10C9000001FFBB681800BD4604B080BD309E012009
:10C9100080B586B000AF7860396000237B613B68EA
:10C92000062B01D906233B60FEF7DAFE7B68002B5D
:10C9300002D1384B1B6800E07B683B613B69DB6CD4
:10C94000FB60FA683B689A425DD03A68FB689A429D
:10C950000DD9304B1B683A699A420FD02D4B1B689A
:10C96000DB6A3A689A4209D301237B6106E0294BCE
:10C970001B683A699A4201D101237B613B69DB6AFA
:10C98000BB603B69DA6C3B69DB6A9A4202D13B6966
:10C990003A68DA623B693A68DA643B699B69002B62
:10C9A00004DB3B680722D21A3B699A613B695969EB
:10C9B000BA6813009B009B189B00174A9B1899426A
:10C9C0001CD13B6904331800FEF7CEFD3B69DA6ADF
:10C9D000124B1B689A4203D93B69DA6A0F4B1A6003
:10C9E0003B69DA6A13009B009B189B000A4A9A185D
:10C9F0003B69043319001000FEF75EFD7B69002BD4
:10CA000001D0FEF75DFEFEF77DFEC046BD4606B0D6
:10CA100080BDC046309E0120349E0120389F0120F9
:10CA200080B584B002AF144A14491548154B0193E0
:10CA3000002300930023FFF794FD03007B607B68D5
:10CA4000012B03D101F0E4F903007B607B68012B2B
:10CA50000ED172B60C4B012252421A600B4B0122CE
:10CA60001A600B4B00221A60EEF740F9FEF704FE45
:10CA7000C046BD4602B080BDC4090000CCFC02081F
:10CA800079D10108549F0120509F01203C9F012033
:10CA9000349F012080B500AF034B1B685A1C024B2A
:10CAA0001A60C046BD4680BD589F012080B584B045
:10CAB00000AF0023FB600023BB60FEF711FE364B86
:10CAC0001B685A1E344B1A60334B1B68002B5BD11A
:10CAD000324B1B68002B57D02FE0314BDB68DB68F3
:10CAE000FB60FB6818331800FEF73EFDFB6804335B
:10CAF0001800FEF739FDFB68DA6A2A4B1B689A4278
:10CB000003D9FB68DA6A274B1A60FB68DA6A1300FC
:10CB10009B009B189B00244A9A18FB680433190059
:10CB20001000FEF7C9FCFB68DA6A204B1B68DB6A61
:10CB30009A4202D31E4B01221A60194B1B68002B2C
:10CB4000CBD1FB68002B01D000F082FC194B1B6895
:10CB50007B607B68002B0FD000F0DCF8031E02D056
:10CB6000134B01221A607B68013B7B607B68002BC2
:10CB7000F2D1104B00221A600D4B1B68002B03D022
:10CB80000123BB60FEF79CFDFEF7BCFDBB681800EF
:10CB9000BD4604B080BDC046589F0120309F012093
:10CBA000F09E0120389F0120349E0120309E0120FC
:10CBB000449F0120409F012080B582B000AF044B0C
:10CBC0001B687B607B681800BD4602B080BDC04614
:10CBD000349F012080B582B000AF00237B60044BFE
:10CBE0001B683B603B681800BD4602B080BDC04674
:10CBF000349F012080B586B000AFF860B9607A60DC
:10CC000000237B6107233B61FFF744FF3B4B1B681D
:10CC1000BA689A426AD33B69013B3B617A69130067
:10CC2000DB009B189B001A00FB6898183A691300F8
:10CC30009B009B189B00324A9B180122190000F0B0
:10CC400089FB02007B699B187B613B69002BE2D169
:10CC50007A691300DB009B189B001A00FB68981888
:10CC6000284B1B680222190000F074FB02007B694C
:10CC70009B187B617A691300DB009B189B001A00EC
:10CC8000FB689818204B1B680222190000F062FB19
:10CC900002007B699B187B617A691300DB009B189B
:10CCA0009B001A00FB689B1818490422180000F02A
:10CCB00051FB02007B699B187B617A691300DB00E2
:10CCC0009B189B001A00FB689B181149032218004F
:10CCD00000F040FB02007B699B187B617B68002BA6
:10CCE00004D0EEF719F802007B681A60FFF7DEFE49
:10CCF0007B691800BD4606B080BDC046309F01204C
:10CD0000349E0120E89E0120EC9E0120049F01201A
:10CD10001C9F012080B586B000AF00237B61464B8D
:10CD20001B68002B00D07DE0444B1B6801333B6146
:10CD3000424B3A691A603B69002B10D1404B1B688B
:10CD4000FB60404B1A683E4B1A603E4BFA681A6013
:10CD50003D4B1B685A1C3C4B1A6000F079FB3B4B67
:10CD60001B683A699A4249D3354B1B681B68002BF4
:10CD700004D1364B012252421A603FE0304B1B680F
:10CD8000DB68DB68BB60BB685B687B603A697B68BB
:10CD90009A4203D22D4B7A681A602FE0BB680433A5
:10CDA0001800FEF7E1FBBB689B6A002B04D0BB6850
:10CDB00018331800FEF7D8FBBB68DA6A244B1B68EF
:10CDC0009A4203D9BB68DA6A214B1A60BB68DA6AF7
:10CDD00013009B009B189B001E4A9A18BB680433E3
:10CDE00019001000FEF768FBBB68DA6A1A4B1B6873
:10CDF000DB6A9A42B8D301237B61B5E7164B1B6807
:10CE0000DA6A144913009B009B189B005B58012BA6
:10CE100001D901237B61114B1B68002B07D0012333
:10CE20007B6104E00E4B1B685A1C0D4B1A607B693A
:10CE30001800BD4606B080BD589F0120349F0120D8
:10CE4000E89E0120EC9E0120489F0120509F012078
:10CE5000389F0120349E0120309E0120449F0120F4
:10CE6000409F012080B584B000AF3F4B1B68002B72
:10CE700003D03E4B01221A6071E03C4B00221A6045
:10CE8000EDF74AFF02003A4B1A60394B1A68394BEA
:10CE90001B689A4209D9384B1B68596D344A10688F
:10CEA000344A1268821A8A185A65314B1A68314B13
:10CEB0001A60314B1B681B6BBB60304B7B60BB68DF
:10CEC0001B687A689A4211D1BB6804331B687A6880
:10CED0009A420BD1BB6808331B687A689A4205D125
:10CEE000BB680C331B687A689A4208D0224B1A68D8
:10CEF000214B1B68343319001000F8F701FF204B59
:10CF00001B68FB6002E0FB68013BFB601D49FA689F
:10CF100013009B009B189B005B58002BF3D0FA6812
:10CF200013009B009B189B00164A9B183B603B68B4
:10CF30005B685A683B685A603B685A683B680833CC
:10CF40009A4204D13B685B685A683B685A603B6808
:10CF50005B68DA68084B1A60094BFA681A60C046C9
:10CF6000BD4604B080BDC046589F0120449F0120AB
:10CF7000609F01205C9F0120309E0120A5A5A5A5F2
:10CF8000389F0120349E012080B582B000AF7860C8
:10CF90003960094B1B6818331A007B6811001800B0
:10CFA000FEF7ACFA3B680121180000F0DDFEC04638
:10CFB000BD4602B080BDC046309E012080B584B021
:10CFC00000AFF860B9607A600C4B1B6818331A0028
:10CFD000FB6811001800FEF76FFA7B68002B02D087
:10CFE00001235B42BB607A68BB681100180000F047
:10CFF000BBFEC046BD4604B080BDC046309E012089
:10D0000080B584B000AF78607B68DB68DB68BB60AC
:10D01000BB6818331800FEF7A7FA1F4B1B68002BDC
:10D020001DD1BB6804331800FEF79EFABB68DA6AAC
:10D030001A4B1B689A4203D9BB68DA6A174B1A600D
:10D04000BB68DA6A13009B009B189B00144A9A186D
:10D05000BB68043319001000FEF72EFA07E0BB6826
:10D0600018331A000F4B11001800FEF725FABB68A1
:10D07000DA6A0D4B1B68DB6A9A4205D90123FB6013
:10D080000A4B01221A6001E00023FB60FB681800D4
:10D09000BD4604B080BDC046589F0120389F012086
:10D0A000349E0120F09E0120309E0120449F0120EB
:10D0B00080B582B000AF7860054B1A687B681A6053
:10D0C000044B1A687B685A60C046BD4602B080BDFA
:10D0D000489F0120349F012080B586B000AF786062
:10D0E0003960FEF7FDFA1D4B1B683B617B685B688E
:10D0F0003A69D31AFB603B681B68013302D10023F5
:10D100007B6124E07B681A68154B1B689A4207D044
:10D110007B685B683A699A4202D301237B6116E01F
:10D120003B681B68FA689A420CD23B681A68FB6835
:10D13000D21A3B681A607B681800FFF7B9FF00231A
:10D140007B6104E03B6800221A6001237B61FEF7EB
:10D15000D9FA7B691800BD4606B080BD349F012016
:10D16000489F012080B500AF024B01221A60C046E3
:10D17000BD4680BD449F012080B582B000AF78607D
:10D1800000F04EF8034B1B68012BF9D9FEF798FA13
:10D19000F6E7C046349E012080B582B000AF002380
:10D1A0007B600CE07A6813009B009B189B00144A7C
:10D1B0009B181800FEF757F97B6801337B607B688A
:10D1C000062BEFD90F4B1800FEF74DF90E4B180048
:10D1D000FEF749F90D4B1800FEF745F90C4B180006
:10D1E000FEF741F90B4B1800FEF73DF90A4B054AD3
:10D1F0001A600A4B044A1A60C046BD4602B080BDA0
:10D20000349E0120C09E0120D49E0120F09E01206A
:10D21000049F01201C9F0120E89E0120EC9E01201C
:10D2200080B582B000AF1AE0FEF75AFA104BDB6807
:10D23000DB687B607B6804331800FEF795F90D4BC3
:10D240001B685A1E0B4B1A600B4B1B685A1E0A4B6D
:10D250001A60FEF757FA7B68180000F0E8F8064BF2
:10D260001B68002BE0D1C046C046BD4602B080BD61
:10D27000049F0120309F0120189F012080B586B0B7
:10D2800000AFF860B9607A601A00FB1C1A70FB6886
:10D29000002B02D12E4B1B6800E0FB687B61BB6852
:10D2A0007A691A607B6934331A00BB685A607B69FB
:10D2B000DA6ABB681A617B691A6BBB68DA617B69E1
:10D2C0005A6CBB689A607B69DA6CBB685A617B698F
:10D2D0005A6DBB689A61FB1C1B78052B1CD01C4B3C
:10D2E0001B687A699A4203D1BB6800221A731BE05B
:10D2F000BB68FA1C12781A73FB1C1B78032B13D122
:10D30000FFF7C8FB7B699B6A002B02D0BB68022237
:10D310001A73FFF7CBFB07E07B691800FFF776FA7B
:10D3200003001A00BB681A737B68002B09D07B6965
:10D330001B6B180000F061F803001A00BB681A8428
:10D3400002E0BB6800221A84C046BD4606B080BD1C
:10D35000309E012080B58AB000AFF860B960FB1D37
:10D360001A7000237B62BB681B68002B40D0BB682F
:10D370003B623B6A5B685A683B6A5A603B6A5A6820
:10D380003B6A08339A4204D13B6A5B685A683B6A3D
:10D390005A603B6A5B68DB68FB61BB68BB61BB6969
:10D3A0005B685A68BB695A60BB695A68BB690833D5
:10D3B0009A4204D1BB695B685A68BB695A60BB6911
:10D3C0005B68DB687B617A6A1300DB009B189B005B
:10D3D0001A00FB689918FB1D1B7878690122FFF77A
:10D3E0004DFF7B6A01337B627A69FB699A42D4D133
:10D3F0007B6A1800BD460AB080BD80B584B000AF1E
:10D4000078600023FB6005E07B6801337B60FB688C
:10D410000133FB607B681B78A52BF5D0FB689B086C
:10D42000FB60FB689BB21800BD4604B080BD80B5B0
:10D4300082B000AF78607B681B6B1800FEF780FA43
:10D440007B681800FEF77CFAC046BD4602B080BD7E
:10D4500080B582B000AF0B4B1B681B68002B04D15A
:10D46000094B012252421A6008E0064B1B68DB6838
:10D47000DB687B607B685A68034B1A60C046BD4618
:10D4800002B080BDE89E0120509F012080B582B08F
:10D4900000AF0A4B1B68002B02D101237B6008E020
:10D4A000074B1B68002B02D102237B6001E00023A5
:10D4B0007B607B681800BD4602B080BD3C9F0120A8
:10D4C000589F012080B584B000AF78607B68BB6056
:10D4D0000023FB607B68002B51D0BB68DA6A2A4BC3
:10D4E0001B68DB6A9A4241D2BB689B69002B06DB52
:10D4F000254B1B68DB6A0722D21ABB689A61BB689E
:10D500005969BB68DA6A13009B009B189B001F4A8D
:10D510009B18994222D1BB6804331800FEF724F807
:10D52000194B1B68DA6ABB68DA62BB68DA6A184BA7
:10D530001B689A4203D9BB68DA6A154B1A60BB684C
:10D54000DA6A13009B009B189B00104A9A18BB686C
:10D55000043319001000FDF7AFFF04E00A4B1B680D
:10D56000DA6ABB68DA620123FB6008E0BB68DA6C48
:10D57000054B1B68DB6A9A4201D20123FB60FB6802
:10D580001800BD4604B080BD309E0120349E0120AD
:10D59000389F012080B584B000AF78607B68BB60A5
:10D5A0000023FB607B68002B37D0BB681B6D5A1EC5
:10D5B000BB681A65BB68DA6ABB68DB6C9A422CD020
:10D5C000BB681B6D002B28D1BB6804331800FDF726
:10D5D000CBFFBB68DA6CBB68DA62BB68DB6A072228
:10D5E000D21ABB689A61BB68DA6A0E4B1B689A4212
:10D5F00003D9BB68DA6A0B4B1A60BB68DA6A13009E
:10D600009B009B189B00084A9A18BB6804331900BA
:10D610001000FDF751FF0123FB60FB681800BD46B9
:10D6200004B080BD389F0120349E012080B586B0B3
:10D6300000AF786039607B683B610123FB607B68E9
:10D64000002B4BD03B69DB6C3A689A4202D93B68AD
:10D650007B6102E03B69DB6C7B613B69DB6A7A6979
:10D660009A423BD03B691B6DFA689A4236D13B69BE
:10D67000DB6ABB603B697A69DA623B699B69002BB4
:10D6800004DB7B690722D21A3B699A613B695969BD
:10D69000BA6813009B009B189B00124A9B18994282
:10D6A0001CD13B6904331800FDF75EFF3B69DA6A61
:10D6B0000D4B1B689A4203D93B69DA6A0A4B1A6020
:10D6C0003B69DA6A13009B009B189B00054A9A1875
:10D6D0003B69043319001000FDF7EEFEC046BD465D
:10D6E00006B080BD349E0120389F012080B584B0F3
:10D6F00000AF786039603A687B68110018000AF062
:10D700008AF87B681800E2F709FD0300FB6007E078
:10D710007A68FB68D31820221A70FB680133FB601B
:10D72000FB680B2BF4D97A68FB68D31800221A70B7
:10D730007A68FB68D3181800BD4604B080BD0000AD
:10D74000F0B589B002AF78607B6800221A704C4B4C
:10D750001B68FB604A4B1A681300DB009B189B0098
:10D760001800FEF74DF80300BB60BB68002B00D12A
:10D7700082E0F968BB6800221800FFF73BFA03005B
:10D78000FB6000237B616FE07A691300DB009B186C
:10D790009B001A00BB689B181B7B042B1DD89A00AA
:10D7A000384BD3181B689F461323FB1858221A7056
:10D7B00018E01323FB1852221A7013E01323FB18EE
:10D7C00042221A700EE01323FB1853221A7009E04C
:10D7D0001323FB1844221A7004E01323FB180022C1
:10D7E0001A70C0467A691300DB009B189B001A0070
:10D7F000BB689B185A687B6811001800FFF776FF1A
:10D8000003007B601323FB181C787A691300DB008C
:10D810009B189B001A00BB689B181D697A6913004E
:10D82000DB009B189B001A00BB689B181B8C1E001A
:10D830007A691300DB009B189B001A00BB689B18D9
:10D840009B6811497868019300962B00220009F02B
:10D8500043FE7B681800E2F761FC02007B689B18BE
:10D860007B607B6901337B617A69FB689A428BD369
:10D87000BB681800FEF764F8C046BD4607B0F0BDAF
:10D88000309F0120E4FC0208D4FC020880B588B077
:10D8900000AF78607B6800221A703F4B1B68BB6149
:10D8A0003D4B1A681300DB009B189B001800FDF726
:10D8B000A7FF03007B617B69002B68D00C23FA185B
:10D8C000B9697B691800FFF795F90300BB61FB6834
:10D8D00064211800E2F73EFC0300FB60FB68002BAC
:10D8E00051D00023FB614AE0FA691300DB009B186A
:10D8F0009B001A007B699B189B69FA68110018004D
:10D90000E2F728FC03003B61FA691300DB009B1877
:10D910009B001A007B699B185A687B6811001800ED
:10D92000FFF7E4FE03007B603B69002B0ED0FA6931
:10D930001300DB009B189B001A007B699B189A69F7
:10D940003B691649786809F0C7FD0DE0FA691300D4
:10D95000DB009B189B001A007B699B189A69104991
:10D960007B68180009F0B8FD7B681800E2F7D6FB69
:10D9700002007B689B187B60FB690133FB61FA69DD
:10D98000BB699A42B0D37B691800FDF7D9FFC04646
:10D99000BD4608B080BDC046309F0120F8FC02089B
:10D9A00004FD020880B500AF064B1B68002B04D0B5
:10D9B000044B1B681A6D01321A65024B1B68180074
:10D9C000BD4680BD309E012080B584B000AF786038
:10D9D0003960FDF785FE1C4B1B689B6D002B0ED13B
:10D9E000194B1B685C22012199543B68002B06D01F
:10D9F0003B680121180000F0B7F9FDF761FEFDF763
:10DA000081FEFDF76DFE104B1B689B6DFB60FB6894
:10DA1000002B0CD07B68002B04D00B4B1B68002222
:10DA20009A6504E0084B1B68FA68013A9A65064B50
:10DA30001B685C2200219954FDF764FEFB68180006
:10DA4000BD4604B080BDC046309E012080B588B080
:10DA500000AFF860B9603B60FB1D1A700123FB61E9
:10DA6000FB68BB61FDF73CFE3B68002B03D0BB6944
:10DA70009A6D3B681A601723FB18BA695C21525CE7
:10DA80001A70BB695C2202219954FB1D1B78042B80
:10DA900021D89A002A4BD3181B689F46BB699A6D00
:10DAA000BB681A43BB699A6518E0BB699B6D5A1C39
:10DAB000BB699A6512E0BB69BA689A650EE01723E4
:10DAC000FB181B78022B03D0BB69BA689A6505E086
:10DAD0000023FB6102E0C04600E0C0461723FB18AC
:10DAE0001B78012B25D1BB6904331800FDF73CFDE1
:10DAF000BB69DA6A134B1B689A4203D9BB69DA6ABD
:10DB0000104B1A60BB69DA6A13009B009B189B00DC
:10DB10000D4A9A18BB69043319001000FDF7CCFCBC
:10DB2000BB69DA6A094B1B68DB6A9A4201D9FDF7C7
:10DB3000C7FDFDF7E7FDFB691800BD4608B080BDD5
:10DB400010FD0208389F0120349E0120309E0120E4
:10DB500080B588B000AFF860B9603B60FB1D1A70FB
:10DB60000123FB61FB68BB61FDF7DEFD03007B6108
:10DB70003B68002B03D0BB699A6D3B681A60132386
:10DB8000FB18BA695C21525C1A70BB695C220221E5
:10DB90009954FB1D1B78042B21D89A00354BD318C0
:10DBA0001B689F46BB699A6DBB681A43BB699A653F
:10DBB00018E0BB699B6D5A1CBB699A6512E0BB6992
:10DBC000BA689A650EE01323FB181B78022B03D06A
:10DBD000BB69BA689A6505E00023FB6102E0C046B4
:10DBE00000E0C0461323FB181B78012B39D1224BD0
:10DBF0001B68002B1DD1BB6904331800FDF7B4FC72
:10DC0000BB69DA6A1D4B1B689A4203D9BB69DA6AA1
:10DC10001A4B1A60BB69DA6A13009B009B189B00C1
:10DC2000174A9A18BB69043319001000FDF744FC29
:10DC300007E0BB6918331A00124B11001800FDF7FA
:10DC40003BFCBB69DA6A104B1B68DB6A9A4208D955
:10DC5000BB6A002B02D0BB6A01221A600B4B012267
:10DC60001A607B691800FDF765FDFB691800BD4669
:10DC700008B080BD24FD0208589F0120389F012074
:10DC8000349E0120F09E0120309E0120449F0120FF
:10DC900080B586B000AF786039607B687B61FDF746
:10DCA00043FD03003B610F203B187A695C21525C05
:10DCB0001A707B695C22022199547B699B6D5A1C06
:10DCC0007B699A653B181B78012B39D1204B1B6867
:10DCD000002B1DD17B6904331800FDF745FC7B69DF
:10DCE000DA6A1C4B1B689A4203D97B69DA6A194BC2
:10DCF0001A607B69DA6A13009B009B189B00164A26
:10DD00009A187B69043319001000FDF7D5FB07E072
:10DD10007B6918331A00114B11001800FDF7CCFB7A
:10DD20007B69DA6A0E4B1B68DB6A9A4208D93B684A
:10DD3000002B02D03B6801221A600A4B01221A60B4
:10DD40003B691800FDF7F6FCC046BD4606B080BD35
:10DD5000589F0120389F0120349E0120F09E012011
:10DD6000309E0120449F012080B584B000AF7860D0
:10DD70003960214B1B68FB60204B1B680433180083
:10DD8000FDF7F2FB7B6801330BD13B68002B08D019
:10DD90001A4B1B681A1D1A4B11001800FDF78CFB5B
:10DDA00026E0FA687B68D318BB60144B1B68BA681E
:10DDB0005A60BA68FB689A4209D2124B1A680F4B34
:10DDC0001B68043319001000FDF798FB10E00E4BA0
:10DDD0001A680A4B1B68043319001000FDF78EFB0C
:10DDE0000A4B1B68BA689A4202D2084BBA681A609A
:10DDF000C046BD4604B080BD349F0120309E012046
:10DE00001C9F0120EC9E0120E89E0120509F0120D4
:10DE100080B584B002AF00237B6000F0E3FA0A4BC8
:10DE20001B68002B0BD0094A09490A480A4B019389
:10DE3000032300930023FEF794FB03007B607B68C1
:10DE40001800BD4602B080BD949F0120C4090000A7
:10DE500038FD020809E00108989F012090B589B0BB
:10DE600002AFF860B9607A603B602C20FDF7C8FC17
:10DE700003007B617B69002B0ED07B692822002187
:10DE800099543C687A68B968F8687B690193BB6A01
:10DE90000093230000F005F87B691800BD4607B029
:10DEA00090BD80B584B000AFF860B9607A603B6027
:10DEB000FB69002B1ED000F095FAFB69FA681A6026
:10DEC000FB69BA689A61FB693A68DA61FB69BA6909
:10DED0001A62FB6904331800FDF7E3FA7B68002B34
:10DEE00008D0FB6928229B5C04221343D9B2FB694A
:10DEF00028229954C046BD4604B080BD90B58BB071
:10DF000000AFF860B9607A603B6000237B621D4B14
:10DF10001B68002B30D014243B19BA681A603B19D7
:10DF20007A685A603B19FA689A60BB68052B19DC5D
:10DF3000FFF7ACFA0300022B09D1124B1868BA6B39
:10DF400039190023FDF7ABFE03007B6214E00D4B93
:10DF500018681423F91800230022FDF7A0FE03001F
:10DF60007B6209E0074B18683A681423F91800230C
:10DF7000FDF72AFF03007B627B6A1800BD460BB0E9
:10DF800090BDC046949F012080B586B002AF7860F6
:10DF900039601C4B1B68DB68DB68FB60FB68043383
:10DFA0001800FDF7E1FAFB6828229B5C1A000423A5
:10DFB000134015D0FB689A697B68D1187B683A6872
:10DFC000F86800F0BFF8031E13D07A68F8680023E1
:10DFD000009300230021FFF791FF0300BB6008E0DE
:10DFE000FB6828229B5C01229343D9B2FB6828225C
:10DFF0009954FB681B6AFA6810009847C046BD46F2
:10E0000004B080BD8C9F012080B584B000AF7860E3
:10E010000823FB18180000F053F80300FB60BA68EF
:10E02000FB681100180000F003F800F0CDF8EFE7EE
:10E0300080B584B000AF78603960FEF72BFD08230F
:10E04000FB18180000F05EF80300FB60BB68002BB3
:10E050002BD13B68002B0CD17A68FB689A4208D818
:10E06000FEF724FDFA687B6811001800FFF78CFFAB
:10E070001DE03B68002B08D00F4B1B681B68002B72
:10E0800001D1012300E000233B600C4B18687A6843
:10E09000FB68D31A3A681900FEF730FAFEF706FD5E
:10E0A000031E04D1FDF70CFB01E0FEF7FFFCC046A8
:10E0B000BD4604B080BDC046909F0120949F0120C2
:10E0C00080B584B000AF78600D4B1B681B68002BD7
:10E0D00001D1012200E000227B681A607B681B6886
:10E0E000002B05D1064B1B68DB681B68FB6001E059
:10E0F0000023FB60FB681800BD4604B080BDC0462D
:10E100008C9F012080B584B000AF7860FEF754FD8D
:10E110000300FB600A4B1B68FA689A4205D200F0C4
:10E1200009F97B6801221A6002E07B6800221A600C
:10E13000034BFA681A60FB681800BD4604B080BD46
:10E140009C9F012080B586B000AFF860B9607A600E
:10E150003B6000237B61FB68BA685A60FB68FA6821
:10E160001A61BA687B689A4212D87A683B68D21AF8
:10E17000FB689B699A4202D301237B611BE0104B31
:10E180001A68FB68043319001000FDF7B7F912E0B4
:10E190007A683B689A4206D2BA683B689A4202D3D0
:10E1A00001237B6107E0074B1A68FB680433190001
:10E1B0001000FDF7A3F97B691800BD4606B080BDCD
:10E1C000909F01208C9F012090B58DB002AF9CE004
:10E1D0000822BB181B68002B0ADABB1804337B62C9
:10E1E0007B6A1A687B6A58687B6A9B68190090474B
:10E1F0000822BB181B68002B00DA86E0BB189B685E
:10E200003B623B6A5B69002B04D03B6A0433180015
:10E21000FDF7AAF93B1D1800FFF774FF0300FB612F
:10E220000823FB181B68092B6ED89A003F4BD318A4
:10E230001B689F463B6A28229B5C01221343D9B28C
:10E240003B6A2822995408243B195A683B6A9B6907
:10E25000D1183B195B68FA69386AFFF773FF031E30
:10E2600053D03B6A1B6A3A6A100098473B6A2822DF
:10E270009B5C1A000423134047D03B195A683B6A41
:10E280009B69D218386A0023009300230021FFF70E
:10E2900035FE0300BB6138E03B6A28229B5C01220B
:10E2A0009343D9B23B6A282299542EE03B6A282234
:10E2B0009B5C01221343D9B23B6A2822995408235C
:10E2C000FB185A683B6A9A613B6A9A69FB69D118E4
:10E2D000FB69FA69386AFFF735FF16E03B6A2822C6
:10E2E0009B5C1A000223134004D13B6A1800FDF71F
:10E2F00027FB0AE03B6A28229B5C01229343D9B2A8
:10E300003B6A2822995400E0C046094B1B6808224A
:10E31000B91800221800FDF7F5FD031E00D057E7DD
:10E32000C046C046BD460BB090BDC04640FD020889
:10E33000949F012080B588B002AF3CE0274B1B685A
:10E34000DB681B683B61254B1B68DB68DB68FB6097
:10E35000FB6804331800FDF707F9FB681B6AFA68CD
:10E3600010009847FB6828229B5C1A000423134086
:10E3700021D0FB689B693A69D318BB60BA683B69D6
:10E380009A420ED9FB68BA685A60FB68FA681A614B
:10E39000124B1A68FB68043319001000FDF7AEF841
:10E3A00009E03A69F8680023009300230021FFF791
:10E3B000A5FD03007B60094B1B681B68002BBDD1CA
:10E3C000064B1B687B61064B1A68044B1A60044BB2
:10E3D0007A691A60C046BD4606B080BD8C9F012098
:10E3E000909F012080B500AFFDF77AF9144B1B68B0
:10E3F000002B20D1134B1800FDF735F8124B1800F5
:10E40000FDF731F8114B0F4A1A60114B0E4A1A6092
:10E41000002210210420FDF7DAFB0200084B1A60ED
:10E42000074B1B68002B06D0054B1B68094A1100DF
:10E430001800FEF73BF8FDF765F9C046BD4680BD04
:10E44000949F0120649F0120789F01208C9F0120D0
:10E45000909F012068FD020880B582B000AFFB1DCF
:10E4600000221A700B4B1A680A4B802149000A439C
:10E470001A60032000F016F8031E03D0FB1D0122D2
:10E480001A7001E000F008F8FB1D1B781800BD466B
:10E4900002B080BD0020024080B500AFC046BD463E
:10E4A00080BD000090B585B000AF78600F23FB18E9
:10E4B00000221A701D4B1B78002B2BD01C4B1C68A4
:10E4C0001A4B1B781900FA239800E1F743FE03006A
:10E4D00019002000E1F73EFE0300180001F023FAC6
:10E4E000031E12D17B68032B0AD8796801235B4293
:10E4F0000022180001F0F2F90E4B7A681A600DE064
:10E500000F23FB1801221A7008E00F23FB180122C9
:10E510001A7003E00F23FB1801221A700F23FB1857
:10E520001B781800BD4605B090BDC04640020020D3
:10E53000240200203C02002080B500AF054B1B7870
:10E540001A00054B1B68D218034B1A60C046BD4623
:10E5500080BDC04640020020A09F012080B500AFD2
:10E56000024B1B681800BD4680BDC046A09F01201D
:10E5700080B584B000AF7860FFF7F0FF0300BB60A8
:10E580007B68FB60FB68013305D00A4B1B781A00DF
:10E59000FB689B18FB60C046FFF7E0FF0200BB680A
:10E5A000D31AFA689A42F7D8C046C046BD4604B0AE
:10E5B00080BDC0464002002080B500AF034B1B6801
:10E5C0001B0C1B041B0C1800BD4680BD00580140ED
:10E5D00080B500AF034B1B681B051B0D1800BD4623
:10E5E00080BDC0460058014080B582B000AF786061
:10E5F00039607B681B68054A1A403B681A437B6890
:10E600001A60C046BD4602B080BDC046FFFF3FFE57
:10E6100080B582B000AF78607B681A68E0235B0445
:10E6200013401800BD4602B080BD80B584B000AF75
:10E63000F860B9607A60FB685B69BA6804210A40D7
:10E64000072191400A00D2431A40BB6804210B40C5
:10E65000796899400B001A43FB685A61C046BD4671
:10E6600004B080BD80B582B000AF786039607B684F
:10E670005B693A6804210A40072191400A001A4068
:10E680003B6804210B40DA4013001800BD4602B07D
:10E6900080BD80B582B000AF78607B68DA68C02347
:10E6A0001B01134001D1012300E000231800BD46E7
:10E6B00002B080BD80B584B000AFF860B9607A6008
:10E6C000FB689B6ABA681F210A400F2191400A002B
:10E6D000D2431A407B689B0E0F211940BB681F2054
:10E6E000034099400B001A43FB689A62C046BD463E
:10E6F00004B080BD80B582B000AF786039607B68BF
:10E700009A6A3B685B035B0B1A437B689A62C0465C
:10E71000BD4602B080BD80B582B000AF7860396080
:10E720007B689B6A3A685203520BD2431A407B685B
:10E730009A62C046BD4602B080BD000080B584B07C
:10E7400000AFF860B9607A60FB685B69BA68120272
:10E75000D2431A40BB681B0279680B4004490B4046
:10E760001A43FB685A61C046BD4604B080BDC0462E
:10E7700000FFFF0780B582B000AF78607B689B68C0
:10E78000054A1340802252051A437B689A60C046AE
:10E79000BD4602B080BDC046E8FFFF6F80B582B0C5
:10E7A00000AF78607B689A6880235B051A408023FD
:10E7B0005B059A4201D1012300E000231800BD4609
:10E7C00002B080BD80B582B000AF78607B689B6886
:10E7D000044A134001221A437B689A60C046BD4632
:10E7E00002B080BDE8FFFF7F80B582B000AF7860E7
:10E7F0007B689B68044A134002221A437B689A6034
:10E80000C046BD4602B080BDE8FFFF7F80B582B044
:10E8100000AF78607B689B6801221340012B01D117
:10E82000012300E000231800BD4602B080BD80B582
:10E8300082B000AF78607B689B6802221340022B95
:10E8400001D1012300E000231800BD4602B080BDC5
:10E8500080B582B000AF78607B689B68044A134043
:10E8600004221A437B689A60C046BD4602B080BD50
:10E87000E8FFFF7F80B582B000AF78607B689B685F
:10E88000044A134010221A437B689A60C046BD4672
:10E8900002B080BDE8FFFF7F80B582B000AF786036
:10E8A0007B689B6804221340042B01D1012300E004
:10E8B00000231800BD4602B080BD000080B588B0BE
:10E8C00000AF78601F23FB1800221A700023BB6181
:10E8D00000237B610023FB607B68002B01D10123B7
:10E8E0007FE17B689B6D002B0AD17B681800F5F7F0
:10E8F000E1FD7B680022DA657B685422002199548F
:10E900007B681B681800FFF749FF031E15D17B6861
:10E910001B681800FFF72EFFB44B1B68B4491800A2
:10E92000E1F718FC030001335B00FB6002E0FB68C9
:10E93000013BFB60FB68002BF9D17B681B6818006A
:10E94000FFF72CFF031E0FD17B689B6D10221A432B
:10E950007B689A657B68DB6D01221A437B68DA6508
:10E960001F23FB1801221A707B681B681800FFF731
:10E9700093FF03003B617B689B6D1022134000D026
:10E9800022E13B69002B00D01EE17B689B6D994A18
:10E99000134002221A437B689A657B681B68180043
:10E9A000FFF734FF031E00D0ADE07B689A687B68F8
:10E9B0001B7E9B031A437B685B7EDB031A437B68E9
:10E9C0009B7E5B031A437B681B6B002B02D080236A
:10E9D0005B0100E000231A437B68DB681A437B6815
:10E9E0001B69002B04DA7B681B695B005B0801E094
:10E9F00080239B031A437B682C215B5C5B001343E1
:10EA0000BA691343BB617B6820229B5C012B15D143
:10EA10007B689B7E002B05D1BB6980225202134389
:10EA2000BB610BE07B689B6D20221A437B689A6573
:10EA30007B68DB6D01221A437B68DA657B685B6A61
:10EA4000002B0AD07B685A6AE0235B001A407B687F
:10EA50009B6A1343BA691343BB617B681B68DB681D
:10EA6000654A134019007B681B68BA690A43DA607B
:10EA70007B685B689B0F9A077B68DB6C13437A6942
:10EA800013437B617B683C229B5C012B11D17B682B
:10EA90005B689B0F9A077B681B6C1A437B685B6CF7
:10EAA0001A437B689B6C1A437B691343012213430F
:10EAB0007B617B681B681B69504A134019007B68A7
:10EAC0001B687A690A431A617B685A68C0231B066F
:10EAD0009A4218D07B685A688023DB059A4212D08C
:10EAE0007B685A6880231B069A420CD0444B1B68F3
:10EAF000444A134019007B685A68F0239B031A406C
:10EB00003F4B0A431A607B6818687B685B6B1A008E
:10EB10000021FFF78AFD7B6818687B689B6B3A4988
:10EB20001A00FFF782FD7B681B69002B09D17B6807
:10EB30001B689A6A7B681B68102149420A439A62E3
:10EB400018E07B681A6980239B039A4212D17B6884
:10EB50001B689B6A7B68DB69013B9B001C2213409E
:10EB6000102252429A4011007B681A6E7B681B6823
:10EB70000A439A627B681B6800211800FFF772FD48
:10EB800002007B685B6B9A420BD17B680022DA65DE
:10EB90007B689B6D0322934301221A437B689A652D
:10EBA0001CE07B689B6D1222934310221A437B6802
:10EBB0009A657B68DB6D01221A437B68DA651F2347
:10EBC000FB1801221A7009E07B689B6D10221A4322
:10EBD0007B689A651F23FB1801221A701F23FB18FC
:10EBE0001B781800BD4608B080BDC0462402002036
:10EBF000400D0300FDFEFFFF0102DEFF02FCFF1FD0
:10EC000008270140FFFFC3FF04FFFF07B0B584B032
:10EC100000AF78607B681B681800FFF73DFE031E9D
:10EC200035D17B6854229B5C012B01D1022335E056
:10EC30007B685422012199540F257C197B681800A8
:10EC400000F028FB030023707B191B78002B19D1DF
:10EC50007B689B6D134A1340802252001A437B68E5
:10EC60009A657B680022DA657B681B681C221A6043
:10EC70007B685422002199547B681B681800FFF7B9
:10EC8000E7FD08E07B6854220021995403E00F233C
:10EC9000FB1802221A700F23FB181B781800BD46C0
:10ECA00004B0B0BDFEF0FFFFB0B584B000AF786037
:10ECB0007B6854229B5C012B01D1022329E07B68F5
:10ECC0005422012199540F257C197B68180000F00B
:10ECD0009FFA030023707B191B78002B12D17C193B
:10ECE0007B68180000F05CFB030023707B191B7825
:10ECF000002B07D17B689B6D084A134001221A4301
:10ED00007B689A657B685422002199540F23FB1875
:10ED10001B781800BD4604B0B0BDC046FEFEFFFF24
:10ED200080B584B000AF786039607B685B69082B80
:10ED300002D10823FB600FE07B681B68DB680122BF
:10ED4000134007D07B689B6D20221A437B689A652D
:10ED5000012372E00423FB60FFF700FC0300BB60AB
:10ED60001FE03B6801331CD0FFF7F8FB0200BB68D3
:10ED7000D31A3A689A4202D33B68002B11D17B68C0
:10ED80001B681B68FA6813400BD17B689B6D0422DB
:10ED90001A437B689A657B685422002199540323A7
:10EDA0004BE07B681B681B68FA681340D9D07B680E
:10EDB0009B6D802292001A437B689A657B681B6872
:10EDC0001800FFF766FC031E2ED07B689B7E002B8D
:10EDD0002AD17B681B681B6808221340082B23D1AB
:10EDE0007B681B681800FFF757FD031E10D17B6876
:10EDF0001B685A687B681B680C218A435A607B68D1
:10EE00009B6D104A134001221A437B689A650BE000
:10EE10007B689B6D20221A437B689A657B68DB6D5B
:10EE200001221A437B68DA657B681B7E002B03D1C5
:10EE30007B681B680C221A6000231800BD4604B0D2
:10EE400080BDC046FEFEFFFF80B582B000AF786097
:10EE50007B681B681B6C1800BD4602B080BD0000BB
:10EE600080B586B000AF786039601723FB180022A8
:10EE70001A700023FB607B6854229B5C012B01D13C
:10EE80000223C0E17B685422012199547B681B68EE
:10EE90001800FFF701FD031E00D0A3E13B685B688B
:10EEA000022B00D143E17B681A6980231B069A423A
:10EEB00004D07B681B69C14A934208D17B681A68F9
:10EEC0003B681B6819001000FFF714FCC9E07B6861
:10EED0001A6E3B685B681F210B400F2199400B00A5
:10EEE000DB43134019003B681B685B035B0B05D1D8
:10EEF0003B681B689B0E1F22134098E03B681B6811
:10EF00000122134000D091E03B681B6802221340AD
:10EF100000D089E03B681B680422134000D081E0E8
:10EF20003B681B680822134000D079E03B681B68EF
:10EF30001022134000D071E03B681B682022134070
:10EF400000D069E03B681B684022134000D061E0BC
:10EF50003B681B688022134000D059E03B681A6868
:10EF600080235B00134051D13B681A6880239B00CB
:10EF7000134049D13B681A688023DB00134041D11C
:10EF80003B681A6880231B01134039D13B681A681B
:10EF900080235B01134031D13B681A6880239B01B9
:10EFA000134029D13B681A688023DB01134021D12B
:10EFB0003B681A6880231B02134019D13B681A680A
:10EFC00080235B02134011D13B681A6880239B02A7
:10EFD000134009D13B681A688023DB02134001D03B
:10EFE000122324E0002322E0112320E010231EE05E
:10EFF0000F231CE00E231AE00D2318E00C2316E06B
:10F000000B2314E00A2312E0092310E008230EE08A
:10F0100007230CE006230AE0052308E0042306E0AA
:10F02000032304E0022302E0012300E000233A6806
:10F0300052681F20024093400A001A437B681A66F8
:10F040003B685B689B085A1C7B68DB699A4208D85E
:10F050007B6818683B6859683B681B681A00FFF7B3
:10F0600029FB7B6818683B6819683B689B681A0035
:10F07000FFF764FB3B681B68002B00DBBCE0504BD8
:10F080001800FFF7C5FA03003B613B681B684D4A57
:10F09000934222D13A6980231B0413401DD13B695E
:10F0A000802212041343464A19001000FFF79CFA0D
:10F0B000454B1B6845491800E1F74CF803005A1C02
:10F0C00013005B009B189B00FB6002E0FB68013BA8
:10F0D000FB60FB68002BF9D18EE03B681B683C4A63
:10F0E00093420ED13A6980235B04134009D13B69F6
:10F0F000802252041343324A19001000FFF774FAB9
:10F100007AE03B681B68334A934200D074E03A6966
:10F110008023DB03134000D06EE03B698022D203E2
:10F120001343274A19001000FFF75EFA64E07B687A
:10F130001A6980231B069A4204D07B681B691F4A08
:10F14000934207D17B681A683B681B68190010005E
:10F15000FFF7E1FA3B681B68002B4DDA184B1800EB
:10F16000FFF756FA03003B613B681B68154A934260
:10F1700008D13B69184A1340114A19001000FFF7E3
:10F1800033FA39E03B681B68114A934208D13B6966
:10F19000124A13400A4A19001000FFF725FA2BE023
:10F1A0003B681B680B4A934226D13B690C4A1340CB
:10F1B000034A19001000FFF717FA1DE00400008051
:10F1C00008270140001000B024020020400D030079
:10F1D000004000B8002000B4FFFF7FFFFFFFFFFEEC
:10F1E000FFFFBFFF7B689B6D20221A437B689A65F7
:10F1F0001723FB1801221A707B68542200219954AE
:10F200001723FB181B781800BD4606B080BDC0460A
:10F2100080B584B000AF78607B681B681800FFF78A
:10F220003BFB031E31D07B681B681800FFF7FFFA19
:10F23000031E04D17B681B681800FFF71BFBFFF758
:10F240008DF90300FB601AE0FFF788F90200FB6804
:10F25000D31A022B13D97B681B689B6804221340C6
:10F260000DD07B689B6D10221A437B689A657B6882
:10F27000DB6D01221A437B68DA65012306E07B68B7
:10F280001B689B6804221340DED100231800BD4692
:10F2900004B080BD80B584B000AF78600023BB604F
:10F2A0007B681B681800FFF7B1FA031E00D069E005
:10F2B0007B681B689B68364A13400DD07B689B6D4A
:10F2C00010221A437B689A657B68DB6D01221A4322
:10F2D0007B68DA65012356E07B681B681800FFF73E
:10F2E00071FA2C4B1800FFF793F9020080231B04DE
:10F2F00013400FD0284B1B6828491800E0F72AFF5D
:10F3000003000133BB6002E0BB68013BBB60BB682C
:10F31000002BF9D17B685B7E012B33D0FFF71EF900
:10F320000300FB6027E07B681B681800FFF76EFA9C
:10F33000031E04D17B681B681800FFF743FAFFF730
:10F340000DF90200FB68D31A022B14D97B681B68E5
:10F350001B6801221340012B0DD07B689B6D10228E
:10F360001A437B689A657B68DB6D01221A437B68D0
:10F37000DA65012307E07B681B681B6801221340E4
:10F38000012BD0D100231800BD4604B080BDC0467B
:10F39000170000800827014024020020400D0300D0
:10F3A00080B584B000AF78607B681B681800FFF7F9
:10F3B0003EFA0300FB607B681B681800FFF726FA23
:10F3C000031E46D0FB68002B43D17B681B689B68FB
:10F3D00005221340012B0DD17B681B681800FFF735
:10F3E00003FA7B681B6803221A60FFF7B7F8030073
:10F3F000BB6028E07B689B6D10221A437B689A658E
:10F400007B68DB6D01221A437B68DA65012321E00A
:10F41000FFF7A4F80200BB68D31A022B13D97B684C
:10F420001B689B68012213400DD07B689B6D1022E6
:10F430001A437B689A657B68DB6D01221A437B68FF
:10F44000DA65012306E07B681B689B680122134094
:10F45000DED100231800BD4604B080BD80B582B067
:10F4600000AF78607B681A68F0239B031340180094
:10F47000BD4602B080BD80B582B000AF78607B68C9
:10F480001B699B0F9B071800BD4602B080BD80B56D
:10F4900082B000AF786039607B68B4229B587F22CD
:10F4A00093431A003B681A437B68B4215A50C04604
:10F4B000BD4602B080BD80B582B000AF78607B6889
:10F4C000B4229B587F2213401800BD4602B080BD75
:10F4D00080B582B000AF78607B689B68044A1340B7
:10F4E00001221A437B689A60C046BD4602B080BDC7
:10F4F000E8FFFF7F80B582B000AF78607B689B68D3
:10F50000044A134002221A437B689A60C046BD46F3
:10F5100002B080BDE8FFFF7F80B582B000AF7860A9
:10F520007B689B6801221340012B01D1012300E07D
:10F5300000231800BD4602B080BD000080B582B037
:10F5400000AF78607B689B68054A134080221206F2
:10F550001A437B689A60C046BD4602B080BDC04673
:10F56000E8FFFF7F80B582B000AF78607B689B6862
:10F57000DB0FDA0780231B069A4201D1012300E04A
:10F5800000231800BD4602B080BD000090B58BB0CE
:10F5900000AF78600023FB6000233B627B6854224D
:10F5A0009B5C012B01D10223DDE07B685422012109
:10F5B00099541F23FC187B681800FFF7F1FE030025
:10F5C00023707B681B681800FFF7A6FF031E00D09E
:10F5D000BCE07B689B6D664A134002221A437B683D
:10F5E0009A657B681B68DB68624A1340BB617B6875
:10F5F0001B68DA687B681B685F490A40DA60002391
:10F600007B622DE07B681B681800FFF797FF14E012
:10F61000FB680133FB60FB68584A93420DD97B6855
:10F620009B6D1222934310221A437B689A657B6874
:10F63000542200219954012395E07B681B6818002F
:10F64000FFF790FF031EE3D17B681B681800FFF7EC
:10F6500032FF02003B6A9B183B627B6A01337B628C
:10F660007B6A072BCED9796A386AE0F773FD03000D
:10F670003B627B681B681800FFF72AFF7B681B68EA
:10F680001800FFF7F8FE031E1BD13D4B1800FFF7D3
:10F69000E5FE03007B617A69E0235B039A4210D3A5
:10F6A0007B699B0C033B01229A401300BB60BB6843
:10F6B0005B08BB6002E0BB68013BBB60BB68002B22
:10F6C000F9D17B681B683A6A11001800FFF7DFFE6A
:10F6D0007B681B681800FFF70DFFFEF73FFF030074
:10F6E0003B611BE0FEF73AFF02003B69D31A022B95
:10F6F00014D97B681B681800FFF70EFF031E0DD09E
:10F700007B689B6D10221A437B689A657B68DB6D72
:10F7100001221A437B68DA65012324E07B681B68B9
:10F720001800FFF7F9FE031EDCD17B681B68D9685F
:10F730007B681B68BA690A43DA607B689B6D0322A9
:10F74000934301221A437B689A6505E07B689B6DB1
:10F7500010221A437B689A657B68542200219954D1
:10F760001F23FB181B781800BD460BB090BDC04688
:10F77000FDFEFFFF03800000FC7FFFFFFFF10200A2
:10F780000827014080B582B000AF0200FB1D1A704F
:10F79000FB1D1B787F2B09D8FB1D1B781A001F232C
:10F7A0001A40044B012191400A001A60C046BD4630
:10F7B00002B080BD00E100E090B583B000AF020070
:10F7C0003960FB1D1A70FB1D1B787F2B28D82F4A30
:10F7D000FB1D1B785BB29B08C0339B009B58FA1D36
:10F7E0001278110003220A40D200FF2191400A0042
:10F7F000D2431A4011003B689B01FF221A40FB1DB7
:10F800001B78180003230340DB009A401F48FB1DB0
:10F810001B785BB29B080A43C0339B001A5031E04F
:10F820001B4AFB1D1B7819000F230B40083B9B084C
:10F8300006339B00D31804331B68FA1D127811009D
:10F8400003220A40D200FF2191400A00D2431A400D
:10F8500011003B689B01FF221A40FB1D1B7818001A
:10F8600003230340DB009A400948FB1D1B781C0062
:10F870000F232340083B9B080A4306339B00C31811
:10F8800004331A60C046BD4603B090BD00E100E0FD
:10F8900000ED00E080B582B000AF78607B685A1E52
:10F8A00080235B049A4201D3012310E00A4B7A685B
:10F8B000013A5A6001235B4203211800FFF77CFFE5
:10F8C000054B00229A60044B07221A60002318009F
:10F8D000BD4602B080BDC04610E000E080B584B0F7
:10F8E00000AFB9607A600F217B18021C1A70BA68E9
:10F8F0007B181B785BB211001800FFF75DFFC04654
:10F90000BD4604B080BD80B582B000AF0200FB1DD3
:10F910001A70FB1D1B785BB21800FFF733FFC0465F
:10F92000BD4602B080BD80B582B000AF78607B6814
:10F930001800FFF7AFFF03001800BD4602B080BDFE
:10F9400080B582B000AF78607B68002B01D10123C5
:10F9500056E07B685B7FDBB2002B06D17B68002220
:10F960001A777B681800F4F721FA7B6802225A772D
:10F970007B681B79002B0CD17B681B68224A5A617B
:10F980007B681B689A687B681B6818218A439A60A9
:10F990000BE07B6899687B68DA687B68180000F088
:10F9A00093F9031E01D001232AE07B685B79002BC9
:10F9B00005D17B681B68012252421A6104E07B6812
:10F9C0001B687A6812691A617B681B689B686022F1
:10F9D000934319007B685A697B681B680A439A60E5
:10F9E0007B681B689B688022934319007B689A6937
:10F9F0007B681B680A439A607B6801225A77002360
:10FA00001800BD4602B080BDB71DC10480B586B0E8
:10FA100000AFF860B9607A6000233B61FB680222A6
:10FA20005A77FB681B6A032B05D02DD8012B19D000
:10FA3000022B20D028E000237B610AE07B699B0039
:10FA4000BA68D218FB681B6812681A607B690133B8
:10FA50007B617A697B689A42F0D3FB681B681B68FC
:10FA60003B6112E07A68B968FB68180000F064F83E
:10FA700003003B6109E07A68B968FB68180000F090
:10FA8000ECF803003B6100E0C046FB6801225A77B6
:10FA90003B691800BD4606B080BD80B586B000AF9A
:10FAA000F860B9607A6000233B61FB6802225A77F4
:10FAB000FB681B689A68FB681B6801210A439A600F
:10FAC000FB681B6A032B05D02DD8012B19D0022B04
:10FAD00020D028E000237B610AE07B699B00BA68A4
:10FAE000D218FB681B6812681A607B6901337B615E
:10FAF0007A697B689A42F0D3FB681B681B683B619C
:10FB000012E07A68B968FB68180000F015F8030085
:10FB10003B6109E07A68B968FB68180000F09DF85D
:10FB200003003B6100E0C046FB6801225A773B6955
:10FB30001800BD4606B080BD80B588B000AFF86043
:10FB4000B9607A600023FB6123E0FB699B00BA681F
:10FB5000D3181B781A06FB699B000133B968CB18D0
:10FB60001B781B041A43FB699B000233B968CB184E
:10FB70001B781B021A43FB699B000333B968CB183F
:10FB80001B781900FB681B680A431A60FB69013384
:10FB9000FB617B689B08FA699A42D6D37B68032293
:10FBA000134053D07B6803221340012B07D1FB691C
:10FBB0009B00BA68D218FB681B6812781A707B68C1
:10FBC00003221340022B19D1FB699B00BA68D3189A
:10FBD0001B781B021AB2FB699B000133B968CB1872
:10FBE0001B781BB213431AB21A217B181A80FB68C8
:10FBF0001B687B617B697A1812881A807B680322F4
:10FC00001340032B22D1FB699B00BA68D3181B78E1
:10FC10001B021AB2FB699B000133B968CB181B7831
:10FC20001BB213431AB21A217B181A80FB681B6897
:10FC30007B617B697A1812881A80FB699B0002330A
:10FC4000BA68D218FB681B6812781A70FB681B68C8
:10FC50001B681800BD4608B080BD80B586B000AFF7
:10FC6000F860B9607A6000237B6113E07B699B00D8
:10FC7000BA68D3181B881A047B699B000233B968E1
:10FC8000CB181B881900FB681B680A431A607B6944
:10FC900001337B617B685B087A699A42E6D37B68B3
:10FCA0000122134009D0FB681B683B617B699B0004
:10FCB000BA68D3181A883B691A80FB681B681B68EE
:10FCC0001800BD4606B080BD80B586B000AFF860B4
:10FCD000B9607A6017217B1800221A701F233B61DC
:10FCE000BB680122134003D17B1801221A7045E042
:10FCF000C0463B695A1E3A61002B08D03B691F225F
:10FD00001340BA68DA40130001221340F1D07B6837
:10FD1000182B0FD07B68182B24D87B68102B11D0A0
:10FD20007B68102B1ED87B68002B20D07B68082BAB
:10FD300010D017E03B69062B1BD91723FB180122B3
:10FD40001A7016E03B69072B15D91723FB180122FF
:10FD50001A7010E03B690F2B0FD91723FB180122F3
:10FD60001A700AE01723FB1801221A7006E0C04639
:10FD700004E0C04602E0C04600E0C0461723FB187E
:10FD80001B78002B0ED1FB681B68BA685A61FB68B0
:10FD90001B689B68182293431900FB681B687A68EC
:10FDA0000A439A601723FB181B781800BD4606B05B
:10FDB00080BD000080B582B000AF78607B68002B0A
:10FDC00001D1012391E07B681B681A00494B9A42DC
:10FDD00010D87B681B68484A944663441421180075
:10FDE000E0F7B8F903009A007B685A647B68434ADD
:10FDF0001A640FE07B681B68414A944663441421EF
:10FE00001800E0F7A7F903009A007B685A647B6842
:10FE10003C4A1A647B682522022199547B681B683E
:10FE20001A687B681B6838490A401A607B681B683F
:10FE300019687B689A687B68DB681A437B681B6972
:10FE40001A437B685B691A437B689B691A437B682A
:10FE5000DB691A437B681B6A1A437B681B680A4389
:10FE60001A607B68180000F0A9FA7B689A68802302
:10FE7000DB019A4202D17B6800225A607B685A6893
:10FE80007B689B6C7F210A401A607B68DB6C7A6818
:10FE9000126D5A607B685B68002B11D07B685B68D1
:10FEA000042B0DD87B68180000F0D2FA7B685B6DDC
:10FEB00000221A607B689B6D7A68D26D5A6008E0F8
:10FEC0007B6800225A657B6800229A657B68002265
:10FED000DA657B680022DA637B6825220121995468
:10FEE0007B6824220021995400231800BD4602B0EB
:10FEF00080BDC04607040240F8FFFDBF000002407D
:10FF0000F8FBFDBF000402400F80FFFF80B586B004
:10FF100000AFF860B9607A603B601723FB180022DD
:10FF20001A70FB6824229B5C012B01D102236FE035
:10FF3000FB68242201219954FB6825229B5CDBB2DB
:10FF4000012B57D1FB68252202219954FB6800221E
:10FF5000DA63FB681B681A68FB681B6801218A4327
:10FF60001A603B687A68B968F86800F0EBF9FB68DA
:10FF70001B6B002B08D0FB681B681A68FB681B68AA
:10FF80000E210A431A600FE0FB681B681A68FB68C1
:10FF90001B6804218A431A60FB681B681A68FB68A7
:10FFA0001B680A210A431A60FB689B6C1A6880234D
:10FFB0005B02134008D0FB689B6C1A68FB689B6C63
:10FFC000802149000A431A60FB685B6D002B08D052
:10FFD000FB685B6D1A68FB685B6D802149000A4312
:10FFE0001A60FB681B681A68FB681B6801210A43DA
:10FFF0001A600AE0FB688022DA63FB682422002191
:020000040802F0
:1000000099541723FB1801221A701723FB181B7829
:100010001800BD4606B080BD80B582B000AF7860E4
:100020007B68002B01D101234FE07B6825229B5C7C
:10003000DBB2022B08D07B680422DA637B682422BF
:1000400000219954012340E07B681B681A687B6893
:100050001B680E218A431A607B689B6C1A687B6858
:100060009B6C1C490A401A607B681B681A687B6895
:100070001B6801218A431A607B685B6C1C221A4052
:100080007B681B6C012191400A005A607B68DB6C25
:100090007A68126D5A607B685B6D002B0CD07B68B0
:1000A0005B6D1A687B685B6D0A490A401A607B6861
:1000B0009B6D7A68D26D5A607B6825220121995424
:1000C0007B6824220021995400231800BD4602B009
:1000D00080BDC046FFFEFFFF80B584B000AF7860F2
:1000E0000F217B1800221A707B6825229B5CDBB2F3
:1000F000022B06D07B680422DA637B1801221A7077
:1001000048E07B681B681A687B681B680E218A437D
:100110001A607B681B681A687B681B6801218A4328
:100120001A607B689B6C1A687B689B6C1D490A404F
:100130001A607B685B6C1C221A407B681B6C012177
:1001400091400A005A607B68DB6C7A68126D5A60D5
:100150007B685B6D002B0CD07B685B6D1A687B68DD
:100160005B6D10490A401A607B689B6D7A68D26D9E
:100170005A607B682522012199547B682422002142
:1001800099547B689B6B002B04D07B689B6B7A68CF
:10019000100098470F23FB181B781800BD4604B0C9
:1001A00080BDC046FFFEFFFF80B584B000AF786021
:1001B0007B681B6C1B68FB607B681B681B68BB60F3
:1001C0007B685B6C1C22134004229A401300FA687F
:1001D000134026D0BB680422134022D07B681B68E2
:1001E0001B682022134007D17B681B681A687B6854
:1001F0001B6804218A431A607B685B6C1C221A40CE
:100200007B681B6C042191400A005A607B681B6B61
:10021000002B00D180E07B681B6B7A681000984748
:100220007AE07B685B6C1C22134002229A40130028
:10023000FA6813403CD0BB680222134038D07B6878
:100240001B681B68202213400BD17B681B681A684F
:100250007B681B680A218A431A607B68252201217A
:1002600099547B681B681A002E4B9A4209D97B6807
:100270005B6C1C221A402C4B022191400A005A60F0
:1002800008E07B685B6C1C221A40284B02219140DD
:100290000A005A607B682422002199547B68DB6A3B
:1002A000002B39D07B68DB6A7A681000984733E00E
:1002B0007B685B6C1C22134008229A401300FA688A
:1002C00013402AD0BB680822134026D07B681B68E5
:1002D0001A687B681B680E218A431A607B685B6C16
:1002E0001C221A407B681B6C012191400A005A6055
:1002F0007B680122DA637B682522012199547B689F
:100300002422002199547B685B6B002B05D07B680D
:100310005B6B7A6810009847C046C046BD4604B083
:1003200080BDC04680000240000402400000024040
:1003300080B582B000AF78607B68DB6B1800BD468B
:1003400002B080BD80B584B000AFF860B9607A605B
:100350003B60FB68DB6CFA68126D5A60FB685B6D92
:10036000002B04D0FB689B6DFA68D26D5A60FB6865
:100370005B6C1C221A40FB681B6C012191400A0037
:100380005A60FB681B683A685A60FB689B68102BD0
:1003900008D1FB681B687A689A60FB681B68BA68BA
:1003A000DA6007E0FB681B68BA689A60FB681B6844
:1003B0007A68DA60C046BD4604B080BD80B584B0BE
:1003C00000AF78607B681B681A001D4B9A4214D8F6
:1003D0007B685B6C9B089B001A4A9A187B689A643E
:1003E0007B681B681A00FF231340083B1421180088
:1003F000DFF7B0FE0300FB6014E07B685B6C9B08DA
:100400009B00114A9A187B689A647B681B681A00E3
:10041000FF231340083B14211800DFF79BFE030065
:100420000733FB607B68094ADA64FB681F221340CC
:1004300001229A407B681A65C046BD4604B080BD63
:1004400007040240000802401C08024080080240E5
:1004500080B584B000AF78607B685B687F22134012
:10046000FB60FB680A4A944663449B001A007B6861
:100470005A657B68074A9A65FB68013B0322134073
:1004800001229A407B68DA65C046BD4604B080BD53
:100490003F82001040090240B0B586B000AFF8605E
:1004A000B9603A607B60214B1B78012B01D102239C
:1004B00038E01E4B01221A701C4B00225A6017258F
:1004C0007C19FA239B00180000F07AF803002370CF
:1004D0007B191B78002B1FD1FB68012B06D13A68D2
:1004E0007B68B968080000F0B9F805E03A68BB68B5
:1004F000110018000BF0F4FE1723FC18FA239B00E0
:10050000180000F05DF803002370094B5A69FB687E
:10051000D943074B0A405A61044B00221A70172333
:10052000FB181B781800BD4606B0B0BDA49F012083
:100530000020024080B582B000AFFB1D00221A707F
:100540000B4B5B69002B0CDA094B0A4A9A60084B8B
:10055000094A9A60064B5B69002B02DAFB1D0122F7
:100560001A70FB1D1B781800BD4602B080BDC04646
:100570000020024023016745AB89EFCD80B582B0F2
:1005800000AFFB1D01221A70FA239B00180000F037
:1005900017F80A4B5A69094B802109060A435A6128
:1005A000064B5B69002B02DAFB1D00221A70FB1D53
:1005B0001B781800BD4602B080BDC0460020024036
:1005C00080B584B000AF7860FDF7C8FF0300FB6022
:1005D000C0239B02BB600CE07B68013309D0FDF7B0
:1005E000BDFF0200FB68D31A7A689A4201D8032340
:1005F00028E0164B1B69BA681340EDD1134B1B69F9
:10060000134A1340BB60114B124A1A61BB68002B9E
:1006100011D0114BBA685A60012313E07B68013393
:1006200009D0FDF79BFF0200FB68D31A7A689A4253
:1006300001D8032306E0054B1A698023DB0213402F
:10064000ECD100231800BD4604B080BD002002405C
:10065000FAC30000FBC30800A49F0120B0B584B01A
:1006600000AFF8603A607B600B4B5A690A4B01217E
:100670000A435A61FB683A681A60BFF36F8FC0463D
:100680007B681C0000231D00FB68043322001A60F5
:10069000C046BD4604B0B0BD00200240B0B584B035
:1006A00000AF78603960334B1B78012B01D10223F6
:1006B0005CE0304B01221A702E4B00225A600F254D
:1006C0007C19FA239B001800FFF77AFF03002370C0
:1006D0002C003B191B78002B42D17B681B68042B34
:1006E0000DD17B685B68180000F048F83C19FA23CC
:1006F0009B001800FFF764FF0300237030E03B68A5
:10070000012252421A607B689B68BB601AE07B68DA
:100710005B68BA681100180000F044F80F257C19D6
:10072000FA239B001800FFF74BFF030023707B198F
:100730001B78002B03D03B68BA681A600AE0BB68DC
:100740000133BB607B689A687B68DB68D318BA6842
:100750009A42DCD3084B5A69074B02218A435A61FB
:10076000044B00221A700F23FB181B781800BD469B
:1007700004B0B0BDA49F01200020024080B582B02B
:1007800000AF7860064B5A697B681A43044B80219E
:1007900049020A435A61C046BD4602B080BDC04608
:1007A0000020024080B584B000AF786039600F4B04
:1007B0005B690F4A1340FB607B68042B05D0FB6824
:1007C000802292011343FB6003E0FB68094A134057
:1007D000FB603B68DA00FB681A43044B06490A4396
:1007E0005A61C046BD4604B080BDC04600200240EC
:1007F00007E0FFFFFFDFFFFF0200010080B586B0CA
:1008000000AF7860396000237B614DE13B681B6875
:1008100001217A6991400A001340FB60FB68002BBC
:1008200000D13EE13B685B6803221340012B05D0F9
:100830003B685B6803221340022B30D17B689B68C6
:100840003B617B695B0003229A401300DA433B69FA
:1008500013403B613B68DA687B695B009A40130098
:100860003A6913433B617B683A699A607B685B68CD
:100870003B6101227B699A401300DA433B691340D4
:100880003B613B685B681B0901221A407B699A4007
:1008900013003A6913433B617B683A695A603B68CD
:1008A0005B6803221340032B17D07B68DB683B6136
:1008B0007B695B0003229A401300DA433B691340D3
:1008C0003B613B689A687B695B009A4013003A6918
:1008D00013433B617B683A69DA603B685B680322DB
:1008E0001340022B23D17B69DA087B68083292001F
:1008F000D3583B617B69072213409B000F229A402B
:100900001300DA433B6913403B613B681A697B691A
:1009100007210B409B009A4013003A6913433B6147
:100920007B69DA087B68083292003969D1507B68AC
:100930001B683B617B695B0003229A401300DA432A
:100940003B6913403B613B685B6803221A407B694B
:100950005B009A4013003A6913433B617B683A6934
:100960001A603B685A68C0239B02134000D198E08C
:10097000534A7B699B0818339B009B583B617B69FA
:1009800003221340DB000F229A401300DA433B6935
:1009900013403B617A68A023DB059A4219D07B683B
:1009A000484A934213D07B68474A93420DD07B68F4
:1009B000464A934207D07B68454A934201D10423BB
:1009C00008E0052306E0032304E0022302E00123FC
:1009D00000E000237A6903210A40D20093403A697B
:1009E00013433B6136497B699B0818339B003A6986
:1009F0005A50334B1B683B61FB68DA433B69134039
:100A00003B613B685A6880235B03134003D03A691B
:100A1000FB6813433B612A4B3A691A60284B5B68B9
:100A20003B61FB68DA433B6913403B613B685A68B2
:100A300080239B03134003D03A69FB6813433B6157
:100A40001F4B3A695A601E4A8423D3583B61FB68A6
:100A5000DA433B6913403B613B685A6880239B0241
:100A6000134003D03A69FB6813433B611449842265
:100A70003B698B50124A8023D3583B61FB68DA43B1
:100A80003B6913403B613B685A6880235B0213401B
:100A900003D03A69FB6813433B61094980223B69F3
:100AA0008B507B6901337B613B681A687B69DA4054
:100AB000131E00D0AAE6C046C046BD4606B080BDA3
:100AC000001802400004005000080050000C0050C4
:100AD0000010005080B584B000AF78600A00BB1CE5
:100AE0001A807B681B69BA1C1288134004D00F233C
:100AF000FB1801221A7003E00F23FB1800221A7062
:100B00000F23FB181B781800BD4604B080BD80B5CC
:100B100082B000AF786008001100BB1C021C1A8074
:100B20007B1C0A1C1A707B1C1B78002B04D0BB1C7E
:100B30001A887B689A6103E0BB1C1A887B689A62FA
:100B4000C046BD4602B080BD80B584B000AF7860BD
:100B50000A00BB1C1A807B685B69FB60BB1C1B889E
:100B6000FA6813401A04FB68DB43B91C09880B4080
:100B70001A437B689A61C046BD4604B080BD000040
:100B800080B582B000AF78600C4BDB687A683F219B
:100B90000A40D2431A4011007B681A0A074B0A43E5
:100BA000DA60064B99687B683F221A40034B0A4380
:100BB0009A60C046BD4602B080BDC046007000408D
:100BC00080B582B000AF7860064B9A687B683F21A1
:100BD0000B40D943034B0A409A60C046BD4602B061
:100BE00080BDC0460070004080B582B000AF786024
:100BF0000A00FB1C1A707B68002B09D0144B1B6881
:100C0000072293431A00124B01210A431A6005E0A0
:100C10000F4B1A680E4B07218A431A600D4B1A6955
:100C20000C4B04210A431A61FB1C1B78012B01D1D8
:100C300030BF02E040BF20BF20BF064B1A69054B02
:100C400004218A431A61C046BD4602B080BDC04639
:100C50000070004000ED00E080B500AF094B1B685C
:100C6000072293431A00074B03210A431A60064BDD
:100C70001A69054B04210A431A6130BFC046BD46BC
:100C800080BDC0460070004000ED00E080B500AFC0
:100C9000044B9A68034B802149000A439A60C0467E
:100CA000BD4680BD0070004080B584B000AF786064
:100CB000194B1B68194A13401900174B7A680A43ED
:100CC0001A607A6880239B009A421FD1144B1A68DD
:100CD00013005B009B185B0012491800DFF73AFA1B
:100CE00003000133FB6008E0FB68002B03D0FB68C6
:100CF000013BFB6001E0032309E0074B5A698023B5
:100D0000DB001A408023DB009A42EDD0002318005C
:100D1000BD4604B080BDC04600700040FFF9FFFF33
:100D20002402002040420F0080B500AF034B9A68B8
:100D3000E023DB0113401800BD4680BD00100240D7
:100D400080B588B000AF78607B68002B02D10123AA
:100D500000F050FB7B681B680122134000D17CE04F
:100D6000C34B9B6838221340BB61C14BDB68032235
:100D700013407B61BB69102B02D17B69032B02D02E
:100D8000BB69082B0BD1BA4B1A6880239B02134016
:100D900062D07B685B68002B5ED101232AE37B680D
:100DA0005A6880235B029A4207D1B14B1A68B04B54
:100DB000802149020A431A6020E07B685A68A02318
:100DC000DB029A420ED1AA4B1A68A94B8021C902B4
:100DD0000A431A60A64B1A68A54B802149020A43B0
:100DE0001A600BE0A24B1A68A14BA2490A401A6094
:100DF0009F4B1A689E4BA0490A401A607B685B684B
:100E0000002B14D0FDF7AAFB03003B6108E0FDF7BF
:100E1000A5FB02003B69D31A642B01D90323E9E245
:100E2000934B1A6880239B021340F0D015E0FDF726
:100E300095FB03003B6108E0FDF790FB02003B6976
:100E4000D31A642B01D90323D4E2894B1A68802377
:100E50009B021340F0D100E0C0467B681B68022271
:100E6000134000D199E0824B9B6838221340BB614C
:100E70007F4BDB68032213407B61BB69102B02D1DF
:100E80007B69022B02D0BB69002B35D1784B1A68E5
:100E90008023DB00134005D07B68DB68002B01D189
:100EA0000123A7E2724B5B68744A134019007B6808
:100EB0005B691A026E4B0A435A60BB69002B12D160
:100EC0006B4B1B686E4A134019007B681A69684BAC
:100ED0000A431A60664B1B68DB0A07221340694A03
:100EE000DA40694B1A60694B1B681800FDF7DAFAA3
:100EF000031E51D001237DE27B68DB68002B30D0DC
:100F00005B4B1B685E4A134019007B681A69584B9B
:100F10000A431A60564B1A68554B802149000A4310
:100F20001A60FDF71BFB03003B6108E0FDF716FBB1
:100F300002003B69D31A022B01D903235AE24C4B1E
:100F40001A688023DB001340F0D0494B5B684B4AA2
:100F5000134019007B685B691A02454B0A435A60CB
:100F60001BE0434B1A68424B49490A401A60FDF79F
:100F7000F5FA03003B6108E0FDF7F0FA02003B6977
:100F8000D31A022B01D9032334E2394B1A68802388
:100F9000DB001340F0D100E0C0467B681B680822EC
:100FA000134047D0324B9B6838221340182B0AD18C
:100FB0002F4B1B6E022213403CD07B689B69002B99
:100FC00038D1012316E27B689B69002B19D0284B8E
:100FD0001A6E274B01210A431A66FDF7BFFA030078
:100FE0003B6108E0FDF7BAFA02003B69D31A022B15
:100FF00001D90323FEE11E4B1B6E02221340F1D0E8
:1010000018E01B4B1A6E1A4B01218A431A66FDF732
:10101000A5FA03003B6108E0FDF7A0FA02003B6976
:10102000D31A022B01D90323E4E1114B1B6E0222D8
:101030001340F1D17B681B680422134000D1C7E044
:101040001F23FB1800221A70094B9B68382213409B
:10105000202B1FD1064BDB6D0222134000D1B7E0DD
:101060007B689B68002B00D0B2E00123C2E1C04640
:1010700000100240FFFFFEFFFFFFFBFFFF80FFFFAE
:10108000FFC7FFFF0024F400240200203C020020E0
:10109000FFFEFFFFB54BDA6B80235B05134001D1E8
:1010A000012300E00023002B11D0B04BDA6BAF4BD3
:1010B000802149050A43DA63AC4BDA6B80235B0578
:1010C0001340FB60FB681F23FB1801221A70A84B1A
:1010D0001A6880235B0013401AD1A54B1A68A44BF1
:1010E000802149000A431A60FDF738FA03003B618A
:1010F00008E0FDF733FA02003B69D31A022B01D94D
:10110000032377E19A4B1A6880235B001340F0D0E9
:101110007B689B68012B06D1944BDA6D934B0121C0
:101120000A43DA651CE07B689B68052B0CD18F4B6A
:10113000DA6D8E4B04210A43DA658C4BDA6D8B4BEA
:1011400001210A43DA650BE0884BDA6D874B0121F8
:101150008A43DA65854BDA6D844B04218A43DA656C
:101160007B689B68002B14D0FDF7F8F903003B6106
:1011700009E0FDF7F3F902003B69D31A7D4A934277
:1011800001D9032336E1794BDB6D02221340F0D005
:1011900013E0FDF7E3F903003B6109E0FDF7DEF939
:1011A00002003B69D31A734A934201D9032321E118
:1011B0006E4BDB6D02221340F0D11F23FB181B780E
:1011C000012B05D1694BDA6B684B6B490A40DA6336
:1011D0007B681B682022134039D07B68DB69002BB9
:1011E0001BD0624B1A68614B8021C9030A431A6005
:1011F000FDF7B4F903003B6108E0FDF7AFF9020029
:101200003B69D31A022B01D90323F3E0574B1A6829
:1012100080231B041340F0D019E0544B1A68534B41
:1012200056490A401A60FDF799F903003B6108E04E
:10123000FDF794F902003B69D31A022B01D903236D
:10124000D8E04A4B1A6880231B041340F0D17B6816
:101250001B6A002B00D1CCE0444B9B683822134022
:10126000102B00D17BE07B681B6A022B56D13F4BD1
:101270001A683E4B42490A401A60FDF76FF90300B5
:101280003B6108E0FDF76AF902003B69D31A022BC3
:1012900001D90323AEE0354B1A6880239B04134029
:1012A000F0D1324BDB68374A134019007B685A6A29
:1012B0007B689B6A1A437B68DB6A1B021A437B6864
:1012C0001B6B1A437B685B6B1A437B689B6B1A43EF
:1012D000264B0A43DA60254B1A68244B80214904C7
:1012E0000A431A60214BDA68204B802149050A43E2
:1012F000DA60FDF733F903003B6108E0FDF72EF9F2
:1013000002003B69D31A022B01D9032372E0174B69
:101310001A6880239B041340F0D06AE0134B1A68CC
:10132000124B17490A401A60FDF718F903003B6198
:1013300008E0FDF713F902003B69D31A022B01D92B
:10134000032357E0094B1A6880239B041340F0D114
:10135000064BDA68054B0C490A40DA6049E07B68C5
:101360001B6A012B12D1012344E0C0460010024049
:101370000070004088130000FFFFFFEFFFFFBFFF7A
:10138000FFFFFFFE8C80C111FCFFFEEE1B4BDB68F4
:101390007B617B6903221A407B685B6A9A4226D193
:1013A0007B6970221A407B689B6A9A421FD17A69D6
:1013B000FE23DB011A407B68DB6A1B029A4216D1CE
:1013C0007A69F8239B031A407B681B6B9A420ED103
:1013D0007A69E0231B051A407B685B6B9A4206D151
:1013E0007B695B0F5A077B689B6B9A4201D0012394
:1013F00000E000231800BD4608B080BD0010024088
:1014000080B584B000AF786039607B68002B01D173
:101410000123E9E0764B1B68072213403A689A42A1
:101420001ED9734B1B68072293431900704B3A680F
:101430000A431A60FDF792F80300FB6009E0FDF72C
:101440008DF80200FB68D31A6A4A934201D903233C
:10145000CAE0674B1B68072213403A689A42EED1F4
:101460007B681B680222134015D07B681B6804222E
:10147000134006D0604B9A685F4BE021C9010A43D4
:101480009A605D4B9B685D4A134019007B689A68BF
:10149000594B0A439A607B681B680122134057D05E
:1014A0007B685B68012B07D1534B1A6880239B0232
:1014B00013402BD1012397E07B685B68022B07D197
:1014C0004D4B1A6880239B0413401FD101238BE0EE
:1014D0007B685B68002B07D1474B1A688023DB00D1
:1014E000134013D101237FE07B685B68032B06D197
:1014F000414B1B6E0222134008D1012374E03E4B86
:10150000DB6D0222134001D101236DE03A4B9B6851
:101510000722934319007B685A68374B0A439A6045
:10152000FDF71CF80300FB6009E0FDF717F8020067
:10153000FB68D31A2F4A934201D9032354E02E4B60
:101540009B6838221A407B685B68DB009A42ECD1CA
:10155000274B1B68072213403A689A421ED2244B3D
:101560001B68072293431900214B3A680A431A600B
:10157000FCF7F4FF0300FB6009E0FCF7EFFF02005B
:10158000FB68D31A1B4A934201D903232CE0184B62
:101590001B68072213403A689A42EED17B681B68A9
:1015A0000422134009D0144B9B68154A13401900BC
:1015B0007B68DA68104B0A439A6000F029F8010052
:1015C0000D4B9B681B0A0F221A400E4B9200D358FA
:1015D0001F2213400A00DA400B4B1A600B4B1B68AA
:1015E0001800FCF75FFF03001800BD4604B080BD83
:1015F000002002408813000000100240FFF0FFFFAF
:10160000FF8FFFFF20FB0208240200203C02002085
:1016100080B586B000AF3C4B9B68382213400FD199
:10162000394B1B68DB0A0722134001229A40130042
:101630003B6039683548DEF78DFD03003B615DE0B6
:10164000314B9B6838221340082B02D1304B3B6151
:1016500054E02D4B9B6838221340102B38D12A4B75
:10166000DB6803221340FB60274BDB681B09072262
:1016700013400133BB60FB68032B0DD1B9682448CC
:10168000DEF768FD030019001F4BDB681B0A7F2291
:1016900013404B437B610DE0B9681C48DEF75AFDEF
:1016A00003001900184BDB681B0A7F2213404B43D1
:1016B0007B61C046144BDB685B0F0722134001338C
:1016C0007B6079687869DEF745FD03003B6115E0D2
:1016D0000D4B9B6838221340202B03D180231B0223
:1016E0003B610BE0084B9B6838221340182B03D159
:1016F000FA23DB013B6101E000233B613B691800F9
:10170000BD4606B080BDC046001002400024F40073
:1017100000127A0080B500AF024B1B681800BD466E
:1017200080BDC04624020020B0B500AFFFF7F2FF35
:101730000400FFF7F9FA03001A0B054B9200D35887
:101740001F221340DC4023001800BD46B0BDC04638
:1017500060FB020880B586B000AF78601323FB18E9
:1017600000221A701223FB1800221A707B681A6874
:1017700080239B02134000D1ADE011203B180022D2
:101780001A70474BDA6B80235B05134010D1444B32
:10179000DA6B434B802149050A43DA63404BDA6B2D
:1017A00080235B051340BB60BB683B1801221A70A5
:1017B0003C4B1A683B4B802149000A431A60FCF7F6
:1017C000CDFE0300FB600BE0FCF7C8FE0200FB68E7
:1017D000D31A022B04D91323FB1803221A7005E035
:1017E000304B1A6880235B001340EDD01323FB18A5
:1017F0001B78002B5ED12A4BDA6DC0239B0013406F
:101800007B617B69002B19D07B681B6C7A699A42DB
:1018100014D0234BDB6D244A13407B61204BDA6DDF
:101820001F4B802149020A43DA651D4BDA6D1C4BC0
:101830001E490A40DA651A4B7A69DA657B6901222A
:10184000134016D0FCF78AFE0300FB600CE0FCF7A7
:1018500085FE0200FB68D31A154A934204D913236C
:10186000FB1803221A7004E00D4BDB6D02221340BB
:10187000EDD01323FB181B78002B0AD1084BDB6D2E
:10188000094A134019007B681A6C054B0A43DA6554
:1018900016E01223FB181322BA1812781A700FE000
:1018A0000010024000700040FFFCFFFFFFFFFEFF42
:1018B000881300001223FB181322BA1812781A702A
:1018C0001123FB181B78012B05D1B64BDA6BB54BF6
:1018D000B5490A40DA637B681B680122134009D0CE
:1018E000B04B5B6D0322934319007B685A68AD4B84
:1018F0000A435A657B681B680222134009D0A94B32
:101900005B6D0C22934319007B689A68A54B0A43D0
:101910005A657B681B680422134009D0A14B5B6D9C
:101920003022934319007B68DA689E4B0A435A655C
:101930007B681B681022134009D09A4B5B6D9B4A51
:10194000134019007B681A69964B0A435A657B68F5
:101950001A6880235B01134009D0924B5B6D944A57
:10196000134019007B685A698E4B0A435A657B689D
:101970001A6880239B00134009D08A4B5B6D8D4A07
:10198000134019007B689A6A864B0A435A657B6844
:101990001A688023DB00134009D0824B5B6D864AB6
:1019A000134019007B68DA6A7E4B0A435A657B68EC
:1019B0001B682022134009D07A4B5B6D7F4A13408D
:1019C00019007B689A69774B0A435A657B681B68E4
:1019D0004022134009D0734B5B6D794A13401900C4
:1019E0007B68DA696F4B0A435A657B681A68802303
:1019F000DB01134015D06B4B5B6D9B0099087B6836
:101A00001A6B684B0A435A657B681A6B8023DB05A7
:101A10009A4206D1634BDA68624B802149020A433D
:101A2000DA607B681A6880231B03134009D05D4B82
:101A30005B6D4022934319007B685A6B594B0A43F4
:101A40005A657B681A6880239B03134016D0554B58
:101A50005B6D5C4A134019007B689A6B514B0A43DB
:101A60005A657B689A6B8023DB039A4206D14D4B03
:101A7000DA684C4B802149040A43DA607B681A68B3
:101A80008023DB03134016D0464B5B6D4E4A134058
:101A900019007B68DA6B434B0A435A657B68DA6B43
:101AA00080235B049A4206D13E4BDA683D4B80218D
:101AB00049040A43DA607B681A6880231B011340DB
:101AC00014D0384B9B6D0322934319007B681A6A2C
:101AD000344B0A439A657B681B6A012B06D1314B54
:101AE000DA68304B802149020A43DA607B681A6861
:101AF00080239B01134014D02A4B9B6D0C229343EF
:101B000019007B685A6A274B0A439A657B685B6AAF
:101B1000042B06D1234BDA68224B802149020A4369
:101B2000DA607B681A6880235B04134016D01D4B73
:101B30009B6D224A134019007B685A6C194B0A436B
:101B40009A657B685A6C80239B019A4206D1154B9B
:101B5000DA68144B802149040A43DA607B681A680A
:101B600080239B04134016D00E4B9B6D104A1340EC
:101B700019007B689A6C0B4B0A439A657B689A6CD8
:101B800080235B009A4206D1064BDA68054B802120
:101B900049040A43DA601223FB181B781800BD467B
:101BA00006B080BD00100240FFFFFFEFFFF3FFFF14
:101BB000FFFCFFFFFFFFF3FFFFFFCFFFFFCFFFFFA4
:101BC000FF3FFFFFFFFFBFFFFFFFFFFEB0B584B089
:101BD00000AF78600F23FB1801221A707B68002B7E
:101BE00000D18CE07B6829229B5CDBB2002B0BD1FF
:101BF0007B682822002199547B68882212025A604F
:101C00007B681800F4F702FB7B68292202219954B3
:101C10007B681B68DB6810221340102B62D07B6846
:101C20001B68CA225A627B681B6853225A620F25BE
:101C30007C197B68180000F011FB0300237028005A
:101C40003B181B78002B2CD17B681B689A697B683A
:101C50001B682E490A409A617B681B6899697B68FA
:101C60009A687B685B691A437B68DB691A437B6807
:101C70001B680A439A617B681B687A6812691A615B
:101C80007B681B6819697B68DB681A047B681B68C2
:101C90000A431A613C187B68180000F021FB03001E
:101CA00023700F23FB181B78002B16D17B681B6851
:101CB0009A697B681B68D200D2089A617B681B68AE
:101CC00099697B685A6A7B681B6A1A437B689B69BF
:101CD0001A437B681B680A439A617B681B68FF2272
:101CE0005A6203E00F23FB1800221A700F23FB181F
:101CF0001B78002B03D17B682922012199540F23E3
:101D0000FB181B781800BD4604B0B0BDBFFF8FFBA9
:101D1000B0B584B000AF78607B6829220221995465
:101D20007B681B68CA225A627B681B6853225A620E
:101D30000F257C197B68180000F090FA03002370CF
:101D40007B191B78002B5CD17B681B6800221A6012
:101D50007B681B68394A5A607B681B689A697B6894
:101D60001B6807210A409A61FCF7F8FB0300BB607F
:101D700012E0FCF7F3FB0200BB68D21AFA239B00C7
:101D80009A4209D97B681B68FF225A627B68292224
:101D90000321995403234CE07B681B68DB68042211
:101DA0001340E6D07B681B689B697B681B68002238
:101DB0009A617B681B68224A5A617B681B68214ACA
:101DC0001A617B681B6800221A647B681B6800220A
:101DD0009A647B681B680022DA627B681B680022B9
:101DE0009A627B681B6800225A647B681B68002229
:101DF000DA640F23FC187B68180000F071FA030006
:101E000023707B681B68FF225A620F23FB181B7824
:101E1000002B07D17B681800F4F732FA7B6829227F
:101E2000002199547B682822002199540F23FB1824
:101E30001B781800BD4604B0B0BDC04601210000AB
:101E4000FFFF0000FF007F00B0B586B000AFF86074
:101E5000B9607A60FB6828229B5C012B01D10223C8
:101E600092E0FB68282201219954FB682922022173
:101E70009954FB681B68CA225A62FB681B6853228C
:101E80005A6213257C19FB68180000F0E7F903007B
:101E900023707B191B78002B62D17B68002B25D126
:101EA000FB681B689B694022134002D1BB6800227B
:101EB000DA70BB681B78180000F056FA03001C04A7
:101EC000BB685B78180000F04FFA03001B021C434C
:101ED000BB689B78180000F047FA030022001A4301
:101EE000BB68DB789B0513437B6117E0FB681B68CD
:101EF0009B694022134002D1BB680022DA70BB68A4
:101F00001B781A04BB685B781B021343BA6892788B
:101F10001A43BB68DB789B0513437B61FB681B6836
:101F20007A691B490A401A60FB681B689A69FB685A
:101F30001B6818490A409A61FB681B689969BB686D
:101F4000DA68BB681B691A43FB681B680A439A611D
:101F50001323FC18FB68180000F0C2F9030023707B
:101F6000FB681B68FF225A621323FB181B78002BA7
:101F700003D1FB68292201219954FB682822002102
:101F800099541323FB181B781800BD4606B0B0BD4A
:101F90007F7F7F00FFFFFBFF80B586B000AFF8605A
:101FA000B9607A60FB681B689A68BB685A60FB6816
:101FB0001B681B695B045A0CBB689A60FB681B6852
:101FC0001B68224A13407B617B691B0CDBB23F22FA
:101FD0001340DAB2BB681A707B691B0ADBB27F223E
:101FE0001340DAB2BB685A707B69DBB27F221340C0
:101FF000DAB2BB689A707B699B0DDBB20122134099
:10200000DAB2BB68DA707B68002B1AD1BB681B7828
:10201000180000F0D1F903001A00BB681A70BB6801
:102020005B78180000F0C8F903001A00BB685A700A
:10203000BB689B78180000F0BFF903001A00BB686A
:102040009A7000231800BD4606B080BD7F7F7F00D8
:10205000B0B586B000AFF860B9607A60FB6828223E
:102060009B5C012B01D102237EE0FB682822012129
:102070009954FB682922022199547B68002B0ED1C8
:10208000BB685B781A001023134008D0BB685B78EC
:1020900010229343DBB20A33DAB2BB685A707B6812
:1020A000002B1CD1BB68DB78180000F05DF9030041
:1020B0001C04BB685B78180000F056F903001B0293
:1020C0001C43BB689B78180000F04EF90300220007
:1020D0001A43BB681B785B0313437B610EE0BB684C
:1020E000DB781A04BB685B781B021343BA689278EA
:1020F0001A43BB681B785B0313437B61FB681B6857
:10210000CA225A62FB681B6853225A6213257C1943
:10211000FB68180000F0A2F80300237028003B18A9
:102120001B78002B0CD1FB681B687A6910490A40A8
:102130005A603C18FB68180000F0D2F803002370C6
:10214000FB681B68FF225A621323FB181B78002BC5
:1021500003D1FB68292201219954FB682822002120
:1021600099541323FB181B781800BD4606B0B0BD68
:102170003FFFFF0080B586B000AFF860B9607A60BD
:10218000FB681B685B68214A13407B617B691B0C01
:10219000DAB2BB68DA707B691B0ADBB21F2213401C
:1021A000DAB2BB685A707B69DBB23F221340DAB205
:1021B000BB689A707B695B0BDBB207221340DAB213
:1021C000BB681A707B68002B1AD1BB68DB781800DB
:1021D00000F0F2F803001A00BB68DA70BB685B78A5
:1021E000180000F0E9F803001A00BB685A70BB68D9
:1021F0009B78180000F0E0F803001A00BB689A70A2
:1022000000231800BD4606B080BDC0463FFFFF005A
:1022100080B584B000AF78607B681B680E4ADA60D6
:10222000FCF79CF90300FB600AE0FCF797F9020059
:10223000FB68D21AFA239B009A4201D9032306E0D5
:102240007B681B68DB6820221340EED00023180057
:10225000BD4604B080BDC0465F00010080B584B0BB
:1022600000AF78600F23FB1800221A707B681B6890
:10227000DB68402213402CD17B681B68DA687B68DE
:102280001B6880210A43DA60FCF768F90300BB6031
:1022900014E0FCF763F90200BB68D21A0F203B1868
:1022A000391809781970FA239B009A4206D93B180D
:1022B00003221A707B682922032199547B681B68CA
:1022C000DB684022134004D10F23FB181B78032B3B
:1022D000DFD10F23FB181B781800BD4604B080BD6A
:1022E00090B585B000AF78600F243B1900221A70BA
:1022F0001C4BDA681B4B80218A43DA60194B9B69BF
:10230000202213400DD17B681800FFF781FF031EC8
:1023100021D07B682922032199543B1903221A708A
:1023200019E0104B9A690F4B20218A439A617B6810
:102330001800FFF76DFF031E07D07B6829220321D9
:1023400099540F23FB1803221A70064B9A69054B08
:1023500020210A439A610F23FB181B781800BD4601
:1023600005B090BD0028004080B584B000AF0200E9
:10237000FB1D1A700023FB600B23FB18FA1D12785B
:102380001A7008E0FB680133FB600B22BB18BA1817
:1023900012780A3A1A700B217B181B78092BF1D896
:1023A000FB68DBB21B01DAB27B181B781343DBB28C
:1023B0001800BD4604B080BD80B584B000AF0200F7
:1023C000FB1D1A70FB1D1B781B09DBB21A001300E2
:1023D0009B009B185B00FB60FB68DAB2FB1D1B785F
:1023E0000F210B40DBB2D318DBB21800BD4604B09E
:1023F00080BD80B586B000AFF860B9607A60FB68D8
:102400001B681A00FB685B68D3187B617B6901332A
:10241000FF333B61BB689B003A69D3183B613B6962
:102420007A681A60C046BD4606B080BD80B584B0EB
:1024300000AF786039607B681B681A007B685B6856
:10244000D318FB60FB680133FF33BB603B689B0024
:10245000BA68D318BB60BB681B681800BD4604B0DF
:1024600080BD80B582B000AF78607B68002B01D161
:1024700001234AE07B683D229B5CDBB2002B07D145
:102480007B683C22002199547B68180000F041F8D9
:102490007B683D22022199547B681A687B6804336B
:1024A0001900100000F0D4FD7B68482201219954E6
:1024B0007B683E22012199547B683F220121995477
:1024C0007B684022012199547B6841220121995463
:1024D0007B684222012199547B684322012199544F
:1024E0007B684422012199547B684522012199543B
:1024F0007B684622012199547B6847220121995427
:102500007B683D220121995400231800BD4602B08A
:1025100080BD80B582B000AF7860C046BD4602B0D5
:1025200080BD000080B584B000AF78607B683D223C
:102530009B5CDBB2012B01D001233FE07B683D2295
:10254000022199547B681B681E4A934214D07B6811
:102550001A688023DB059A420ED07B681B681A4AF2
:10256000934209D07B681B68184A934204D07B6869
:102570001B68174A934216D17B681B689B68154AF3
:102580001340FB60FB68062B16D0FA6880235B02C1
:102590009A4211D07B681B681A687B681B6801210E
:1025A0000A431A6008E07B681B681A687B681B682E
:1025B00001210A431A6000E0C04600231800BD460E
:1025C00004B080BD002C0140000400400008004021
:1025D000004001400700010080B582B000AF786084
:1025E0007B68002B01D101234AE07B683D229B5C84
:1025F000DBB2002B07D17B683C22002199547B6819
:10260000180000F041F87B683D22022199547B6854
:102610001A687B6804331900100000F019FD7B680C
:102620004822012199547B683E22012199547B68FC
:102630003F22012199547B684022012199547B68F3
:102640004122012199547B684222012199547B68DF
:102650004322012199547B684422012199547B68CB
:102660004522012199547B684622012199547B68B7
:102670004722012199547B683D220121995400236E
:102680001800BD4602B080BD80B582B000AF786052
:10269000C046BD4602B080BD80B584B000AF786052
:1026A00039603B68002B08D17B683E229B5CDBB223
:1026B000013B5A1E9341DBB237E03B68042B08D143
:1026C0007B683F229B5CDBB2013B5A1E9341DBB22D
:1026D0002BE03B68082B08D17B6840229B5CDBB277
:1026E000013B5A1E9341DBB21FE03B680C2B08D123
:1026F0007B6841229B5CDBB2013B5A1E9341DBB2FB
:1027000013E03B68102B08D17B6842229B5CDBB254
:10271000013B5A1E9341DBB207E07B6843229B5C7E
:10272000DBB2013B5A1E9341DBB2002B01D00123E7
:1027300090E03B68002B04D17B683E220221995433
:1027400023E03B68042B04D17B683F22022199548B
:102750001BE03B68082B04D17B684022022199547E
:1027600013E03B680C2B04D17B6841220221995471
:102770000BE03B68102B04D17B6842220221995464
:1027800003E07B684322022199547B681B68396807
:102790000122180001F054F87B681B682F4A93420D
:1027A0000ED07B681B682E4A934209D07B681B6859
:1027B0002C4A934204D07B681B682B4A934201D178
:1027C000012300E00023002B08D07B681B685A6CB3
:1027D0007B681B68802109020A435A647B681B6876
:1027E0001E4A934214D07B681A688023DB059A4204
:1027F0000ED07B681B681D4A934209D07B681B681A
:102800001B4A934204D07B681B68154A934216D139
:102810007B681B689B68174A1340FB60FB68062BAC
:1028200016D0FA6880235B029A4211D07B681B683D
:102830001A687B681B6801210A431A6008E07B68FC
:102840001B681A687B681B6801210A431A6000E054
:10285000C04600231800BD4604B080BD002C0140D6
:102860000040014000440140004801400004004095
:10287000000800400700010080B582B000AF78601A
:1028800039607B681B6839680022180000F0D8FFA7
:102890007B681B68374A93420ED07B681B68364AB8
:1028A000934209D07B681B68344A934204D07B680A
:1028B0001B68334A934201D1012300E00023002B1F
:1028C00013D07B681B681B6A2E4A13400DD17B68AE
:1028D0001B681B6A2C4A134007D17B681B685A6C23
:1028E0007B681B6829490A405A647B681B681B6A1D
:1028F000244A13400DD17B681B681B6A224A13408F
:1029000007D17B681B681A687B681B6801218A43B2
:102910001A603B68002B04D17B683E220121995448
:1029200023E03B68042B04D17B683F2201219954AA
:102930001BE03B68082B04D17B684022012199549D
:1029400013E03B680C2B04D17B6841220121995490
:102950000BE03B68102B04D17B6842220121995483
:1029600003E07B6843220121995400231800BD46EF
:1029700002B080BD002C01400040014000440140F5
:10298000004801401111000044040000FF7FFFFFD8
:1029900080B586B000AFF860B9607A601723FB1885
:1029A00000221A70FB683C229B5C012B01D10223A0
:1029B00048E0FB683C22012199547B68142B35D8F0
:1029C0007B689A00214BD3181B689F46FB681B68E5
:1029D000BA681100180000F0D3FB2CE0FB681B68FC
:1029E000BA681100180000F055FC24E0FB681B6871
:1029F000BA681100180000F0D1FC1CE0FB681B68ED
:102A0000BA681100180000F051FD14E0FB681B6863
:102A1000BA681100180000F0B3FD0CE0FB681B68F9
:102A2000BA681100180000F00BFE04E01723FB1831
:102A300001221A70C046FB683C22002199541723DA
:102A4000FB181B781800BD4606B080BD78FD020853
:102A500080B586B000AFF860B9607A601723FB18C4
:102A600000221A70FB683C229B5C012B01D10223DF
:102A7000E5E0FB683C22012199547B68142B00D9C6
:102A8000D1E07B689A00704BD3181B689F46FB68A7
:102A90001B68BA681100180000F072FBFB681B6825
:102AA0009A69FB681B6808210A439A61FB681B68E6
:102AB0009A69FB681B6804218A439A61FB681B685A
:102AC0009969BB681A69FB681B680A439A61AFE0A1
:102AD000FB681B68BA681100180000F0DBFBFB689C
:102AE0001B689A69FB681B68802109010A439A6187
:102AF000FB681B689A69FB681B6854490A409A6125
:102B0000FB681B689969BB681B691A02FB681B6834
:102B10000A439A618CE0FB681B68BA6811001800D0
:102B200000F03CFCFB681B68DA69FB681B68082145
:102B30000A43DA61FB681B68DA69FB681B680421D9
:102B40008A43DA61FB681B68D969BB681A69FB684C
:102B50001B680A43DA616BE0FB681B68BA68110006
:102B6000180000F0A3FCFB681B68DA69FB681B68AF
:102B7000802109010A43DA61FB681B68DA69FB6896
:102B80001B6832490A40DA61FB681B68D969BB6877
:102B90001B691A02FB681B680A43DA6148E0FB689C
:102BA0001B68BA681100180000F0EAFCFB681B689B
:102BB0005A6DFB681B6808210A435A65FB681B684D
:102BC0005A6DFB681B6804218A435A65FB681B68C1
:102BD000596DBB681A69FB681B680A435A6527E090
:102BE000FB681B68BA681100180000F029FDFB683B
:102BF0001B685A6DFB681B68802109010A435A65EE
:102C0000FB681B685A6DFB681B6810490A405A65CF
:102C1000FB681B68596DBB681B691A02FB681B685F
:102C20000A435A6504E01723FB1801221A70C046B4
:102C3000FB683C22002199541723FB181B781800CD
:102C4000BD4606B080BDC046CCFD0208FFFBFFFFBD
:102C500080B586B000AFF860B9607A601723FB18C2
:102C600000221A70FB683C229B5C012B01D10223DD
:102C70000EE1FB683C2201219954FB683D220221B0
:102C80009954BB685B688022920593422FD08022C2
:102C90009205934254D8022B14D9802252059342B4
:102CA0004ED1FB681B689A68FB681B687A490A402A
:102CB0009A60FB681B681A6DFB681B6801218A43D8
:102CC0001A6542E0FB681B689A68FB681B6808216C
:102CD0008A439A60FB681B681B6D012293431900AD
:102CE000BB685A68FB681B680A431A652DE0BB681D
:102CF000DB68002B09D0FB683D2201219954FB6859
:102D00003C22002199540123C2E0FB681868BB688B
:102D1000D968BB689A68BB681B6900F071FDFB68E5
:102D20001B689A68FB681B6808210A439A60FB6865
:102D30001B681A6DFB681B6801218A431A6504E051
:102D40001723FB1801221A70C0461723FB181B78A3
:102D5000002B00D091E07B68142B00D98CE07B68BD
:102D60009A004E4BD3181B689F46BB681B68002B0C
:102D700008D0FB681B689A69FB681B6880210A43BE
:102D80009A617AE0FB681B689A69FB681B6880217E
:102D90008A439A6171E0BB681B68002B09D0FB680D
:102DA0001B689A69FB681B68802109020A439A61C3
:102DB00063E0FB681B689A69FB681B6838490A4036
:102DC0009A615AE0BB681B68002B08D0FB681B683F
:102DD000DA69FB681B6880210A43DA614DE0FB6811
:102DE0001B68DA69FB681B6880218A43DA6144E06A
:102DF000BB681B68002B09D0FB681B68DA69FB689D
:102E00001B68802109020A43DA6136E0FB681B680F
:102E1000DA69FB681B6822490A40DA612DE0BB6869
:102E20001B68002B08D0FB681B685A6DFB681B6889
:102E300080210A435A6520E0FB681B685A6DFB68D5
:102E40001B6880218A435A6517E0BB681B68002B0A
:102E500009D0FB681B685A6DFB681B68802109025A
:102E60000A435A6509E0FB681B685A6DFB681B68DA
:102E70000B490A405A6500E0C046FB683D2201212B
:102E80009954FB683C22002199541723FB181B78A6
:102E90001800BD4606B080BDF700FFFF20FE020807
:102EA000FF7FFFFF80B584B000AF786039600F23EB
:102EB000FB1800221A707B683C229B5C012B01D11D
:102EC0000223BCE07B683C22012199547B683D22AF
:102ED000022199547B681B689B68BB60BB685A4A97
:102EE0001340BB60BB68594A1340BB607B681B68DA
:102EF000BA689A603B681B6880229201934240D076
:102F000080229201934200D988E0802252019342AC
:102F100000D188E080225201934200D97EE0702BDC
:102F200018D000D97AE0602B4FD000D976E0502B32
:102F30003BD000D972E0402B57D000D96EE0302B47
:102F400063D06BD8202B60D068D8002B5DD0102BBD
:102F50005BD063E07B6818683B6899683B685A6897
:102F60003B68DB6800F04CFC7B681B689B68BB60BF
:102F7000BB6877221343BB607B681B68BA689A60A2
:102F800052E07B6818683B6899683B685A683B6800
:102F9000DB6800F035FC7B681B689A687B681B68FF
:102FA0008021C9010A439A603EE07B6818683B684B
:102FB00059683B68DB681A0000F0A6FB7B681B6859
:102FC0005021180000F000FC2EE07B6818683B6878
:102FD00059683B68DB681A0000F0C4FB7B681B681B
:102FE0006021180000F0F0FB1EE07B6818683B6869
:102FF00059683B68DB681A0000F086FB7B681B6839
:103000004021180000F0E0FB0EE07B681A683B6886
:103010001B681900100000F0D7FB05E00F23FB1818
:1030200001221A7000E0C0467B683D2201219954BC
:103030007B683C22002199540F23FB181B78180051
:10304000BD4604B080BDC04688FFCEFFFF00FFFF35
:1030500080B584B000AF786039607B681B68FB6026
:103060007B683F4A93420CD07A688023DB059A4202
:1030700007D07B683B4A934203D07B683A4A93422D
:1030800008D1FB6870229343FB603B685B68FA6879
:103090001343FB607B68324A93421CD07A688023DA
:1030A000DB059A4217D07B682E4A934213D07B6887
:1030B0002D4A93420FD07B682C4A93420BD07B68F9
:1030C0002B4A934207D07B682A4A934203D07B68FD
:1030D000294A934208D1FB68284A1340FB603B68A9
:1030E000DB68FA681343FB60FB68802293431A0095
:1030F0003B685B691343FB607B68FA681A603B6856
:103100009A687B68DA623B681A687B689A627B68B7
:10311000134A93420BD07B68154A934207D07B68D1
:10312000144A934203D07B68134A934203D13B680D
:103130001A697B681A637B6801225A617B681B6984
:1031400001221340012B06D17B681B6901229343A6
:103150001A007B681A61C046BD4604B080BDC046F7
:10316000002C014000040040000800400020004006
:10317000004001400044014000480140FFFCFFFFC7
:1031800080B586B000AF786039607B681B6A7B6170
:103190007B681B6A012293431A007B681A627B6872
:1031A0005B683B617B689B69FB60FB68324A13404C
:1031B000FB60FB6803229343FB603B681B68FA6873
:1031C0001343FB607B69022293437B613B689B68EE
:1031D0007A6913437B617B68284A93420BD07B68F2
:1031E000274A934207D07B68264A934203D07B68E4
:1031F000254A93420CD17B69082293437B613B684B
:10320000DB687A6913437B617B69042293437B61AA
:103210007B681A4A93420BD07B68194A934207D0C5
:103220007B68184A934203D07B68174A934211D1B6
:103230003B69164A13403B613B69154A13403B61A9
:103240003B685B693A6913433B613B689B693A6938
:1032500013433B617B683A695A607B68FA689A61FC
:103260003B685A687B685A637B687A691A62C04611
:10327000BD4606B080BDC0468FFFFEFF002C01405A
:10328000004001400044014000480140FFFEFFFFB4
:10329000FFFDFFFF80B586B000AF786039607B68C6
:1032A0001B6A7B617B681B6A102293431A007B6850
:1032B0001A627B685B683B617B689B69FB60FB68AB
:1032C0002E4A1340FB60FB682D4A1340FB603B68AD
:1032D0001B681B02FA681343FB607B69202293433F
:1032E0007B613B689B681B017A6913437B617B6848
:1032F000244A93420DD17B69802293437B613B68D2
:10330000DB681B017A6913437B617B69402293432D
:103310007B617B681B4A93420BD07B681A4A9342BD
:1033200007D07B68194A934203D07B68184A9342BE
:1033300013D13B69174A13403B613B69164A13405E
:103340003B613B685B699B003A6913433B613B68A7
:103350009B699B003A6913433B617B683A695A60F9
:103360007B68FA689A613B685A687B689A637B68F5
:103370007A691A62C046BD4606B080BDFF8FFFFE67
:10338000FFFCFFFF002C01400040014000440140D1
:1033900000480140FFFBFFFFFFF7FFFF80B586B04D
:1033A00000AF786039607B681B6A7B617B681B6A51
:1033B000334A1A407B681A627B685B683B617B68B2
:1033C000DB69FB60FB682F4A1340FB60FB6803224C
:1033D0009343FB603B681B68FA681343FB607B699F
:1033E000294A13407B613B689B681B027A6913433F
:1033F0007B617B68254A93420DD17B69244A134047
:103400007B613B68DB681B027A6913437B617B69E4
:10341000204A13407B617B681C4A93420BD07B6837
:103420001D4A934207D07B681C4A934203D07B68B5
:103430001B4A934213D13B691A4A13403B613B69D3
:10344000194A13403B613B685B691B013A691343AE
:103450003B613B689B691B013A6913433B617B6895
:103460003A695A607B68FA68DA613B685A687B6837
:10347000DA637B687A691A62C046BD4606B080BDD1
:10348000FFFEFFFF8FFFFEFFFFFDFFFF002C01404F
:10349000FFF7FFFFFFFBFFFF00400140004401403A
:1034A00000480140FFEFFFFFFFDFFFFF80B586B060
:1034B00000AF786039607B681B6A3B617B681B6A80
:1034C000264A1A407B681A627B685B687B617B686E
:1034D000DB69FB60FB68224A1340FB60FB68214A02
:1034E0001340FB603B681B681B02FA681343FB60D8
:1034F0003B691D4A13403B613B689B681B033A696B
:1035000013433B617B68194A93420BD07B68184A8E
:10351000934207D07B68174A934203D07B68164AD0
:10352000934209D17B69154A13407B613B685B6913
:103530009B017A6913437B617B687A695A607B6877
:10354000FA68DA613B685A687B681A647B683A6992
:103550001A62C046BD4606B080BDC046FFEFFFFF01
:10356000FF8FFFFEFFFCFFFFFFDFFFFF002C01408E
:10357000004001400044014000480140FFBFFFFF00
:1035800080B586B000AF786039607B681B6A3B61AC
:103590007B681B6A234A1A407B681A627B685B68F7
:1035A0007B617B685B6DFB60FB681F4A1340FB60BF
:1035B0003B681B68FA681343FB603B691B4A134076
:1035C0003B613B689B681B043A6913433B617B6822
:1035D000174A93420BD07B68164A934207D07B6808
:1035E000154A934203D07B68144A934209D17B6900
:1035F0000C4A13407B613B685B691B027A69134389
:103600007B617B687A695A607B68FA685A653B68B7
:103610005A687B689A657B683A691A62C046BD46FB
:1036200006B080BDFFFFFEFF8FFFFEFFFFFFFDFF27
:10363000002C01400040014000440140004801408E
:1036400080B586B000AF786039607B681B6A3B61EB
:103650007B681B6A244A1A407B681A627B685B6835
:103660007B617B685B6DFB60FB68204A1340FB60FD
:103670003B681B681B02FA681343FB603B691C4AEA
:1036800013403B613B689B681B053A6913433B61F0
:103690007B68184A93420BD07B68174A934207D045
:1036A0007B68164A934203D07B68154A934209D13E
:1036B0007B69144A13407B613B685B699B027A69B2
:1036C00013437B617B687A695A607B68FA685A6544
:1036D0003B685A687B68DA657B683A691A62C0465B
:1036E000BD4606B080BDC046FFFFEFFFFF8FFFFE67
:1036F000FFFFDFFF002C014000400140004401407B
:1037000000480140FFFFFBFF80B586B000AFF860C6
:10371000B9607A60FB681B6A7B61FB681B6A0122E7
:1037200093431A00FB681A62FB689B693B613B6923
:10373000F02293433B617B681B013A6913433B6171
:103740007B690A2293437B617A69BB6813437B617F
:10375000FB683A699A61FB687A691A62C046BD469D
:1037600006B080BD80B586B000AFF860B9607A6001
:10377000FB681B6A7B61FB681B6A102293431A007B
:10378000FB681A62FB689B693B613B690D4A134009
:103790003B617B681B033A6913433B617B69A02251
:1037A00093437B61BB681B017A6913437B61FB68B0
:1037B0003A699A61FB687A691A62C046BD4606B0EA
:1037C00080BDC046FF0FFFFF80B584B000AF7860BA
:1037D00039607B689B68FB60FB68084A1340FB60AC
:1037E0003A68FB68134307221343FB607B68FA685F
:1037F0009A60C046BD4604B080BDC0468FFFCFFF73
:1038000080B586B000AFF860B9607A603B60FB6855
:103810009B687B617B69094A13407B613B681A02A4
:103820007B681A43BB6813437A6913437B61FB6867
:103830007A699A60C046BD4606B080BDFF00FFFFB2
:1038400080B586B000AFF860B9607A60BB681F22AF
:10385000134001229A4013007B61FB681B6A7A695E
:10386000D2431A40FB681A62FB681A6ABB681F21C0
:103870000B40796899400B001A43FB681A62C046F6
:10388000BD4606B080BD000080B584B000AF786052
:1038900039607B683C229B5C012B01D102235AE0FA
:1038A0007B683C22012199547B683D220221995476
:1038B0007B681B685B68FB607B681B689B68BB6000
:1038C0007B681B68264A934208D1FB68254A13404F
:1038D000FB603B685B68FA681343FB60FB6870221F
:1038E0009343FB603B681B68FA681343FB607B688B
:1038F0001B68FA685A607B681B68194A934214D0A7
:103900007B681A688023DB059A420ED07B681B68AF
:10391000154A934209D07B681B68144A934204D02D
:103920007B681B68124A93420CD1BB688022934388
:10393000BB603B689B68BA681343BB607B681B68CD
:10394000BA689A607B683D22012199547B683C22C9
:103950000021995400231800BD4604B080BDC04624
:10396000002C0140FFFF0FFF000400400008004052
:103970000040014080B582B000AF78607B68002BCA
:1039800001D1012346E07B6888229B58002B07D198
:103990007B688422002199547B681800F3F7E2F8D1
:1039A0007B688822242199507B681B681A687B6891
:1039B0001B6801218A431A607B689B6A002B03D035
:1039C0007B68180001F0D8F87B68180000F07EFDD5
:1039D0000300012B01D101231CE07B681B685A689E
:1039E0007B681B680D490A405A607B681B689A68AF
:1039F0007B681B682A218A439A607B681B681A6867
:103A00007B681B6801210A431A607B68180001F07B
:103A100067F903001800BD4602B080BDFFB7FFFF85
:103A200080B582B000AF78607B68002B01D10123A4
:103A300032E07B688822242199507B681B681A68D1
:103A40007B681B6801218A431A607B681B6800221F
:103A50001A607B681B6800225A607B681B68002222
:103A60009A607B68180000F01BF87B6890220021A8
:103A700099507B688822002199507B688C22002114
:103A800099507B680022DA667B6800221A677B689F
:103A900084220021995400231800BD4602B080BD45
:103AA00080B582B000AF7860C046BD4602B080BD30
:103AB00080B58AB002AFF860B9603B60BB1D1A8068
:103AC000FB6888229B58202B00D090E0BB68002B1D
:103AD00003D0BB1D1B88002B01D1012388E0FB68AC
:103AE0009A6880235B019A4209D1FB681B69002B0D
:103AF00005D1BB680122134001D0012378E0FB68A7
:103B0000902200219950FB68882221219950FAF7D0
:103B100025FD03007B61FB68BA1D542112885A52AF
:103B2000FB68BA1D562112885A52FB689A68802396
:103B30005B019A4208D1FB681B69002B04D100236A
:103B4000FB61BB68BB6103E0BB68FB610023BB6139
:103B500030E07A69F8683B68009313000022802106
:103B600001F068F9031E05D0FB68882220219950D6
:103B700003233DE0FB69002B0BD1BB691B881A00B6
:103B8000FB681B68D205D20D9A62BB690233BB6128
:103B900007E0FB691A78FB681B689A62FB690133CE
:103BA000FB61FB6856229B5A9BB2013B99B2FB68B2
:103BB00056229952FB6856229B5A9BB2002BC8D1C1
:103BC0007A69F8683B68009313000022402101F0F5
:103BD00031F9031E05D0FB68882220219950032368
:103BE00006E0FB68882220219950002300E0022390
:103BF0001800BD4608B080BD80B58CB000AFF8603D
:103C0000B960BB1D1A80FB6888229B58202B00D00E
:103C10008DE0BB68002B03D0BB1D1B88002B01D19E
:103C2000012385E0FB689A6880235B019A4209D1F1
:103C3000FB681B69002B05D1BB680122134001D032
:103C4000012375E0FB68BA681A65FB68BA1D542148
:103C500012885A52FB68BA1D562112885A52FB68C4
:103C600000229A67FB68902200219950FB68882205
:103C700021219950FB685A6E80239B059A422AD1D4
:103C8000FB689A6880235B019A4207D1FB681B6935
:103C9000002B03D1FB68284A9A6702E0FB68274A99
:103CA0009A67EFF31083FB61FB69BB6201233B6200
:103CB0003B6A83F31088C046FB681B689A68FB6800
:103CC0001B68802109040A439A60BB6A7B627B6A95
:103CD00083F3108829E0FB689A6880235B019A428D
:103CE00007D1FB681B69002B03D1FB68144A9A6754
:103CF00002E0FB68134A9A67EFF310833B613B696C
:103D0000FB6201237B617B6983F31088C046FB68FB
:103D10001B681A68FB681B6880210A431A60FB6AEB
:103D2000BB61BB6983F31088C046002300E0022317
:103D30001800BD460CB080BD31560208455502083A
:103D400087540208D353020880B58CB000AF786066
:103D50007B6888229B58FB627B688C229B58BB62E5
:103D60007B681B689B6880221340802B38D1FB6ADC
:103D7000212B35D1EFF310837B617B697B620123BB
:103D8000BB61BB6983F31088C0467B681B689A6877
:103D90007B681B6880218A439A607B6AFB61FB69B0
:103DA00083F31088C0467B68DB6F002B14D07B68E0
:103DB000DB6F1800FCF730F9031E0DD07B68DB6F5A
:103DC0001800FCF7B5FA0300202B05D17B68902280
:103DD00010219950032347E07B68180001F040F957
:103DE0007B681B689B6840221340402B3BD1BB6A19
:103DF000222B38D1EFF31083BB60BB683B620123F9
:103E0000FB60FB6883F31088C0467B681B689A6878
:103E10007B681B6840218A439A603B6A3B613B692F
:103E200083F31088C0467B6880229B58002B16D0F5
:103E30007B6880229B581800FCF7EEF8031E0ED01A
:103E40007B6880229B581800FCF772FA0300202B35
:103E500005D17B68902210219950032304E07B68F0
:103E6000180001F03DF900231800BD460CB080BDDC
:103E7000B0B5AAB000AF78607B681B68DB69A4228C
:103E8000B9180B607B681B681B68A02039180B6091
:103E90007B681B689B689C2439190B601100BB1858
:103EA0001B68A24A13409822BD182B60BB181B68E0
:103EB000002B1AD17B181B682022134015D03B1809
:103EC0001B682022134005D13B191A6880235B052B
:103ED00013400AD07B685B6F002B00D1DCE27B686B
:103EE0005B6F7A6810009847D6E29823FB181B682E
:103EF000002B00D122E19C23FB181B688C4A134045
:103F000006D1A023FB181B688A4A134000D115E193
:103F1000A423FB181B680122134012D0A023FB1816
:103F20001A6880235B0013400BD07B681B6801225A
:103F30001A627B6890229B5801221A437B68902169
:103F40005A50A423FB181B680222134011D09C2353
:103F5000FB181B68012213400BD07B681B680222F0
:103F60001A627B6890229B5804221A437B68902136
:103F70005A50A423FB181B680422134011D09C2321
:103F8000FB181B68012213400BD07B681B680422BE
:103F90001A627B6890229B5802221A437B68902108
:103FA0005A50A423FB181B680822134017D0A023E3
:103FB000FB181B682022134005D19C23FB181B68AB
:103FC0005B4A13400BD07B681B6808221A627B682F
:103FD00090229B5808221A437B6890215A50A423B0
:103FE000FB181A6880231B01134013D0A023FB1871
:103FF0001A688023DB0413400CD07B681B68802286
:1040000012011A627B6890229B5820221A437B6817
:1040100090215A507B6890229B58002B00D13DE2A2
:10402000A423FB181B682022134015D0A023FB18E3
:104030001B682022134006D19C23FB181A6880239A
:104040005B05134008D07B685B6F002B04D07B6856
:104050005B6F7A68100098477B6890229B58942188
:104060007A1813607B681B689B6840221340402BC2
:1040700004D07B181B68282213404CD07B681800A2
:1040800001F02EF87B681B689B6840221340402B90
:104090003CD1EFF310833B663B6E90203A181360DF
:1040A00001237B667B6E83F31088C0467B681B68A8
:1040B0009A687B681B6840218A439A603B181B689A
:1040C000BB66BB6E83F31088C0467B6880229B581A
:1040D000002B16D07B6880229B58174A9A637B6816
:1040E00080229B581800FBF7F7FF031E1CD07B684B
:1040F00080229B589B6B7A68802152581000984709
:1041000012E07B681800F1F75BFD0DE07B6818009A
:10411000F1F756FD08E07B681800F1F751FD7B6868
:10412000902200219950B9E1C046B7E10F08000084
:104130000100001020010004A55302087B68DB6E1B
:10414000012B00D03EE1A423FB181B681022134072
:1041500000D137E1A023FB181B681022134000D1C7
:1041600030E17B681B6810221A627B681B689B68C1
:1041700040221340402B00D0A4E07B6880229B5853
:104180001B685A687E217B181A807B181B88002BBD
:1041900000D185E17B685C229B5A7A1812889A428A
:1041A00000D37DE17B687A185E2112885A527B68C1
:1041B00080229B581B681B682022134070D1EFF3AC
:1041C00010833B633B6BBB6701237B637B6B83F398
:1041D0001088C0467B681B681A687B681B68B449F6
:1041E0000A401A60BB6FBB63BB6B83F31088C04689
:1041F000EFF31083FB63FB6B7B6701233B643B6C3A
:1042000083F31088C0467B681B689A687B681B68CC
:1042100001218A439A607B6F7B647B6C83F31088F7
:10422000C046EFF31083BB64BB6C3B670123FB64A8
:10423000FB6C83F31088C0467B681B689A687B68B8
:104240001B6840218A439A603B6F3B653B6D83F35B
:104250001088C0467B688C22202199507B68002200
:10426000DA66EFF310837B657B6DFB660123BB652C
:10427000BB6D83F31088C0467B681B681A687B6837
:104280001B6810218A431A60FB6EFB65FB6D83F38C
:104290001088C0467B6880229B581800FBF7BCFE44
:1042A0007B6802221A677B685C229A5A7B685E21CF
:1042B0005B5A9BB2D31A9AB27B6811001800F1F7CF
:1042C000D1F9EDE07B685C22995A7B685E229B5AAB
:1042D0009AB28E203B188A1A1A807B685E229B5AFB
:1042E0009BB2002B00D1DDE03B181B88002B00D1D6
:1042F000D8E0EFF31083FB60FB6888243A19136061
:1043000001233B613B6983F31088C0467B681B68CF
:104310001A687B681B6867490A401A603B191B686A
:104320007B617B6983F31088C046EFF31083BB6128
:10433000BB6984243A1913600123FB61FB6983F391
:104340001088C0467B681B689A687B681B685A495E
:104350000A409A603B191B683B623B6A83F31088F2
:10436000C0467B688C22202199507B680022DA6647
:104370007B6800225A67EFF310837B627B6A80249C
:104380003A1913600123BB62BB6A83F31088C046ED
:104390007B681B681A687B681B6810218A431A6057
:1043A0003B191B68FB62FB6A83F31088C0467B687D
:1043B00002221A673B181A887B6811001800F1F76F
:1043C00051F96FE0A423FB181A6880235B031340A4
:1043D00010D09C23FB181A688023DB03134009D0FC
:1043E0007B681B68802252031A627B681800F1F711
:1043F00059FC5AE0A423FB181B688022134016D0F6
:10440000A023FB181B688022134006D19C23FB18B5
:104410001A6880231B04134009D07B689B6F002B14
:1044200042D07B689B6F7A68100098473CE0A423D9
:10443000FB181B68402213400AD0A023FB181B68FE
:104440004022134004D07B68180001F06BF92CE087
:10445000A423FB181A6880231B0413400BD0A0234D
:10446000FB181A688023DB05134004D07B68180012
:1044700001F08CF919E0A423FB181A6880235B046F
:10448000134012D0A023FB181B68002B0DDA7B68A9
:10449000180001F073F908E0C04606E0C04604E0E9
:1044A000C04602E0C04600E0C046BD462AB0B0BDEE
:1044B000FFFEFFFFDFFEFFFFFEFFFFEF80B582B0D4
:1044C00000AF7860C046BD4602B080BDB0B590B0C8
:1044D00000AF78621A2320229B18DB1900221A7081
:1044E0007B6A9A687B6A1B691A437B6A5B691A4319
:1044F0007B6ADB691343FB637B6A1B681B68C14AE9
:10450000134019007B6A1A68FB6B0B4313607B6ACC
:104510001B685B68BC4A134018007B6AD9687B6AD9
:104520001A6803000B4353607B6A9B69FB637B6AD9
:104530001B68B64A934209D07B6A1B68B44A93420F
:1045400004D07B6A1B6AFA6B1343FB637B6A1B68AC
:104550009B68B04A134019007B6A1A68FB6B0B43D7
:1045600093607B6A1B68DB6A0F22934318007B6AA7
:10457000596A7B6A1A6803000B43D3627B6A1B6823
:10458000A54A934231D1A54B5B6D03221340032B07
:104590001DD023D8022B0CD020D8002B02D0012B09
:1045A0000ED01BE01B2320229B18DB1900221A705F
:1045B00054E11B2320229B18DB1902221A704DE1C3
:1045C0001B2320229B18DB1904221A7046E11B23AF
:1045D00020229B18DB1908221A703FE11B2320229E
:1045E0009B18DB1910221A7038E17B6A1B688C4A11
:1045F000934231D1894B5B6D0C2213400C2B1DD0A3
:1046000023D8082B0CD020D8002B02D0042B0ED09E
:104610001BE01B2320229B18DB1900221A701DE1CE
:104620001B2320229B18DB1902221A7016E11B2380
:1046300020229B18DB1904221A700FE11B23202271
:104640009B18DB1908221A7008E11B2320229B18F3
:10465000DB1910221A7001E17B6A1B68714A9342D0
:1046600031D16E4B5B6D30221340302B1DD023D8DF
:10467000202B0CD020D8002B02D0102B0ED01BE00A
:104680001B2320229B18DB1900221A70E6E01B2353
:1046900020229B18DB1902221A70DFE01B23202244
:1046A0009B18DB1904221A70D8E01B2320229B18C8
:1046B000DB1908221A70D1E01B2320229B18DB197A
:1046C00010221A70CAE07B6A1B68574A934206D1CF
:1046D0001B2320229B18DB1900221A70BEE07B6A84
:1046E0001B68524A934206D11B2320229B18DB19D8
:1046F00000221A70B2E07B6A1B684D4A934206D1D1
:104700001B2320229B18DB1900221A70A6E07B6A6B
:104710001B683E4A93423ED1404B5A6DC0231B0159
:104720001340C0221201934227D0C02212019342AB
:104730002AD880221201934211D080221201934282
:1047400022D8002B04D08022D20093420ED01BE04E
:104750001B2320229B18DB1900221A707EE01B23EA
:1047600020229B18DB1902221A7077E01B232022DB
:104770009B18DB1904221A7070E01B2320229B185F
:10478000DB1908221A7069E01B2320229B18DB1911
:1047900010221A7062E07B6A1B681D4A934257D14F
:1047A0001E4B5A6DC0239B001340C02292009342BF
:1047B00040D0C0229200934243D88022920093427C
:1047C00011D08022920093423BD8002B04D080224B
:1047D000520093420ED034E01B2320229B18DB1999
:1047E00000221A703AE01B2320229B18DB190222B8
:1047F0001A7033E01B2320229B18DB1904221A7045
:104800002CE0C046F369FFCFFFCFFFFF00800040E0
:1048100000840040FFF4FF11003801400010024006
:104820000044004000480040004C00400050004060
:10483000003C01401B2320229B18DB1908221A7020
:104840000CE01B2320229B18DB1910221A7005E0B4
:104850001B2320229B18DB1910221A707B6A1B680D
:10486000C14A934205D07B6A1B68C04A934200D07C
:1048700093E01B2320229B18DB191B78082B15D0F3
:1048800018DC042B0DD015DC002B02D0022B05D038
:1048900010E0FCF749FF03007B6314E0B44B7B633B
:1048A00011E0FCF7B5FE03007B630CE080231B02E4
:1048B0007B6308E000237B631A2320229B18DB190B
:1048C00001221A70C0467B6B002B00D135E17B6A58
:1048D0005A6AA84B5200D35A1900786BDBF73AFC9E
:1048E0000300BB627B6A5A6813005B009B18BA6ABC
:1048F0009A4205D37B6A5B681B03BA6A9A4206D95F
:104900001A2320229B18DB1901221A7044E07B6BCA
:10491000BB610023FB617B6A5A6A964B5200D35AF3
:104920003B6100237B613A697B69B869F969DBF710
:10493000FFFD02000B00110E1D020D4314027B6AE5
:104940005B685B08BB600023FB60B868F96800190E
:1049500069417B6A5B683B6000237B603A687B68E7
:10496000DBF7E6FD02000B0013003B633A6BC0234C
:104970009B009A4209D33A6B80235B039A4204D28C
:104980007B6A1B683A6BDA6006E01A2320229B18C8
:10499000DB1901221A70D0E0CFE07B6ADA6980234C
:1049A0001B029A4200D070E01B2320229B18DB19C7
:1049B0001B78082B15D018DC042B0DD015DC002B30
:1049C00002D0022B05D010E0FCF7AEFE03007B63A3
:1049D00014E0674B7B6311E0FCF71AFE03007B6376
:1049E0000CE080231B027B6308E000237B631A2317
:1049F00020229B18DB1901221A70C0467B6B002B0A
:104A000000D19AE07B6A5A6A5A4B5200D35A190075
:104A1000786BDBF79FFB03005A007B6A5B685B08DF
:104A2000D2187B6A5B6819001000DBF793FB030068
:104A30003B633B6B0F2B21D93A6B80235B029A427D
:104A40001CD23B6B9AB20E2020240319DB190F21D4
:104A50008A431A803B6B5B089BB20722134099B2D2
:104A60000319DB190219D21912880A431A807B6ACA
:104A70001B680219D2191288DA605EE01A2320221C
:104A80009B18DB1901221A7057E01B2320229B1868
:104A9000DB191B78082B15D018DC042B0DD015DC86
:104AA000002B02D0022B05D010E0FCF73DFE0300E6
:104AB0007B6314E02E4B7B6311E0FCF7A9FD030040
:104AC0007B630CE080231B027B6308E000237B6395
:104AD0001A2320229B18DB1901221A70C0467B6B17
:104AE000002B2AD07B6A5A6A224B5200D35A1900F3
:104AF000786BDBF72FFB03001A007B6A5B685B08AF
:104B0000D2187B6A5B6819001000DBF723FB0300F7
:104B10003B633B6B0F2B0AD93A6B80235B029A42B3
:104B200005D23B6B9AB27B6A1B68DA6005E01A23F8
:104B300020229B18DB1901221A707B6A6A2201214C
:104B400099527B6A6822012199527B6A00225A6736
:104B50007B6A00229A671A2320229B18DB191B7894
:104B60001800BD4610B0B0BD008000400084004079
:104B70000024F4007CFE020880B582B000AF7860AB
:104B80007B689B6A082213400BD07B681B685B68BC
:104B90004A4A134019007B689A6B7B681B680A437A
:104BA0005A607B689B6A012213400BD07B681B68AC
:104BB0005B68434A134019007B68DA6A7B681B68AC
:104BC0000A435A607B689B6A022213400BD07B68C1
:104BD0001B685B683B4A134019007B681A6B7B6853
:104BE0001B680A435A607B689B6A042213400BD0FF
:104BF0007B681B685B68344A134019007B685A6BFA
:104C00007B681B680A435A607B689B6A10221340CA
:104C10000BD07B681B689B682C4A134019007B688B
:104C2000DA6B7B681B680A439A607B689B6A202268
:104C300013400BD07B681B689B68254A1340190002
:104C40007B681A6C7B681B680A439A607B689B6A66
:104C5000402213401DD07B681B685B681D4A1340CF
:104C600019007B685A6C7B681B680A435A607B6832
:104C70005A6C80235B039A420BD17B681B685B688C
:104C8000154A134019007B689A6C7B681B680A43BD
:104C90005A607B689B6A802213400BD07B681B683C
:104CA0005B680E4A134019007B68DA6C7B681B68EE
:104CB0000A435A60C046BD4602B080BDFF7FFFFF79
:104CC000FFFFFDFFFFFFFEFFFFFFFBFFFFEFFFFF0B
:104CD000FFDFFFFFFFFFEFFFFFFF9FFFFFFFF7FF7C
:104CE00080B592B002AF78607B6890220021995025
:104CF000F9F734FC0300FB637B681B681B68082220
:104D00001340082B2DD1FB6B802291037868474A12
:104D10000092002200F08EF8031E22D0EFF31083E1
:104D20007B627B6ABB630123BB62BB6A83F310882F
:104D3000C0467B681B681A687B681B6880218A43B1
:104D40001A60BB6BFB62FB6A83F31088C0467B680A
:104D50008822202199507B688422002199540323C2
:104D600060E07B681B681B6804221340042B46D15B
:104D7000FB6B8022D10378682C4A0092002200F05D
:104D800059F8031E3BD0EFF31083FB60FB687B6395
:104D900001233B613B6983F31088C0467B681B6835
:104DA0001A687B681B6822490A401A607B6B7B612A
:104DB0007B6983F31088C046EFF31083BB61BB6946
:104DC0003B630123FB61FB6983F31088C0467B686A
:104DD0001B689A687B681B6801218A439A603B6B59
:104DE0003B623B6A83F31088C0467B688C2220219B
:104DF00099507B68842200219954032312E07B6838
:104E00008822202199507B688C22202199507B6830
:104E10000022DA667B6800221A677B688422002100
:104E2000995400231800BD4610B080BDFFFFFF015C
:104E3000DFFEFFFF80B584B000AFF860B9603B6073
:104E4000FB1D1A7051E0BB6901334ED0F9F786FBA8
:104E500002003B68D31ABA699A4202D3BB69002B9D
:104E600001D1032351E0FB681B681B680422134037
:104E70003BD0BB68802B38D0BB68402B35D0FB685B
:104E80001B68DB6908221340082B11D1FB681B68E3
:104E900008221A62FB68180000F022F9FB689022D1
:104EA00008219950FB6884220021995401232CE0A9
:104EB000FB681B68DA6980231B011A4080231B01F1
:104EC0009A4212D1FB681B68802212011A62FB68A9
:104ED000180000F005F9FB68902220219950FB682A
:104EE00084220021995403230FE0FB681B68DB69CF
:104EF000BA681340BA68D31A5A425341DBB21A0057
:104F0000FB1D1B789A429ED000231800BD4604B0BA
:104F100080BD000080B590B000AFF860B960BB1DE7
:104F20001A80FB68BA689A65FB68BA1D5C21128812
:104F30005A52FB68902200219950FB688C22222152
:104F40009950FB6880229B58002B2DD0FB68802253
:104F50009B58404ADA62FB6880229B583E4A1A639B
:104F6000FB6880229B583D4A5A63FB6880229B580D
:104F700000229A63FB6880229858FB681B682433E0
:104F80001900FB689B6D1A00BB1D1B88FAF7BEFF5A
:104F9000031E09D0FB68902210219950FB688C22D7
:104FA00020219950012350E0FB681B69002B19D088
:104FB000EFF31083BB62BB6AFB630123FB62FB6AF6
:104FC00083F31088C046FB681B681A68FB681B687F
:104FD000802149000A431A60FB6B3B633B6B83F300
:104FE0001088C046EFF310833B613B69BB6301232C
:104FF0007B617B6983F31088C046FB681B689A68F5
:10500000FB681B6801210A439A60BB6BBB61BB69EB
:1050100083F31088C046EFF31083FB61FB697B6369
:1050200001233B623B6A83F31088C046FB681B6820
:105030009A68FB681B6840210A439A607B6B7B621D
:105040007B6A83F31088C04600231800BD4610B069
:1050500080BDC046AD510208DD5202081F53020850
:1050600080B58AB000AF7860EFF31083BB60BB6897
:105070007B620123FB60FB6883F31088C0467B687A
:105080001B681A687B681B68C0218A431A607B6AA8
:105090003B613B6983F31088C046EFF310837B616B
:1050A0007B693B620123BB61BB6983F31088C04607
:1050B0007B681B689A687B681B6808490A409A608D
:1050C0003B6AFB61FB6983F31088C0467B688822DA
:1050D00020219950C046BD460AB080BDFFFF7FFF2A
:1050E00080B58EB000AF7860EFF310837B617B6991
:1050F0007B630123BB61BB6983F31088C0467B6877
:105100001B681A687B681B6826490A401A607B6B1B
:10511000FB61FB6983F31088C046EFF310833B62A9
:105120003B6A3B6301237B627B6A83F31088C04642
:105130007B681B689A687B681B681B490A409A60F9
:105140003B6BBB62BB6A83F31088C0467B68DB6E37
:10515000012B18D1EFF31083BB60BB68FB62012306
:10516000FB60FB6883F31088C0467B681B681A6885
:105170007B681B6810218A431A60FB6A3B613B69AC
:1051800083F31088C0467B688C22202199507B686D
:105190000022DA667B6800225A67C046BD460EB020
:1051A00080BDC046DFFEFFFFFEFFFFEF80B594B07D
:1051B00000AF78607B689B6AFB647B681B681B6838
:1051C000202213406FD1FB6C5E2200219952EFF335
:1051D0001083BB61BB69BB640123FB61FB6983F383
:1051E0001088C046FB6C1B681A68FB6C1B683A4948
:1051F0000A401A60BB6C3B623B6A83F31088C0466E
:10520000EFF310837B627B6A7B640123BB62BB6A22
:1052100083F31088C046FB6C1B689A68FB6C1B68A4
:1052200001218A439A607B6CFB62FB6A83F31088DE
:10523000C046EFF310833B633B6B3B6401237B630E
:105240007B6B83F31088C046FB6C1B689A68FB6C11
:105250001B6840218A439A603B6CBB63BB6B83F342
:105260001088C046FB6C8C2220219950FB6CDB6EB1
:10527000012B18D1EFF31083FB60FB68FB63012364
:105280003B613B6983F31088C046FB6C1B681A685E
:10529000FB6C1B6810218A431A60FB6B7B617B6986
:1052A00083F31088C046FB6C00221A67FB6CDB6E30
:1052B000012B08D1FB6C5C229A5AFB6C1100180080
:1052C000F0F7D0F903E0FB6C1800F0F7E3FCC04600
:1052D000BD4614B080BDC046FFFEFFFF80B584B060
:1052E00000AF78607B689B6AFB60FB6801221A67ED
:1052F000FB68DB6E012B0AD1FB685C229B5A5B08C2
:105300009AB2FB6811001800F0F7ACF903E0FB68F3
:105310001800FFF7D3F8C046BD4604B080BD80B585
:1053200086B000AF78607B689B6A7B617B6988226E
:105330009B583B617B698C229B58FB607B691B6897
:105340009B6880221340802B0AD13B69212B07D117
:105350007B695622002199527B691800FFF780FE75
:105360007B691B689B6840221340402B0AD1FB6875
:10537000222B07D17B695E22002199527B6918009C
:10538000FFF7AEFE7B6990229B5810221A437B697F
:1053900090215A507B691800F0F712FCC046BD46B8
:1053A00006B080BD80B584B000AF78607B689B6A32
:1053B000FB60FB685E2200219952FB6856220021A7
:1053C0009952FB681800F0F7FBFBC046BD4604B0DD
:1053D00080BD80B58AB000AF78607B6888229B581A
:1053E000212B4CD17B6856229B5A9BB2002B32D189
:1053F000EFF31083BB60BB687B620123FB60FB683B
:1054000083F31088C0467B681B681A687B681B683A
:1054100080218A431A607B6A3B613B6983F3108871
:10542000C046EFF310837B617B693B620123BB6164
:10543000BB6983F31088C0467B681B681A687B6869
:105440001B6840210A431A603B6AFB61FB6983F3D6
:105450001088C04613E07B681B6D1A787B681B6858
:105460009A627B681B6D5A1C7B681A657B685622A2
:105470009B5A9BB2013B99B27B6856229952C04617
:10548000BD460AB080BD80B58CB000AF78607B6847
:1054900088229B58212B51D17B6856229B5A9BB264
:1054A000002B32D1EFF31083FB60FB68BB6201235A
:1054B0003B613B6983F31088C0467B681B681A68B0
:1054C0007B681B6880218A431A60BB6A7B617B69A9
:1054D00083F31088C046EFF31083BB61BB697B6226
:1054E0000123FB61FB6983F31088C0467B681B685E
:1054F0001A687B681B6840210A431A607B6A3B621A
:105500003B6A83F31088C04618E07B681B6DFB6222
:10551000FB6A1B881A007B681B68D205D20D9A6251
:105520007B681B6D9A1C7B681A657B6856229B5AA8
:105530009BB2013B99B27B6856229952C046BD4648
:105540000CB080BD80B58CB000AF78607B688822DD
:105550009B58212B65D12E23FB187A686A21525A59
:105560001A8059E07B6856229B5A9BB2002B33D19C
:10557000EFF31083FB60FB68BB6201233B613B6977
:1055800083F31088C0467B681B689A687B681B6839
:1055900026490A409A60BB6A7B617B6983F3108865
:1055A000C046EFF31083BB61BB697B620123FB61E3
:1055B000FB6983F31088C0467B681B681A687B68A8
:1055C0001B6840210A431A607B6A3B623B6A83F393
:1055D0001088C046C04624E07B681B68DB698022D7
:1055E000134013D07B681B6D1A787B681B689A6226
:1055F0007B681B6D5A1C7B681A657B6856229B5A18
:105600009BB2013B99B27B68562299522E217B189E
:105610001A887B18013A1A802E23FB181B88002B4E
:10562000A0D1C046BD460CB080BDC046FFFF7FFF85
:1056300080B58CB000AF78607B6888229B58212BA6
:105640006AD12E23FB187A686A21525A1A805EE0CA
:105650007B6856229B5A9BB2002B33D1EFF3108309
:10566000BB60BB687B620123FB60FB6883F310882F
:10567000C0467B681B689A687B681B6828490A409B
:105680009A607B6A3B613B6983F31088C046EFF305
:1056900010837B617B693B620123BB61BB6983F340
:1056A0001088C0467B681B681A687B681B684021AD
:1056B0000A431A603B6AFB61FB6983F31088C046AA
:1056C000C04629E07B681B68DB698022134018D044
:1056D0007B681B6DBB62BB6A1B881A007B681B68FA
:1056E000D205D20D9A627B681B6D9A1C7B681A6585
:1056F0007B6856229B5A9BB2013B99B27B6856222B
:1057000099522E217B181A887B18013A1A802E2371
:10571000FB181B88002B9BD1C046BD460CB080BD3A
:10572000FFFF7FFF80B586B000AF7860EFF3108396
:10573000BB60BB687B610123FB60FB6883F310885F
:10574000C0467B681B681A687B681B6840218A43D7
:105750001A607B693B613B6983F31088C0467B68B4
:105760008822202199507B6800229A677B68180064
:10577000F0F702FAC046BD4606B080BD80B582B0E3
:1057800000AF7860C046BD4602B080BD80B582B033
:1057900000AF7860C046BD4602B080BD80B588B01D
:1057A00002AFF8603B1D19605A601723FB180022F6
:1057B0001A70FB6884229B5C012B01D102234CE010
:1057C000FB68842201219954FB6888222421995086
:1057D000FB681B681A68FB681B6801218A431A6012
:1057E000FB681B689B681F4A134019003B1D1A6821
:1057F000FB681B680A439A603B1D1B68002B05D1A0
:105800003B1DF86819685A6800F0B6F9FB681B6818
:105810001A68FB681B6801210A431A60F8F79EFEAC
:1058200003003B613B698022D103F8680E4A009275
:105830000022FFF7FFFA031E04D01723FB180322F0
:105840001A7003E0FB68882220219950FB688422AB
:10585000002199541723FB181B781800BD4606B089
:1058600080BDC046FFFFCFFFFFFFFF0180B586B0C0
:1058700000AF78607B6884229B5C012B01D10223FE
:1058800021E07B68842201219954EFF31083BB60EF
:10589000BB687B610123FB60FB6883F31088C04613
:1058A0007B681B681A687B681B6802210A431A60C0
:1058B0007B693B613B6983F31088C0467B68842227
:1058C0000021995400231800BD4606B080BD80B564
:1058D00086B000AF78607B6884229B5C012B01D18D
:1058E000022321E07B68842201219954EFF3108385
:1058F000BB60BB687B610123FB60FB6883F310889E
:10590000C0467B681B681A687B681B6802218A4353
:105910001A607B693B613B6983F31088C0467B68F2
:1059200084220021995400231800BD4606B080BD92
:1059300080B584B000AF78607B6884229B5C012BCB
:1059400001D1022327E07B688422012199547B68DE
:105950008822242199507B681B681B68FB607B6848
:105960001B681A687B681B6801218A431A60FB6800
:105970000B4A1340FB607B6800225A667B681B68F9
:10598000FA681A607B688822202199507B688422FB
:105990000021995400231800BD4604B080BDC046C4
:1059A000FFFFFFDF80B584B000AF786039607B68AF
:1059B00084229B5C012B01D102232EE07B68842290
:1059C000012199547B688822242199507B681B68A7
:1059D0001B68FB607B681B681A687B681B68012179
:1059E0008A431A607B681B689B68DB00D9087B6868
:1059F0001B683A680A439A607B68180000F0E0F878
:105A00007B681B68FA681A607B688822202199509D
:105A10007B6884220021995400231800BD4604B0FD
:105A200080BD000080B584B000AF786039607B68CD
:105A300084229B5C012B01D102232FE07B6884220E
:105A4000012199547B688822242199507B681B6826
:105A50001B68FB607B681B681A687B681B680121F8
:105A60008A431A607B681B689B680E4A13401900C2
:105A70007B681B683A680A439A607B68180000F0EC
:105A80009FF87B681B68FA681A607B68882220216F
:105A900099507B6884220021995400231800BD4648
:105AA00004B080BDFFFFFFF1B0B58AB000AFF86071
:105AB000B960BB1D1A80FB688C229B58202B56D1E5
:105AC000BB68002B03D0BB1D1B88002B01D1012319
:105AD0004EE0FB689A6880235B019A4209D1FB681B
:105AE0001B69002B05D1BB680122134001D00123A3
:105AF0003EE0FB680122DA66FB6800221A67272570
:105B00007C19BB1D1A88B968FB681800FFF702FAF8
:105B1000030023707B191B78002B24D1FB68DB6EFC
:105B2000012B1CD1FB681B6810221A62EFF3108353
:105B30007B617B693B620123BB61BB6983F3108896
:105B4000C046FB681B681A68FB681B6810210A4383
:105B50001A603B6AFB61FB6983F3108803E027232B
:105B6000FB1801221A702723FB181B7800E0022380
:105B70001800BD460AB0B0BD80B584B000AFF86073
:105B80003B1D19605A60FB681B685B6810229343D9
:105B90001A003B1D9B881900FB681B680A435A606A
:105BA000FB681B685B681B02190A3B1D9B791A0680
:105BB000FB681B680A435A60C046BD4604B080BDFE
:105BC000F0B585B000AF78607B685B6E002B08D1C4
:105BD0007B686A22012199527B68682201219952CF
:105BE00043E00F26BB1908221A700E203B1808222A
:105BF0001A707B681B689B685B0EDAB20D243B1938
:105C000007210A401A707B681B689B685B0FDAB239
:105C10000C257B1907210A401A703B181B787A194A
:105C2000127814498A5C5A4310007B191B78124A77
:105C3000D35C1900DAF718FB030099B27B686A227B
:105C40009952BB191B783A1912780A498A5C5A434F
:105C500010003B191B78084AD35C1900DAF704FBE3
:105C6000030099B27B6868229952C046BD4605B0D0
:105C7000F0BDC0469CFE0208A4FE020880B500AF3D
:105C8000DEF74CFCFEE7000080B582B000AF786024
:105C90000120EFF74DFA0220EFF74AFA184B1A00ED
:105CA00000210120EFF790FA164B1A000121012084
:105CB000EFF78AFA144B1A0000210220EFF784FA5A
:105CC000124B1A0001210220EFF77EFA104B1A0046
:105CD00000210120EFF736FC0E4B1A0001210120B4
:105CE000EFF730FC0C4B1A0000210220EFF72AFCE2
:105CF0000A4B1A0001210220EFF724FCCEE7C04630
:105D000010A0012014A0012018A001201CA0012037
:105D100020A0012024A0012028A001202CA00120E7
:105D200080B584B000AFF860B9607A6001235B424F
:105D30001800BD4604B080BD80B584B000AFF860E7
:105D4000B9607A6001235B421800BD4604B080BD93
:105D500080B584B000AFF860B9607A6001235B421F
:105D60001800BD4604B080BD80B582B000AF786039
:105D7000396001235B421800BD4602B080BD80B58A
:105D800082B000AF786000231800BD4602B080BD2D
:105D900080B500AF01231800BD4680BD80B582B03C
:105DA00000AF786039603B68802292015A6000231E
:105DB0001800BD4602B080BD80B582B000AF7860EB
:105DC00001235B421800BD4602B080BD10B5002122
:105DD00001F01AFA10BD10B50A22002101F0ACFA48
:105DE00010BD10B50A22002101F0A6FA10BD000076
:105DF00010B5034B0100186800F00EF810BDC04646
:105E0000CC07002010B5034B0100186801F084FD99
:105E100010BDC046CC070020F0B50D0087B00B3593
:105E20000190162D09D907239D4307D50C23019A0C
:105E300013600024200007B0F0BD1025A942F5D85A
:105E4000019800F0F9F9FC23BA4E5B009D421DD287
:105E50002A000832B218110054680839EB088C4245
:105E600003D1D4680233A24226D003226368A1681A
:105E70009343E268E318CA609160012259680A43BB
:105E80005A60019800F0E0F90834D3E73F236A0A2A
:105E900003D0042A26D8AB09383303229446D9000C
:105EA0008919CC688C4206D0604662688243571BD1
:105EB0000F2F2FDD013B013334699F498C4250D0B5
:105EC000032062688243501B0F2831DD01236719CC
:105ED0001D430343656077613761F960B9607B609A
:105EE000A050CEE7142A02D813005B33D5E7542A1A
:105EF00002D82B0B6E33D0E7AA235B009A4202D85C
:105F0000EB0B7733C9E78D497E238A42C5D8AB0CAA
:105F10007C33C2E7E068002F08DBA368D8608360A9
:105F20000123A21851680B435360AAE70400B9E7A4
:105F3000716131610028F3DA71688C468021890033
:105F40008A4200D38AE0D10850090122824060468B
:105F500002437260CA0092199168E260A160946085
:105F6000CC600122734899108A404168914226D33F
:105F70000A4205D10324A343520004330A42FBD052
:105F8000DE008619B44602936146CC68644500D0B1
:105F90009BE00834A4460324029901310291214276
:105FA000F2D1234200D0B7E0436893434360614B92
:105FB00052005968914202D3002A00D0B8E003226F
:105FC000836802935B6893430393AB4203D35A1BEA
:105FD0000F2A00DD1FE1029B039A08209E18584BF0
:105FE0001B6810335F1901F00BFC564B04901B68C3
:105FF000013303D0013F3B1847421F40390001984D
:1060000001F0AAFB0400431C00D1DAE0864204D967
:10601000484B029A9A4200D0D3E04B4A1368FB18CF
:106020001360049A013AA64200D093E0164200D0D1
:1060300090E0404B9A68039BDF1901233B43536078
:10604000414B424A1B6811688B4200D91360404A99
:1060500011688B4200D8B4E01360B2E0500A042803
:1060600011D891093831CF00BF19B868874225D1BE
:10607000012289108A4061460A437260E760A0608D
:10608000BC60C4606DE7142802D801005B31EAE708
:10609000542802D8110B6E31E5E7AA214900884245
:1060A00002D8D10B7731DEE7244F7E21B842DAD80F
:1060B000910C7C31D7E78068874204D00326416881
:1060C000B1439142F7D8C768D8E703276168B9435D
:1060D0000391E768491B0F2910DD0122631915435D
:1060E0006560A5680A43EF60BD60436103611248C3
:1060F0005A60D8609860039BE150C2E6002909DB32
:10610000039BE11801234A6813434B60A368DF60D7
:10611000BB60B6E63C0039E73168083E013BB1425E
:1061200000D13EE743E7043352000A42FBD027E7A1
:10613000029BFAE74C0200205402002054050000A4
:1061400060A001204402002030A001205CA00120BA
:1061500058A0012035490868013040D10C60072162
:10616000260000230E400C4202D008339B1BE4188B
:10617000E1190591059F04991740CB18DF1B1740C3
:106180003900019801F0E8FA431C07D1371E059841
:1061900004D030000027059B08381818244A001B3B
:1061A0001368C019DB1913600122224B02991043B6
:1061B0009C606060994200D142E7039B0F2B13D88B
:1061C000626003221B4B9B685B6893435A1BAB4284
:1061D00001D30F2A1FDC019800F036F829E6144994
:1061E000A61BF6180E60BAE70721039B0C3B8B43F6
:1061F000029949680A4002991A434A60CA1805215F
:10620000516091600F2B00D81AE70299019808316C
:1062100001F082FB14E701231800064928438C682B
:106220001343651960608D606B602AE644020020AC
:1062300030A001204C02002010B5024801F0DEFA27
:1062400010BDC046A4A1012010B5024801F0D7FA44
:1062500010BDC046A4A10120094B10B51C68094A15
:10626000983420686168084BDAF782F9012200232C
:1062700080185941206061604800400810BDC04648
:10628000CC0700202D7F954C2DF4515810B5034BB1
:106290000A000100186800F003F810BDCC070020C8
:1062A000F0B587B00C1E0390059206D11100FFF7E0
:1062B000B3FD0700380007B0F0BD0398FFF7BCFF3F
:1062C0002300083B5F6802933A0003239A43059B2F
:1062D00004920B33162B08D907229343019306D55A
:1062E0000C23039A13600027E4E710230193059B16
:1062F000019A9342F4D8049B019A934200DB6DE12A
:10630000049A029BBA489B18826894465A689C4536
:1063100006D001251100A94359184968294244D1E2
:1063200003218A4304998E1801999C4517D1103195
:10633000B1423CDC019A01219446B61A2200029B2C
:106340000E4363448360083A5E60536803980B40D1
:1063500061460B435360FFF777FF2700AAE7B1427E
:1063600025DCDA689B68DA609360019B029AF41A74
:10637000029B92195868012318400F2C00D82FE176
:10638000019D029928434919029D1C4368604C6095
:106390005068083103435360039801F0BDFA039835
:1063A000FFF752FF029F083784E700221300FF0720
:1063B00000D5C6E02100032008390D6802994D1B65
:1063C0006968814304980F18002B00D184E0D61926
:1063D0009C4548D1019B1033B3427DDCAA68EB6831
:1063E0002F00D3609A600200043A0837242A35D877
:1063F0003B00132A08D92368AB606368EB601B2A53
:106400001AD82B000834103322681A6062685A6068
:10641000A2689A60019B764AEB189360019AB61ABB
:10642000012216435E606B681340019A13436B6050
:106430000398FFF709FF3DE7A3682B61E3686B61F1
:10644000242A03D02B0010341833DDE72369AB6115
:106450002B0062692033EA611834D5E72100380047
:1064600001F0A6F8D6E7019AB24235DC2800DA68D6
:106470009B680830DA609360AA68EB68D3609A6022
:10648000049A043A242A23D8132A07D92368AB6034
:106490006368EB601B2A09D808340830236803605E
:1064A00063684360A368836002955EE7A3682B611D
:1064B000E3686B61242A03D0280010341830EDE71C
:1064C000280023692030AB6163691834EB61E5E78C
:1064D000210001F06DF8E7E7019BBB4231DC2800A9
:1064E000AA68EB680830D3609A60049A043A242AB8
:1064F00023D8132A07D92368AB606368EB601B2A93
:1065000009D8083408302368036063684360A368CF
:1065100083603E00C8E7A3682B61E3686B61242AAF
:1065200003D0280010341830EDE72800236920300C
:10653000AB6163691834EB61E5E7210001F038F8DD
:10654000E7E705990398FFF767FC071E03D1039857
:10655000FFF77AFEC7E623000122083B5B689343FE
:10656000029AD3180200083A934205D15E680323C9
:106570009E43049BF618F8E6049A043A242A29D884
:1065800003002100132A08D923680360636843606D
:106590001B2A0DD80300083108330A681A604A68BC
:1065A0005A608A689A602100039801F0B5F93FE7C4
:1065B000A3688360E368C360242A03D0030010311A
:1065C0001033EAE723691831036103006269183365
:1065D0004261E2E7210000F0EBFFE4E7049EC4E63D
:1065E000029906434E6051680B435360D7E6C0469C
:1065F0004C02002070B516000D0002F0EBF8002EE2
:106600000DD06B236A00520D9B1A002B07DD00246E
:10661000034A1B059D182B002200DBF747FE70BDC7
:106620000000F03FF0B5A3B01B9200220026002727
:10663000059009911E921D910A782B2A53D03FD8BC
:106640000D2A39D8082A39D8002A42D000221292BD
:1066500000211D9D0C912A78302A00D083E06A78B1
:1066600020318A43582A00D073E00293129B954A46
:1066700001931EAB009305981FAB1DA901F066FAAC
:106680000F2302001A4004000692184205D0062A81
:106690002BD1002301351D9512931B9B002B02D09B
:1066A0001D9B1B9A1360129B002B19D08023300076
:1066B0001B06F91823B0F0BD202AC7D10131BAE773
:1066C0002D2AC3D12C3A12924A1C1D924A78002AD4
:1066D000BED1099B1D93002312931B9B002BDFD17E
:1066E00030003900E6E70022EDE71E9A002A07D0C5
:1066F000352120A802F064F91E99059801F052FD99
:1067000006981F9B0138042806D8D9F70FFD1203FD
:106710001C1E1200209E219FE40502D580231B062B
:106720001F43694B3B42B8D101F03CF82223036080
:10673000B3E76649219A209E0A4065495B181B050C
:106740001A431700E8E7604FE6E70126614F7642FB
:10675000E2E71D9B5A1C1D925B78302BF9D0002B71
:106760009BD001230C9300250A221D9B0D951393AA
:1067700008951D9804782300303BD9B2092927D900
:106780000122554900F04AFF002831D000202300A3
:106790008446089A0E9006922022190091430A001E
:1067A00000210791452A00D0C0E0069B0C9A0343C4
:1067B00013438B428DD01D9B099301331D93099B7D
:1067C0005B782B2B70D00C002D2B73D101246CE047
:1067D0000899082909DC0D9951435B180D93089B12
:1067E0000130013308931D90C3E755435D19F6E767
:1067F0001D9B5A1C1D92089A5B78002A3AD00E9075
:1068000006921A00303A092A12D901229446C3E7A7
:106810001D9B01305A1C1D925B78302BF8D01A005A
:10682000313A082A3BD80E9000201D9A0690139208
:106830001A00411C303A302B16D00E9B5B180E9379
:10684000069B0A219C4684449C4515D10699069BCB
:10685000013109181B180691082B19DC0A230D9920
:106860004B430021D3180D931D9B08005A1C1D9209
:106870005B78C6E70898D0E75C1C082B04DC0D9B0E
:106880004B430D932300DFE7102CFBDC4D43F9E76E
:1068900000210F2BE8DC0A235D435519E4E70022B1
:1068A0000E9206920132B1E70024099B02331D9338
:1068B000099B9B781A00303A092A13D9099A1D922C
:1068C000002232E080FF02080000F07FFFFFEFFFB0
:1068D00033040000FFFFFF7F68FF02081D9B5A1C66
:1068E0001D925B78302BF9D0002207921A00313AC2
:1068F000082A1BD8303B10931D9B07931D9B591CE6
:106900001D915B781A00303A092A3AD9079A8A1AF7
:10691000B4490791082A04DC109A07928A4200DDE4
:106920000791002C02D0079A52420792069A002A39
:106930004DD10C9A104300D0AFE66246002A00D039
:10694000C7E6692B27D023DC492B24D04E2B00D05F
:10695000BFE6A5491DA801F02FFB002800D1B8E62D
:106960001D9B1B78282B2CD1A04920AA1DA801F023
:1069700037FB052825D1219B9D4A209E1A431700ED
:106980008BE60A2210994A43D218303A1092B5E7A2
:106990006E2BDED09DE697491DA801F00DFB002867
:1069A00000D196E61D9B9449013B1DA81D9301F063
:1069B00003FB002802D11D9B01331D9300268C4F41
:1069C0006BE68E4800F038FF06000F0065E6079B77
:1069D0000E9A9B1A0C93089B002B01D1069B0893DF
:1069E000069C102C00DD10240D98DCF74FFB069B55
:1069F00006000F00092B13DC0C9B002B00D14CE68A
:106A00000C9B002B00DC7EE0162B63DC7C49DB005A
:106A1000C9183200086849683B00DBF747FCD3E738
:106A20002200774B093AD2009B181A685B68DBF7A3
:106A30003DFC060028000F00DCF728FB0B000200DD
:106A400039003000DAF78AFC069B06000F000F2B96
:106A5000D2DD069B1C1B0C9BE418002C00DC9BE089
:106A60000F222300134014420AD06549DB00C918E5
:106A70003200086849683B00DBF718FC06000F008D
:106A80000F239C4373D02633FF339C424BDD0023FE
:106A9000069307930D93089322230026059A544FDB
:106AA00013600D9BB34200D1F7E51E99059801F0E4
:106AB00079FB0899059801F075FB0799059801F095
:106AC00071FB0D99059801F06DFB0699059801F091
:106AD00069FBE2E52523069A9B1A0C9A9342B8DBE0
:106AE0000F24069B464DE41AE1006918320008683D
:106AF00049683B00DBF7DAFB0C9B1C1BE4002D19FB
:106B00002A686B6889E70C9B1633A2DB07990E9AFB
:106B10003B4B521AD2009B1830001A685B68390050
:106B2000DAF780FF50E7002330003900354D24119B
:106B30000993012C1EDC002B01D006000F00324B04
:106B4000099AFF182F4BD5005D1932002868696833
:106B50003B00DBF7ABFB264B2C4A06000B40934275
:106B600095D82B4A934213D901262A4F7642002307
:106B7000099386E00122144204D02A686B68DBF78F
:106B800095FB0123099A6410013209920835D0E778
:106B9000D4239B04CF18EAE7002CE8D064420F23EB
:106BA00022001A401C420AD0154BD2009B1830001C
:106BB0001A685B683900DAF735FF06000F00241108
:106BC000D5D01F2C28DD0023069307930D9308933F
:106BD0002223059A002613600D9B0027002B00D06E
:106BE00063E75AE51F4E00009D0203086CFF020890
:106BF0000000F07F95020308230303081F03030826
:106C0000C8010308A00103080000B0FC0000A07C3C
:106C10000000907CFFFFEF7F102322001A400992B2
:106C20001C4201D05A330993300039000023BF4D74
:106C30000122144204D02A686B68DBF737FB01237A
:106C400064100835002CF3D1002B01D006000F0092
:106C5000099B002B0DD06B237A00520D39009B1A33
:106C6000002B06DD1F2B5ADD0026342B50DDDC27E0
:106C7000BF040022002330003900D9F7F1FB0028BF
:106C8000A1D10D9B089A00931399069B059801F0DA
:106C9000D7FA0D90002800D1F9E60C9B0799DA1776
:106CA0000E9B5B1A1A400C9B1792DB430C9ADB1766
:106CB0001A4000231A92069307930D9B0598596872
:106CC00001F048FA0890002800D1E5E60D9B0C3051
:106CD00019001A690C310232920000F0A4FD20ABB9
:106CE00001931FAB009332003B000598109611975B
:106CF00001F0DCFD1E90002800D1CDE601210598B1
:106D000001F03AFB079000280ED100230793C3E659
:106D10004B239A1A4C3B934019400F00A9E70122DC
:106D200052429A401640A4E71F9B1A9A179DD41A04
:106D3000002B01DB1A9C5D190999209A5B1A3621F8
:106D40009B188A1A7A4901208C460021013B169132
:106D50001490634506DA6146C91A521A1F293FDCAE
:106D600088401490AB180E93A418099B0E9A1C1916
:106D70002B00954200DD1300A34200DD2300002B11
:106D800004DD0E9AE41AD21A0E92ED1A179B002B0C
:106D900016DD1A000799059801F0B8FB0790002846
:106DA000B3D001001E9A059801F0FEFA1390002856
:106DB00000D171E61E99059801F0F4F9139B1E931A
:106DC0000E9B002B12DC0C9B002B18DD1A9A0899E5
:106DD000059801F09BFB0890002810D100235AE68B
:106DE0005449CB1A010099401691BAE70E9A1E99A0
:106DF000059801F0CDFB1E900028E4D14CE6002C54
:106E000007DD22000899059801F0C2FB08900028D0
:106E1000E4D0002D08DD2A000799059801F0B8FBA1
:106E20000790002800D137E6089A1E99059801F0CE
:106E300037FC0690002800D12EE6C368079913930B
:106E40000023C36001F010FC00283BDA139B33439E
:106E500067D13B0365D1D622374BD2043B409342E6
:106E60005FD9069B5B69002B03D1069B1B69012B35
:106E700057DD06990122059801F08AFB07990690D3
:106E800001F0F2FB00284CDD2B4B099A3B40002A15
:106E900074D0D622D204934270D8DC22920493425A
:106EA00000D895E630003900244B0022DBF7FEF9CC
:106EB000214B06000F000B4200D0F6E52223059A75
:106EC0001360F2E50E97002875D1139A3B031B0B54
:106ED000002A39D01A4A934238D10121099B4942EC
:106EE00032000800002B0BD0D424134B08003B4089
:106EF000E404A34204D86C301B0DC31A9940080067
:106F0000824223D10F4B0E99994202D1013200D116
:106F1000C2E5094B0E9A00261A4013008022520344
:106F20009F18099B002BBDD1BFE5C04698FF020802
:106F300002FCFFFFE2FBFFFF0000F07F0000503982
:106F4000FFFF0F00FFFFEF7F33439DD0169B002B09
:106F50001CD00E9B169A1342E3D0139B30003900CD
:106F6000099A002B16D0FFF745FB02000B00109882
:106F70001199DAF7F3F906000F00D2E70126924AD9
:106F800076429B18914A1A431700CAE7149B334272
:106F9000C7D0E2E7FFF72EFB02000B001098119913
:106FA000DBF74CFC0022002306000F00D9F758FA4B
:106FB0000028B6D00CE60799069801F0D7FC80238C
:106FC0000022DB0504000D00D9F75AFA00286CD026
:106FD000139B002B77D1002E57D10E9B1B035AD148
:106FE0000022200029007A4BD9F740FA002859D115
:106FF000200029000022774BDBF758F904000D0030
:1070000080231B06EB180A940B930A9A0B9B14928D
:107010001593714A0E9B13401693169A6F4B9A4222
:1070200000D087E06E4A0E9B944663441F003000F8
:10703000190001F0CFFB0A9A0B9BDBF737F93200FE
:107040003B00DAF78BF9644A664B06000A409A4225
:1070500040D9119B644A934203D1109B013300D164
:107060001AE50126604F76421E99059801F09AF8BC
:107070000899059801F096F80799059801F092F89B
:107080000699059801F08EF817E6012E03D10E9BA4
:10709000002B00D19CE50023544C4D4D0A930B94DA
:1070A0000024B2E700244B4DAAE720002900494BF9
:1070B0000022DBF7FBF8139B04000D00002B9FD090
:1070C0000A940B95A1E70023414C25000A930B94E9
:1070D0001C009AE7D4239B04CF18099B1097002B20
:1070E000C2D13D4B169A3B409A42BDD120002900A7
:1070F000D9F7A2FAD9F7DAFA02000B00200029002A
:10710000DBF79CFB3C03139B240B34430E900F9145
:10711000374A1C4352D0374BD9F7A8F9002800D082
:10712000C3E40E980F99344A2A4BD9F7B3F90028D3
:107130009AD0BAE4099B002B2AD0D423169ADB04F8
:107140009A4225D8200029002C4A2D4BD9F798F9CE
:10715000002816D020002900D9F750FA002800D1C5
:107160000130DBF793FF139B04000D00002B22D1AD
:1071700080231B06CB1818901993189A199B149208
:107180001593D622159BD2049B18169A9B1A159319
:1071900010981199149E159F01F01CFB02000B0022
:1071A00030003900DBF782F8109A119BDAF7D6F835
:1071B00006000F0091E718941995DEE7114B0E9821
:1071C0000F99D9F753F9B2E70000F0FFFFFF0F0066
:1071D0000000F03F0000E03F0000F07F0000E07F93
:1071E0000000B0FCFFFF9F7CFFFFEF7F0000F0BFBF
:1071F0009535A094FFFFDF3F35E5AF350000C0FFB8
:10720000FFFFDF41FFFFCF3F10B5044C0A00010034
:10721000034B2068FFF706FA10BDC046CC070020DC
:1072200060060020F0B585B017001E0003900191A4
:10723000242B44D80C00012B41D03D4B08229C4606
:10724000230061461D780134485D01001140104261
:10725000F6D12D2D3AD125789C1C012300931022C4
:107260003300934309D1302D36D1202123788B432D
:10727000582B31D11600657802342E4A009B944673
:107280006344310018000293D8F7EAFF00228446D5
:1072900010002B00303B092B25D81D00AE4231DDFC
:1072A000531C09D001225242844505D301D1A94281
:1072B00025DB01227043281825780134E9E700F026
:1072C00071FA16230360002005B0F0BD00912B2D4C
:1072D000C5D125789C1CC2E7002ECED10836302DB2
:1072E000CBD00236C9E72B00413B192B01D8373DE3
:1072F000D4E72B00613B192B04D8573DCEE7012280
:107300005242D9E7531C08D12223039A02981360F2
:10731000002FD9D0631E019307E0009B002B00D003
:107320004042002FD0D0002AF4D1019B3B60CBE734
:10733000C1FF0208FFFFFF7F10B5044C13000A00D5
:1073400001002068FFF76EFF10BDC046CC0700208B
:10735000002310B5040003604360836081814366AD
:10736000C281036143618361190008225C3000F02F
:1073700032F90B4BE46123620A4B63620A4BA3624E
:107380000A4BE3620A4B9C4205D00A4B9C4202D056
:10739000094B9C4203D12000583000F02DFA10BD5B
:1073A000197502084175020879750208A575020869
:1073B00064A00120CCA0012034A1012010B5034A13
:1073C0000349044800F06CF810BDC0465406002084
:1073D000D99E0208D007002041680B4B10B504006D
:1073E000994201D002F078FDA168084B994202D081
:1073F000200002F071FDE168054B994202D02000A7
:1074000002F06AFD10BDC04664A00120CCA001209E
:1074100034A1012010B5094B094A04211A6009481A
:107420000022FFF795FF012209210748FFF790FF8F
:10743000022212210548FFF78BFF10BD9CA10120FD
:10744000BD73020864A00120CCA0012034A101205A
:1074500010B5024800F0D2F910BDC046A6A1012027
:1074600010B5024800F0CBF910BDC046A6A101201E
:1074700010B50400FFF7ECFF636B002B02D0FFF7A1
:10748000EFFF10BD044B6363044B1B68002BF6D168
:10749000FFF7C0FFF3E7C046D97302089CA10120A3
:1074A000F7B51400002600900191A5686768013FB8
:1074B00004D52468002CF8D13000FEBDAB89012B27
:1074C00008D90E22AB5E013304D029000098019B3D
:1074D000984706436835EAE70EB400B50B499CB0FF
:1074E0001DAB02900690079104910948094904CB0D
:1074F0000591006802A9019301F0B4FA0022029BF1
:107500001A701CB008BC03B01847C046FFFFFF7FCD
:10751000CC0700200802FFFF70B50C000E25495F64
:1075200000F006F9002803DB236D1B18236570BDEE
:10753000A389024A1340A381F9E7C046FFEFFFFF8A
:10754000F8B51F008B8905000C001600DB0505D57A
:107550000E23C95E0022022300F0D6F8A389054A53
:1075600028001340A38132000E23E15E3B0000F0AF
:1075700005F9F8BDFFEFFFFF70B50C000E25495F60
:1075800000F0C2F8A389421C03D1054A1340A3812D
:1075900070BD802252011343A3812065F8E7C046E5
:1075A000FFEFFFFF10B50E23C95E00F09BF810BD82
:1075B00010B5884206D800239A4208D0CC5CC45447
:1075C0000133F9E78B189842F5D2013A00D210BD89
:1075D0008B5C8354F9E703008218934200D1704713
:1075E00019700133F9E7020010B513781400013265
:1075F000002BFAD1CA5CE2540133002AFAD110BD43
:10760000C9B20378002B04D08B4200D170470130FF
:10761000F7E74B42594149420840F7E730B50500CA
:10762000101E0BD00024013A2B5D085D834204D16B
:10763000A24202D00134002BF6D1181A30BD03004B
:1076400030B51D00002A06D00C78013A01332C70A9
:107650000131002CF5D100219A18934200D130BDA0
:1076600019700133F9E70000034B10B51A680123C4
:10767000503200F003F810BDCC070020F0B5041E16
:1076800002D11468002C09D020000E0005780134C6
:107690003778002F04D1002D0DD11560002006E0B1
:1076A0000136BD42F4D1002BEED114600370F0BD61
:1076B0000133002D02D10B00267801341D78AE4233
:1076C000F6D100231D009E4202D02300611E0D70E2
:1076D0001360ECE79422024B5200985C7047C0465E
:1076E00060060020002370B5064D040008002B60E2
:1076F000FEF762FB431C03D12B68002B00D02360F4
:1077000070BDC046A0A1012070B5040008001100A2
:107710001A000023054D2B60FEF71AFB431C03D112
:107720002B68002B00D0236070BDC046A0A10120B3
:1077300070B50400080011001A000023054D2B60ED
:10774000FEF7FAFA431C03D12B68002B00D023600C
:1077500070BDC046A0A10120002370B5064D0400F5
:1077600008002B6004F09CFD431C03D12B68002B08
:1077700000D0236070BDC046A0A1012070B50400F8
:10778000080011001A000023054D2B60FEF7C8FA0F
:10779000431C03D12B68002B00D0236070BDC04672
:1077A000A0A10120014B18687047C046CC070020FB
:1077B00070B500260C4C0D4D641BA410A64209D1D7
:1077C000002604F07FFD0A4C0A4D641BA410A6425B
:1077D00005D170BDB300EB5898470136EEE7B30012
:1077E000EB5898470136F2E7B0030308B0030308EB
:1077F000B8030308B0030308704770477047704729
:10780000802310B5082804D0FFF7CCFF16230360AF
:10781000173B180010BD03000A7801311A700133BC
:10782000002AF9D17047002310B59A4200D110BD4B
:10783000CC5CC4540133F8E7002001497047C046CE
:107840000000F87F034B10B5002B02D0024800F077
:1078500005F810BD0000000005A10208002310B5C6
:1078600001001A00180002F09FFC10BDF7B50400DB
:1078700008200D00FFF7C4FF06002000FEF7DCFC27
:107880000322224F3100BB685B6893431800113814
:10789000401B80190193D8F75DFC451E7543AE422D
:1078A00004DD2000FEF7D0FC0020FEBD00212000FA
:1078B000FFF752FFBB68019A9B189842F1D1200054
:1078C0006942FFF749FF013010D100212000FFF786
:1078D00043FFBA68811A0F29E3DD0D4D0D4B2D686A
:1078E000401B186001230B435360DAE70126019B1C
:1078F000BA685B1B33435360064A200013685B1B66
:107900001360FEF7A1FC3000CFE7C0464C02002018
:107910004402002030A00120F7B50D1E01902DD0AB
:10792000FEF78AFC012329009C4608394F6862460D
:107930003B0064469343C8184568023295434A4A5F
:107940002740966886421AD15B19002F06D1086835
:10795000091A8D681B18C868E86085600120184303
:1079600048609160414A12689A4204D8404B01989D
:107970001968FFF77BFF0198FEF766FCF7BD00264C
:107980004560B74209D10F683A4CC91BDB198F68B3
:10799000A7422CD0CC68FC60A76047197C680127FF
:1079A0003C420BD15B198568002E22D1314CA54297
:1079B0001FD13E0051611161CD608D60012528000D
:1079C00018434860CB50002ED5D1802080008342E0
:1079D00013D2D8085B099D4053681D43C3009B1810
:1079E00055609A68CB608A609960D160C3E766464B
:1079F000D3E7C068E8608560E0E75D0A042D12D82F
:107A000098093830C600B618B5680327AE4225D1AC
:107A1000012380108340506803435360CE608D6023
:107A2000B160E960A7E7142D02D828005B30E9E7D0
:107A3000542D02D8180B6E30E4E7AA20400085428E
:107A400002D8D80B7730DDE70B4E7E20B542D9D86F
:107A5000980C7C30D6E7AD68AE4203D06A68BA4372
:107A60009A42F8D8EE68D9E74C020020480200207C
:107A700060A0012054020020540500000200F0B56F
:107A8000046985B014324B11160002939C4231DD1B
:107A90001F260F009B00A500D318374055190093EF
:107AA000019731420DD1160019008D4236D8009B46
:107AB0000026033B9D4202D3029BE41AA6009619BE
:107AC00018E02021019E019F891B009E039102CE98
:107AD0009446F940B54216D8009B002601339D42DA
:107AE00003D3029BE41AA600043E961931600029D4
:107AF00000D00436B11A89100161964201D10023E9
:107B0000436105B0F0BD3768039B9F400F4361465A
:107B100080C18C46019B02CED940DBE780C980C67C
:107B2000C3E70200303A0300092A02D8203BD8B24A
:107B300070470200613A052A01D8473BF7E71A006F
:107B4000413A0020052AF3D8273BF0E7F0B589B089
:107B500007930B680192039006919A1C1100013261
:107B6000501E00783028F9D0CB1A023B05930091C3
:107B7000FFF7D7FF00231D00029398421ED1012278
:107B8000A6490098FFF74AFD0700A84200D06AE026
:107B9000009B58785C1CFFF7C4FF01230293A842A6
:107BA0002FD00094009B1878302809D0FFF7B9FF38
:107BB000424242410123250002920593009C04E0C9
:107BC000009B01330093EDE701342078FFF7A9FF14
:107BD000071EF9D1012220009049FFF71FFD002860
:107BE0000DD1002D06D1013425002078FFF799FF33
:107BF000002802D12D1BAF0003E00134F5E7002D72
:107C0000F8D12022237826009343502B1DD163788E
:107C10002B2B2DD02D2B2FD00023661C04933078D6
:107C2000FFF77FFF431EDBB20500182B2AD87078C0
:107C3000FFF777FF431EDBB20136103D182B1DD92D
:107C4000049B002B00D06D427F19069B1E60029B97
:107C5000002B19D0059B06265A4253415B421E4019
:107C6000300009B0F0BD01230027009C0293C8E753
:107C700000230493A61CD2E70123FAE70A235D43FD
:107C80002D18D4E72600E0E7009B0299E31A013B98
:107C9000072B0ADC039800F05DFA051E08D12A00C4
:107CA000E4215F4B5F4802F0BFFA01315B10EFE760
:107CB000030014330293059300231E000493009BDA
:107CC000A34238D3059C029B40C4E41AA4103000A0
:107CD0002C6100F001FB019B64011B68261A0093D4
:107CE0009E4252DDF61A3100280000F08AFE041E82
:107CF0000FD001241F232000721E13409840030060
:107D00005111029889000958194202D0A24234DC6C
:107D1000022431002800FFF7B1FEBF19019B9B68C8
:107D2000BB4242DA2900039800F03CFA00230E9A85
:107D3000A326136094E7013C23782E2B12D0049BDA
:107D4000202B04D1059B40C3002605930496207880
:107D5000FFF7E7FE0F231840049B984004330643C7
:107D60000493ACE7009BA342E9D8012220002B49F1
:107D7000FFF754FC0028E2D1A1E72800B11E00F073
:107D800040FE0028C4D00324C3E7009B00249E4289
:107D9000C4DA9E1B29003200039800F0F9FB0300AF
:107DA00014330500BF1B0293B8E7019B5E68BE4217
:107DB0006FDD009BF61BB34236DC019BDB68022BB8
:107DC00024D0032B26D0012B17D1009BB34214D112
:107DD000012B0BD1019B079A5B686226136001237C
:107DE000029A2B6113600E9B1D6039E700992800F1
:107DF000013900F006FE0028ECD12900039800F0BC
:107E0000D1F900230E9A5026136029E70F9B002B0F
:107E1000F3D1DFE70F9B002BDCD1EEE768FF020810
:107E2000C9000308DA000308771E002C2FD1002FA9
:107E300004D03900280000F0E4FD04001F237A116B
:107E40001F401E3BBB400299920052581A4201D07B
:107E500002231C43009B31009B1B02262800009339
:107E6000FFF70CFE019B5F68002C3FD0019BDB6895
:107E7000022B10D0032B12D0012B06D1A20704D560
:107E8000029A126814431C420CD110232DE00124E5
:107E9000D4E70126E8E701230F9A9B1A0F930F9B63
:107EA000002BF2D02B69002002939B0004932B003F
:107EB000049A143399181A68541C1CD001321A60A1
:107EC0002B001433022E3FD1019A00991268013A17
:107ED0008A4209D10A001F20104001228240491124
:107EE0008900CB5813423DD120231E430E9B1D60B9
:107EF000079B1F60B4E601C39942DCD8AB68029AC5
:107F00009A4218DB69680398013100F023F9041ED6
:107F100004D1220084211D4B1D48C4E629002A6992
:107F20000C31023292000C30FFF77DFC29000398DF
:107F300000F038F925002B695A1C2A61012204330C
:107F40009B00EB185A60BBE72A6902998A420BDD55
:107F500001212800FFF792FD019B01379B68BB427E
:107F600000DADFE60126BFE71F22009C00991440DB
:107F70001142F7D0049A9B18043B186800F0ACF942
:107F800020231B1B9842E3DBECE7C046C900030833
:107F9000DA000308082370B520259A1A9200AD1A5A
:107FA000436804681E00AE40D3403443046043601D
:107FB00004308842F4D370BD30B503680C780133C7
:107FC000002C02D10360012030BD1A781500413D1C
:107FD000192D00D820320131A242EFD00020F3E762
:107FE000F0B50B688BB0019201995A1192008A1872
:107FF000029219001F22114008900691134202D0EC
:10800000029B04330293029B00251F1F3E003C008D
:10801000089B3D601B68079505930395059B0133FD
:108020000993059B5B780493002B28D00498FFF7F5
:1080300078FD002855D1049B202B19D8039B079A63
:10804000934212DDB44206D2072D04DC2A0031002F
:108050002000FFF79FFF019B08259C4205D9261FA2
:1080600000253400039B35600793099B0593D5E7F2
:10807000049B292B5AD1059B089A02331360039B5A
:10808000002B53D0B44206D2072D04DC2A00310065
:108090002000FFF77FFF019B9C4236D91A00230086
:1080A00002CB02C29F42FBD2029B611CDA1E042358
:1080B000914205D8029B043B1B1B9B0801339B008C
:1080C000019AD318002204C39F42FCD23B68002BC4
:1080D00004D1019B9F4227D101233B6005200BB0B7
:1080E000F0BD039B013501330393082D06DD019B91
:1080F0009C42BAD900230125043C23600F22236847
:1081000010401B0103432360AFE7069B002BDDD02B
:108110002023069A02999B1A01225242DA4004391E
:108120000B6813400B60D1E7043FCFE70420D6E78C
:1081300082B0002900D101A9101E06D0002B06D064
:1081400013780B601078431E984102B070470220EC
:108150004042FAE7436C70B506000C00002B12D0C9
:10816000736CA2009B181868002815D101210D001E
:10817000A5406A1D3000920002F074F8002809D072
:10818000446085600AE02122042102F06BF87064EB
:108190000028E5D1002070BD02681A600023036149
:1081A000C360F8E7002906D04A68436C92009B1828
:1081B0001A680A6019607047F7B50F0001900C004B
:1081C0001E0000200D6914373B68013099B25143FD
:1081D0001B0C534389190E0C9B191E0C89B21B04EE
:1081E0005B1808C78542EFDC002E22D0A368AB42A3
:1081F00019DC616801980131FFF7ACFF071E05D15A
:108200003A00BA210C4B0D4802F00EF82100226909
:108210000C31023292000C30FFF705FB210001986F
:10822000FFF7C0FF3C002B1D9B00E31801355E608B
:1082300025612000FEBDC046C90003083A010308BD
:10824000F7B5070018000C0008300921019315004C
:10825000D8F70AF80123002183420ADB3800FFF730
:1082600079FF011E08D10A00194B1A48D33101F0D9
:10827000DBFF5B000131EFE7089B436101230361F2
:10828000092D18DD230009331E000093641933788B
:108290000A223800303BFFF78FFF01360100A6426B
:1082A000F5D12C00009B083C1C192E00019B9E421E
:1082B00004DB0800FEBD09250A34F6E7631B9B5D5D
:1082C0000A223800303BFFF777FF01360100EDE767
:1082D000C90003083A01030880220300520200206B
:1082E000934201D21B04103080225204934201D2E7
:1082F00008301B0280225205934201D204301B0138
:108300008022D205934201D202309B00002B03DB76
:108310000130134200D1202070470368010007227A
:108320001800104013420DD0063A0020134205D128
:108330000230034203D0D34010000B6070479B080B
:108340000B60FBE79AB2002A01D110201B0CDAB2B5
:10835000002A01D108301B0A1A0701D104301B0979
:108360009A0701D102309B08DA07E9D401305B0893
:10837000E6D12020E2E7000010B50C000121FFF754
:10838000E9FE002807D14621054C0200054B2000DC
:10839000FF3101F049FF01234461036110BDC04674
:1083A0003A010308C9000308F0B514000A692369FB
:1083B0000D008BB09A4202DB23000C001D002769E0
:1083C0002E696168BB190393A368BA19934200DA56
:1083D0000131FFF7BFFE0290002806D1B121494BC1
:1083E0004948029A490001F01FFF029B0022143302
:1083F0009C46BB199B0063440493634604998B42DB
:108400002AD32300BF00143314350893B600DB19B8
:108410000593AB190993042306932300059A15339A
:1084200001959A4205D3131B153B9B0801339B0012
:108430000693019B099A934210D3039B002B05DD01
:10844000049B043B04931B68002B56D0029B039AA9
:1084500018001A610BB0F0BD04C3CFE7019B186888
:1084600080B200281ED067460025089E02CE3B68D9
:1084700007938BB243431A006B46090C9B8B414315
:10848000D318079A5B19120C89181A0C8A189BB218
:10849000150C12041A43059B04C7B342E6D8634681
:1084A000069A9D50019B1868000C20D06346250059
:1084B000614600271B6814352A680E6892B2424351
:1084C000360C9219D21916049BB21E430E6040CD91
:1084D0004B68360C46439BB2120CF3189B18059A56
:1084E0001F0C0431AA42E7D8624606995350019BFB
:1084F0000433019304239C449BE7039B013B0393B8
:108500009BE7C046C90003083A010308F7B50323F7
:10851000150007000E001A401D4208D01A49013A02
:108520009200525800233100FFF746FE0600AD10BE
:1085300027D03C6C002C07D138001449FFF71CFFF2
:10854000002304003864036001231D420AD0310077
:1085500022003800FFF728FF310001903800FFF7B4
:1085600021FE019E6D100CD02068002807D122004A
:1085700021003800FFF718FF00232060036004008B
:10858000E2E73000FEBDC04694010308710200001E
:10859000F0B50C0016002369571185B0FB18019344
:1085A000013300934968A3680290009A934210DB5C
:1085B0000298FFF7CFFD0023010005001A001431D7
:1085C00098420CD1EF212A00254B2648490001F0A2
:1085D0002BFE01315B00E8E798000A500133BB42F3
:1085E000FADBFB43DB171F40BF0023001F20C91924
:1085F00037002269143392009A180740064229D0A6
:108600000130C01B03908C4600201E68BE4006430C
:10861000604640C08446039E01CBF0409A42F4D8A5
:10862000260015360423B24204D3131B153B9B08C6
:1086300001339B00C850002802D0019B02330093F5
:10864000009B0298013B21002B61FFF7ABFD280046
:1086500005B0F0BD01CB01C19A42FBD8F0E7C0469E
:10866000C90003083A01030830B50B690469020028
:10867000E01A9C420FD114329B0014311400C91827
:10868000D218043A043915680B689D4204D00120C1
:108690009D4200D2023830BD9442F2D3FBE7000085
:1086A000F0B50C0087B00090110020001700FFF714
:1086B000DBFF051E10D101000098FFF74BFD021EE5
:1086C00004D1404B4048414901F0AEFD01234561D2
:1086D0000361100007B0F0BD0026B04203DA2300AA
:1086E0003C001F00013661680098FFF733FD021E51
:1086F00003D1344B34483649E6E7236914340093F8
:108700009B00E318210001943C0002933B69143460
:108710009B00E31803930300C6608C4600201433CB
:1087200004930593634620CBA9B20E009C4608CC67
:108730002D0C99B2711A09181B0C0814EB1A1B188E
:10874000181489B21B041943059B02C30593039BAC
:10875000A342E7D83900039C153104238C4204D38B
:10876000E31B153B9B0801339B000199CD1804992D
:108770002E00CB181F0002998E4211D3029CE91ED5
:1087800000208C4204D321000331491B8908880052
:108790001B18043B1968002910D0009B136198E74F
:1087A000844602CE88B2604400140C0C0419614463
:1087B000201489B22404214302C7DCE7009901395F
:1087C0000091E6E7C90003083A01030837020000F8
:1087D0004502000010B500240C4B0D4A0B409B18BD
:1087E000A34206DC5B421A15132A05DC80231B0317
:1087F00013411900200010BD143A01241E2A02DC86
:1088000080242406D4400023F3E7C0460000F07F14
:108810000000C0FCF7B50600036914369B00F3188E
:108820001D1F2C680F0020000193FFF755FD20222B
:10883000121A3A6003001C4A0A2815DC0B21270093
:10884000091ACF403A438C4611000022AE4202D2B0
:10885000019A083A126815339C4063462700DA40B3
:108860001743380003B0F0BD0027AE4202D2019D8D
:10887000083D2F680B2149428C469C440B2B10D09D
:10888000614620238C405B1A3900D9400C432243B7
:1088900011000022B54201D9043D2A686446A74070
:1088A000DDE722431100DCE70000F03FF7B50121CE
:1088B00016001F00FFF74EFC041E05D12200254BB9
:1088C0002548264901F0B0FC3B037D001B0B6D0DD4
:1088D00002D08022520313430193002E25D0684614
:1088E0000096FFF71AFD019B009900281BD020225B
:1088F0001E00121A96403200C3400A43626101937F
:10890000019EA661731E9E4101362661002D14D082
:108910003526134BED18089B2D181D60099B361A40
:108920001E602000FEBD6161EAE701A8FFF7F5FCCB
:10893000019B012663612030E7E70A4BC018089BC2
:108940001860094BF3189B00E3185869FFF7C4FC43
:108950007601E3E7C90003083A0103080F030000AA
:10896000CDFBFFFFCEFBFFFFFFFFFF3FF0B587B062
:108970000F0004A90600FFF74DFF00900191009B36
:10898000019C380005A902930394FFF743FF0D00F3
:1089900002000B0030693969049E401A05994001B4
:1089A000711A41180805002908DD01994118039141
:1089B00002980399D9F736F807B0F0BD2B1AF7E7FC
:1089C00070B514000500013913694911013189009E
:1089D00014349B004118E318A3420DD8140011343D
:1089E00000259C4203D89B1A113B9B089D00002345
:1089F0004019814203D870BD40CC40C5ECE708C0A7
:108A0000F7E70200006910B514324B11984213DBEE
:108A10000CDD1F2408002040214207D099008C580B
:108A20002100C140814001208C4204D19B00D31819
:108A3000934203D8002010BD0300F7E7043B1968F8
:108A40000029F5D00120F6E70300081E05D0FF2A13
:108A500004D98A2201201A604042704701200A701E
:108A6000FBE70000F0B5DDB01C000B9109920A9005
:108A700001F044FB036818002093D7F74FFB0B9BD2
:108A800018909B891B0617D50B9B1B69002B13D1D4
:108A900040210A98FDF7C0F90B9B18601861002867
:108AA00007D10C230A9A136001235B421A9300F04A
:108AB00011FC40230B9A536100230022329331931F
:108AC0000E93002316921793002333AF309723930E
:108AD000229314931D9321931A93099D2B78002BB5
:108AE00002D0252B00D090E0099BEE1A9D4216D0B3
:108AF0003B60329B7E609B193293319B0837013378
:108B00003193072B08DD0B990A9830AA02F074FA0A
:108B1000002800D0D8E333AF1A9B9B191A932B7807
:108B2000002B01D101F08AF900231B220126691CC8
:108B30001D0022A812181370764219934B1C15932E
:108B40000B781093109820385A2801D900F002FEB3
:108B5000D7F7F6FA9B0000060006A50000060006FF
:108B60000006800000060006A700AF000006AD006A
:108B7000B4000006D000D200D200D200D200D20051
:108B8000D200D200D200D200000600060006000685
:108B900000060006000654010006FD000F01540106
:108BA000540154010006000600060006E400000619
:108BB0000006D40400060006000618050006360567
:108BC0000006000666050006000600060006000610
:108BD00000060006000654010006FD0011015401C4
:108BE00054015401E6001101F9000006F2000006EC
:108BF000B604D6040705F90000061805A3003805D9
:108C0000000600065D000006A300013566E7A54BDF
:108C100028002393202318401D4201D100F003FDBA
:108C2000193B07349C43220018CA069307940D92FF
:108C3000EB070AD5069B079A134306D0302229ABCF
:108C40001A70109A5A7002231D43974B02201D4040
:108C500000F066FC0A9801F051FA4368180021936D
:108C6000D7F75CFA1D900A9801F048FA83681493CC
:108C70001D9B002B11D0149B002B0ED01B78002BBA
:108C80000BD08023DB001D4307E01B2322AA9B1887
:108C90001A78002A01D120321A7015994EE7012363
:108CA000F1E708CC1993002BF7DA5B421993042300
:108CB000E9E71B2322AA9B182B22EDE7159A159BA7
:108CC0001278013310922A2A0DD000260A21109A18
:108CD0001593303A092A00D934E74E43B6181A786A
:108CE00001331092F3E740CC002E01DA01267642E0
:108CF0001593D2E78023C6E700220A21159B19921B
:108D0000199A10984A433038821819921A78013308
:108D10001092303A092AF3D9159313E70823B2E7E2
:108D2000159B1B78682B05D1159B01331593802368
:108D30009B00A8E74023A6E7159B1B786C2B04D16A
:108D4000159B0133159320239DE710239BE72100FA
:108D500004C943AB0D911B211A70002222A80918E7
:108D60000A7001260C921B9212921392119209938F
:108D7000BEE110231D43AB062FD5072307349C43C8
:108D8000220018CA069307940D92079B0120002B1E
:108D90000BDA069B079C00225942A24106910792DA
:108DA0001B222D2122ABD2181170069A079B1A4361
:108DB000711C01D101F052F880212C008C43002A53
:108DC00001D001F050F8002E01D100F0B9FC0128CB
:108DD00001D001F04CF800F04DFC220008CA0D92C1
:108DE000EA0603D50693DB170793CEE76A0601D59B
:108DF0001BB2F7E7AA05F5D55BB2F3E70723073403
:108E00009C43220018CA0D92012216931794169BB8
:108E100052422493179B5B005B0825932498259965
:108E2000224BDAF7A7F8002824D1249825990122AB
:108E30001E4B5242D7F724FB00281BD116981799D6
:108E400000220023D7F712FB002804D01B2322AAFC
:108E50009B182D221A70164B0993109B472B01DD8E
:108E6000144B099380239D43002303260C931B93EB
:108E700001F02CF8169A179B10001900DAF77AF80F
:108E800000281DD0179B002B04DA1B2322AA9B1855
:108E90002D221A70084B0993109B472BE2DD074BDC
:108EA000DFE7C046A0020308FFFBFFFFFFFFEF7FE5
:108EB0009002030894020308980203089C02030826
:108EC000109B612B00D1E9E15822412B00D1E6E152
:108ED000731C00D109E22023109A0C909A43472A70
:108EE00002D1002E00D1013680235B002B431C935E
:108EF000179B002B00DBFBE1802212069446169B99
:108F00001E93179B63441F932D2327932023109AAE
:108F10009A431292412A00D006E21E981F992AAA6B
:108F200001F010F9FF2300229B05D9F7BFF90022B9
:108F300000230E900F91D7F793FA002801D0012358
:108F40002A93CF4B1393109B612B01D0CD4B1393DE
:108F5000099C731E00220E980F991193CA4BD9F7E2
:108F6000A5F90E900F91DAF727F81B90DAF760F861
:108F700002000B000E980F99D9F760FC139A0E901F
:108F80000F911B99119B525C2270013401330BD05D
:108F90000E980F99119B0022013B26930023D7F7CF
:108FA0005FFA002800D1A9E100220E980F99B74B73
:108FB0002694D7F76FFA00280CD10E980F9900224B
:108FC000B24BD7F74DFA002800D1A8E11B9BDB0775
:108FD00000D4A4E13020139B2E94DB7B2E9A013A1F
:108FE0002E921178994200D18AE14B1CDBB23929CB
:108FF00001D1139B9B7A1370269B099A9B1A0E939F
:109000002A9B1193129B472B00D0DCE1119B033369
:1090100003DB119BB34200DCFBE1109B023B10938E
:10902000119B40225C1E6B4610999B18203A002031
:109030001B782A949143412902D10F33DBB20130CE
:109040002CA90B702B23002C03DA0124119BE41AAA
:109050002D234B70092C00DCCDE1372322AA9B186D
:109060001293129E2000731E0A211293D7F7E2F981
:10907000731E3031197020000A211194D7F7F4F8CB
:10908000119B0400632BECDC2A2222A8B11E1218CB
:1090900037200B0030340C7022AC0019834200D210
:1090A000A4E10023814203D8393322AA9B189B1BD9
:1090B0002A2222A95218D3182CAA9B1A0E9A22935C
:1090C0009E18012A01DCEB0701D5189BF6188022B7
:1090D0006F4B52002B401A4300231C9212931393A0
:1090E0001193279B002B00D0E4E100231C9D1B93D0
:1090F0001B9B1C93B34200DA1C961B2322AA9B18CD
:109100001B785A1E93411C9AD3181C9302232B40A0
:10911000269302231D4202D01C9B02331C938423FE
:109120002B40279384231D421FD1199B1C9A9C1A04
:10913000002C1ADD3900319B5648329A0133083130
:109140003860102C00DD17E37C60A4180F00329407
:109150003193072B09DD0B990A9830AA01F04CFFD7
:10916000002801D000F049FE33AF1B2222A952187B
:109170001178329B002914D03A6001229B18329357
:10918000319B7A609B1831930837072B09DD0B99C7
:109190000A9830AA01F030FF002801D000F02DFE1F
:1091A00033AF269A329B002A15D029AA3A600222B0
:1091B0009B183293319B7A60013331930837072B28
:1091C00009DD0B990A9830AA01F016FF002801D09A
:1091D00000F013FE33AF279B802B1FD1199B1C9AE5
:1091E0009C1A002C1ADD3900319B2B48329A01332E
:1091F00008313860102C00DDD1E27C60A4180F002B
:1092000032943193072B09DD0B990A9830AA01F0AB
:10921000F3FE002801D000F0F0FD33AF1B9B9C1B38
:10922000002C1ADD3900319B1B48329A013308317A
:109230003860102C00DDC5E2A2187C6032920F006D
:109240003193072B09DD0B990A9830AA01F0D4FE5F
:10925000002801D000F0D1FD33AF329B1B93EB050A
:1092600000D5CBE2099B7E603B601B9BF618319BCF
:10927000329601333193072B00DDA3E3083701E376
:10928000A0020308B1020308000030400000E03FE4
:10929000FFFBFFFFD4020308C40203087822302139
:1092A00029AB19705A7002231D43632E15DD0A98ED
:1092B000711CFCF7B1FD0990002813D10B9B9A8912
:1092C000402313430B9A93810B9B9B895B0601D52B
:1092D000FFF7EAFB1A985DB0F0BD00230C9343AB97
:1092E000099301E6099B0C93FEE506260C90FBE52D
:1092F000169B179C1E931F94002306E6269B29E6C7
:1093000010706BE618700133CA1AFBD5119A00234E
:10931000013201DB119B0133E31826936CE6119AAD
:10932000230030201119EFE7129A34000323462A54
:1093300005D01400453C62425441013B34192EAA29
:1093400004922BAA03922AAA029200930A981E9AC8
:109350001F9B019401F062F8129B0990472B19D1D1
:10936000EB0701D42E9B48E6099B1B190E930022A4
:109370001E981F990023D7F773F8002801D00E9B81
:109380002E9330222E9B0E999942EBD9591C2E9187
:109390001A70F7E7099B1B190E93129B462BE6D117
:1093A000099B1B78302B0AD11E981F99002200239D
:1093B000D7F756F8002802D101231B1B2A932A9BBA
:1093C0000E9AD318D2E7129B462B00D028E6012232
:1093D0002B00119913403343002929DD002B42D083
:1093E000189A8B18F618662310932DE01C78013319
:1093F0001470013252E62A2222ABD218002804D17E
:1094000030232B228B7022ABD2183034531C1470B3
:1094100052E6119B0E9A93420FDA0E9B189A9E18F1
:1094200067231093119B002B0EDCF61A01360BE01C
:10943000002B1AD0189B0133D4E76723119E109399
:10944000EB0701D5189AB61880232A00DB001A40D2
:109450001392002212921D4200D142E6119B9342C8
:1094600025DC13923DE6119EBDE76623160010939E
:10947000EAE7119A93420FDAD31A1193149B5B789F
:10948000002B10D0139B01331393149B01331493BF
:10949000149B1B78FF2BECD1129A139B9B181D9ADF
:1094A00053439E191DE6129B01331293F0E7129B62
:1094B0001393EDE71B2322AA9B182D221A7014E6A2
:1094C000AB0609D523681A9A1A60D2175A60043479
:1094D000159B0993FFF701FBEB0603D523681A9A46
:1094E0001A60F4E76B0603D523681A9A1A80EEE730
:1094F000AD05F3D523681A9A1A70E8E710231D43C7
:109500002023280018401D420FD0193B07349C43EC
:10951000220018CA069307940D920020B34B1D40F9
:109520001B2222AB0021D2183EE4220008CA2900E7
:109530000D9210221140154202D006930790ECE7DD
:10954000402228001040154203D09BB20693079199
:10955000E3E780222900920011401542F6D0DBB2E9
:10956000EBE7230004CBA2490D930023069229AA1E
:109570000793118002339F4A18001D4376332392CC
:109580001093CDE7230004CB00240D931B230992F5
:1095900022AA9B181C70731C0DD032002100099860
:1095A00000F0C4FD0C90A04200D1E2E0099A861AB6
:1095B00023000C945BE40998D6F7B0FD0600F7E7AA
:1095C00010231D432023280018401D4209D0193BB9
:1095D00007349C43220018CA069307940D92012079
:1095E0009EE7230004CB29000D93102319401D4250
:1095F00002D006920790F2E74023280018401D424F
:1096000003D093B206930791E9E7802329009B00DA
:1096100019401D4202D0D3B20693EBE70692F2E75F
:10962000754BFFF7F5FA230004CB29000D931023A7
:1096300019401D4203D006920790FFF7F9FA402324
:10964000280018401D4204D093B206930791FFF7FB
:10965000EFFA802329009B0019401D4202D0D3B2AB
:109660000693E9E70692F1E7079B002B0CD1069BD6
:10967000092B09D8069B3033DBB2E72222A9521806
:109680001370099200F01BFC00230E938023DB0073
:1096900023405CAD0C930A22069807990023D6F765
:1096A00047FF6B1E303209931A700E9B11900133E5
:1096B0000E930C9B1291002B1DD0149B0E9A1B78BD
:1096C0009A4218D1FF2A16D0079B002B02D1069B85
:1096D000092B10D9099B1D9A21999B1A18000993EF
:1096E000FDF7ADFF0022149B0E925B785A1E93414A
:1096F000149AD3181493079B002B03D1069B092BB4
:1097000000D8DCE3119B099D0693129B0793C2E7E7
:109710000F20099B239A013B0993069B0340D35CCE
:10972000099A1370079B1907069B1A09079B114397
:109730001B0907930B00079A06911343E9D1BEE377
:109740005CAB0993002800D0B9E3ED0700D4B6E381
:10975000302392E7109B002B00D16FE3109A1B215E
:1097600043AB1A70002222A809180A700D94FFF763
:10977000F8FA0C9BFFF77BFB1020121878603292EE
:109780003193072B08DD0B990A9830AA01F034FCBD
:10979000002800D031E333A90F00103CCAE41020A8
:1097A0001218786032923193072B08DD0B990A98D2
:1097B00030AA01F021FC002800D01EE333A90F00DD
:1097C000103C10E510201218786032923193072B6C
:1097D00008DD0B990A9830AA01F00EFC002800D091
:1097E0000BE333A90F00103C1CE5C046FFFBFFFF55
:1097F00030780000A0020308B1020308109B652B1B
:1098000000DC4AE21698179900220023D6F728FEBA
:10981000002878D0CA4B1B9E3B6001237B60F61862
:10982000319B3296013331930837072B08DD0B99B2
:109830000A9830AA01F0E0FB002800D0DDE233AF47
:109840002A9B0E9A934201DBEB071BD5209B189AAB
:109850003B60189B7B60329B08379B183293319B8F
:1098600001333193072B08DD0B990A9830AA01F0D8
:10987000C3FB002800D0C0E233AF0E9B10265C1E55
:10988000002C2FDC6D0700D59AE2199B1C9A93429D
:1098900000DA13001A9AD3181A93329B002B07D0C0
:1098A0000B990A9830AA01F0A7FB002800D0A4E287
:1098B000002331930C9B002B00D0BAE20D9C33AFF8
:1098C00006E610327E6032923193072B08DD0B9949
:1098D0000A9830AA01F090FB002800D08DE233A94D
:1098E0000F00103C3900319B9648329A0133083101
:1098F0003860102CE5DC7C60A4180F0032943193A2
:10990000072BBFDD5EE02A9B002B77DC8C4B1B9E78
:109910003B6001237B60F618319B32960133319313
:109920000837072B08DD0B990A9830AA01F064FB71
:10993000002800D061E233AF0E992A9B329A0B4384
:10994000012129400B439DD0209B3B60189B7B60ED
:109950009A18319B3292013331930837072B08DD77
:109960000B990A9830AA01F047FB002800D044E286
:1099700033AF2A9C002C18DA644238003199714ABE
:10998000329E013108370260102C25DC4460A41996
:1099900032943191072908DD0B990A9830AA01F019
:1099A0002BFB002800D028E233AF099B329A3B60A2
:1099B0000E9BD2183292319A7B6001323192072A83
:1099C00000DC5BE40B990A9830AA01F015FB002833
:1099D00000D012E233AF55E71023F61843603296F9
:1099E0003191072908DD0B990A9830AA01F004FB90
:1099F000002800D001E233AF103CBEE70E9A099B6D
:109A00009446119C63441093944200DD1400002C92
:109A100014DD099B7C603B601B9B0837E618319B7B
:109A2000329601333193072B08DD0B990A9830AA3F
:109A300001F0E2FA002800D0DFE133AFE343DB17A7
:109A40001C40119B10261C1B002C00DD8DE0119A80
:109A5000099B9446634409936B050CD5139B002B1B
:109A600000D09DE0129B002B00D09CE0099B109A37
:109A7000934200D909922A9B0E9A934201DBEB078D
:109A800016D5209B189A3B60189B7B60329B083749
:109A90009B183293319B01333193072B08DD0B99CF
:109AA0000A9830AA01F0A8FA002800D0A5E133AF47
:109AB000099A109B2A9E9B1A0E9A961B9E4200DDC5
:109AC0001E00329B002E13DDF3183293319B099A4E
:109AD00001333A607E6031930837072B08DD0B991C
:109AE0000A9830AA01F088FA002800D085E133AF47
:109AF0000E9B2A9C1C1BF343DB171E40A41B102645
:109B0000002C00DCBEE63900319B0E48329A01334E
:109B100008313860102C00DCEDE610327E603292A5
:109B20003193072B08DD0B990A9830AA01F064FAEB
:109B3000002800D061E133A90F00103CE3E7C046E4
:109B4000C2020308C402030810327E6032923193CD
:109B5000072B08DD0B990A9830AA01F04DFA00286E
:109B600000D04AE133A90F00103C3900319BB948BD
:109B7000329A013308313860102CE5DC7C60A4187F
:109B80000F0032943193072B00DC60E70B990A98A1
:109B900030AA01F031FA002800D02EE133AF56E7A9
:109BA000129B002B5FD0129B013B1293219B1D9AAD
:109BB0003B601D9B7B60329B08379B183293319B27
:109BC00001333193072B08DD0B990A9830AA01F075
:109BD00013FA002800D010E133AF099A109B9B1AAA
:109BE000149A16789E4200DD1E00329B002E13DD73
:109BF000F3183293319B099A01333A607E603193B6
:109C00000837072B08DD0B990A9830AA01F0F4F900
:109C1000002800D0F1E033AF149B1C78F343DB172E
:109C20001E40A41B002C18DD3900319B8948329A54
:109C3000013308313860102C1CDC7C60A4180F0044
:109C400032943193072B08DD0B990A9830AA01F062
:109C5000D3F9002800D0D0E033AF149B099A1B78C9
:109C6000D3180993FAE6149B013B1493139B013B11
:109C700013939BE710201218786032923193072BD0
:109C800008DD0B990A9830AA01F0B6F9002800D037
:109C9000B3E033A90F00103CC6E73C001B9E319B8C
:109CA0000E9A013601330834012A03DC01221542E1
:109CB00000D180E0099A32963A60012231937A60AD
:109CC000072B08DD0B990A9830AA01F095F90028B6
:109CD00000D092E033AC209B189A2360189B6360FD
:109CE000329B08349B183293319B01333193072BFD
:109CF00007DD0B990A9830AA01F07EF900287CD183
:109D000033AC319B00221698179910930E9B329E0C
:109D10005F1E0023D6F7A4FB002826D1099B109ACA
:109D2000013323600E9B013E0132F61867603296C4
:109D300031920834072A07DD0B990A9830AA01F0FE
:109D40005BF9002859D133AC2CAB2360229B229ABB
:109D50006360329B9B183293319B01333193072B05
:109D600000DD2FE6083427008CE50E9B1026012B22
:109D7000EADD2100319B3748329A013308312060F7
:109D8000102F07DC67600C00BA1832923193072B52
:109D9000DADDD1E71032666032923193072B07DDAE
:109DA0000B990A9830AA01F027F9002825D133A988
:109DB0000C00103FDDE70999329606C73193E6E7BC
:109DC000199B1C9A10259C1A002C00DC5DE5319B28
:109DD0002149329A01333960102C19DC12197C6048
:109DE00032923193072B00DC4FE50B990A9830AA89
:109DF00001F002F9002800D147E50C9B002B01D1AE
:109E0000FFF762FA19000A98FDF786FDFFF75CFA82
:109E100010327D60329231930837072B07DD0B99A2
:109E20000A9830AA01F0E8F80028E6D133AF103CD8
:109E3000CDE70C990A98FDF76FFD3FE5329B002BAB
:109E400001D1FFF741FA0B990A9830AA01F0D4F832
:109E5000FFF73AFAC4020308D40203082C00002AD0
:109E600001D1FEF7B4FF012801D1FFF7FDFB5CAB88
:109E70000993022800D14BE4099A07211300013B02
:109E80000993069B0B40099930330B7007994907DA
:109E90008C4665460699C80807990543C908079185
:109EA0002900079806950143E6D1E10707D5302B35
:109EB00005D03021099B013B1970931E0993099A23
:109EC0005CAB1B969E1A002325000C9312931393F0
:109ED0001193FFF70DF9C04670B505000C1E19D09F
:109EE000002804D0436B002B01D1FDF7C1FA636E4B
:109EF000DB0705D4A3899B0502D4A06DFDF77EFC8A
:109F00000C22A35E002B08D1636EDB0702D4A06D88
:109F1000FDF775FC0026300070BD2100280000F020
:109F200037F8E36A0600002B06D02800E16998475D
:109F3000002801DA01267642A3891B0603D52800F2
:109F40002169FDF7E9FC216B002908D0230040338B
:109F5000994202D02800FDF7DFFC00232363616CE7
:109F6000002904D02800FDF7D7FC00236364FDF727
:109F70006FFA0023A381636EDB0702D4A06DFDF7A7
:109F80003EFCA06DFDF739FCFDF76AFAC3E700005F
:109F9000F7B50C228B5E05000C001A075ED48022F8
:109FA00012011A438A814A68002A02DCCA6B002A1D
:109FB00052DDA76A002F4FD0002280202E682A6031
:109FC0001A004001E1690240034237D0226DA389A3
:109FD0005B0706D56368D21A236B002B01D0E36BB5
:109FE000D21A00232800A76AE169B847431C06D1AA
:109FF0002A681D2A4AD82C4B1341DB0746D40C2271
:10A00000A35E2A4A1A40A28100226260226922606D
:10A01000DB0405D5431C02D12B68002B00D1206541
:10A02000216B2E60002917D023004033994202D0C3
:10A030002800FDF771FC002323630DE001232800B5
:10A04000B8470200431CC2D12B68002BBFD01D2B88
:10A0500001D0162B1AD12E6000201EE00E69002EB2
:10A06000FAD00F680E60BA1B019200229B0700D144
:10A070004A69A260019B002BEEDD636A32001F007B
:10A080002800019BE169B847002807DC4023012034
:10A09000A289404213431BB2A381FEBD019B361827
:10A0A0001B1A0193E6E7C046FEFFBFDFFFF7FFFF85
:10A0B00070B505000C00002804D0436B002B01D1C3
:10A0C000FDF7D6F90C22A35E1E1E15D0626ED207D4
:10A0D00004D49B0502D4A06DFDF790FB210028005D
:10A0E000FFF756FF636E0600DB0705D4A3899B05C7
:10A0F00002D4A06DFDF783FB300070BD00487047AF
:10A100005007002070B5074C074D641BA410002CAD
:10A1100002D102F0DDF870BD013CA300EB58984776
:10A12000F5E7C046BC030308B8030308C9B28218A8
:10A13000904201D10020704703788B42FBD0013060
:10A14000F6E7000070B5140000252560104D4B00A7
:10A150000A005B08AB421AD81D00054317D00D4D0D
:10A16000294209D100220C4BD8F7A0F836250A0065
:10A170004B006D425B082560084D1B155B19256877
:10A18000EB182360064B1A40064B1343190070BDB1
:10A19000FFFFEF7F0000F07F0000504302FCFFFF55
:10A1A000FFFF0F800000E03FF7B51C4F0400386848
:10A1B000160001930091FDF721FB194A1368002B4B
:10A1C00001D1184B13605A6838681F2A04DDFDF767
:10A1D00016FB01204042FEBD002C14D091005918FE
:10A1E0000F0088373E6001271E0097408536FF36F6
:10A1F0007568FC313D437560019DCD60022C02D134
:10A20000B1683943B160511C596002320099920023
:10A21000D150FDF7F4FA0020DDE7C046F008002039
:10A22000A8A10120ACA101207FB514001A00094BA0
:10A2300005001B680E00D868074B002C01D1074BA6
:10A240001C000749019302942B00009600F0C4FE05
:10A2500001F0D9FECC070020E40203081F03030825
:10A26000F1020308F8B500240B0C160CA34233D1FD
:10A27000A64221D18BB291B25943FBF7CDFD051E09
:10A2800032D00300083B5A6803239A43043A242A35
:10A2900032D80300132A0AD90460446008331B2A09
:10A2A00005D98460C460242A21D003001033002221
:10A2B0001A605A609A6018E0331C0D1C89B292B281
:10A2C0009BB24A43ADB25D43110C69180B0C07D128
:10A2D000090492B21143D0E7002E01D1151CEDE71D
:10A2E000FDF760FA0C23036000252800F8BD030089
:10A2F000046118334461DAE70021FDF76CF9F4E7F3
:10A30000F0B502690F6987B006000B0000200291CA
:10A31000BA426DDB013FBC00143305931B19039354
:10A32000330014331C19019323680493039B04988E
:10A330001D6801352900D5F70DFF049B0090AB4245
:10A340002BD3059B019D9C460023059304936246F5
:10A3500008CA28689446009A99B25143059A1B0C82
:10A360008918009A53430A0C9B181A0C89B205925B
:10A3700082B2521A0499000C52189BB21114C31ADB
:10A380005B18191492B21B041A43039B049104C571
:10A390006345DCD22368002B30D030000299FEF7F1
:10A3A00063F9002823DB34000025029914341431AA
:10A3B000236801C902936B461B8982B29A1A029BD9
:10A3C0005219000C1B0C1B1A10141B181D1492B2EE
:10A3D0001B041A43039B04C48B42E9D2019ABB00BD
:10A3E000D3181A68002A13D0009B013300930098F9
:10A3F00007B0F0BD2368002B04D1013F019B043C52
:10A40000A342F7D33761C8E71A68002A04D1013F95
:10A41000019A043B9A42F7D33761E5E7F0B514009F
:10A420001D00816B9DB00A940B95259E0390002919
:10A4300009D00123C26B93404A608B60FDF7B2FEE6
:10A440000023039A9363002D1EDA012333606B000F
:10A450005B080B930B9FB64BB54A3B40934216D11A
:10A46000B44B249A13603B031B0B234301D100F030
:10A4700085FDB14B269A0893002A02D0AF4B269A4D
:10A48000136008981DB0F0BD00233360E2E70A9A1C
:10A490000B9B129213931298139900220023D5F765
:10A4A000DFFF061E0BD00123249A1360269B002B8E
:10A4B00002D0A34B269A1360A24B0893E1E71AAB94
:10A4C00001931BAB00930398129A139BFEF7EEF9CE
:10A4D0007A000590520D00D17BE0139B189619036A
:10A4E000994B090B0B439949571812981399190066
:10A4F0000022974BD8F7A2F9964A974BD7F7D6FE8A
:10A50000964A974BD6F72AFF040038000D00D8F77B
:10A510008FFD944A944BD7F7C9FE02000B00200030
:10A520002900D6F71BFF04000D00D8F745FD0022D7
:10A530000490002320002900D5F798FF00280BD0B5
:10A540000498D8F775FD2B002200D5F789FF434208
:10A550005841049B1B1A049301231593049B162B4B
:10A5600010D812981399049A804BD2009B181A683D
:10A570005B68D5F77BFF002847D0049B013B049321
:10A580000023159300221A9B0692DB1B5A1E3ED510
:10A590000122D31A069300230D93049B002B38DB72
:10A5A000049A0D9B944663440D93002314920F93D9
:10A5B000229B0124092B67D8052B02DD0024043BD4
:10A5C0002293229B981E032867D8D5F7AFFD2B3A1C
:10A5D000385B1B9B1A9EF618654BF218202A0FDD7C
:10A5E00040239B1A9F40634B3800F318DC40204304
:10A5F000D8F74CFD0122604B771ECB18189276E7F6
:10A60000202320009B1A9840F2E71590BAE70D929C
:10A61000C3E7069B049A9B1A069353420F930023A9
:10A620001493C5E700231093239B0E930993002BEB
:10A6300013DC01231A000E93099323920DE00123EA
:10A64000F1E70023239A10939446049B63440E93EE
:10A6500001330993002B00DC0123002104221000A8
:10A66000143098421DD9039B1800D963FDF772FD81
:10A670000890002818D1B021404B4148089AFF317A
:10A68000FFF7D2FD0123DDE7002310942293013B65
:10A690000E93099300221333CFE701231093023B5B
:10A6A000F6E701315200DAE7039B089A9A63099BA7
:10A6B0000E2B00D9D7E0002C00D1D4E0049B002B56
:10A6C00062DD0F21049A294B0A40D2009B181E68B4
:10A6D0005F68049B02241D11DB050AD5294B0D4040
:10A6E0001A6A5B6A12981399D7F79CF90A900B9132
:10A6F0000134244B0C93002D08D10A980B99320099
:10A700003B00D7F78FF90A900B9158E001231D42C7
:10A7100009D0E4180C9B30001A685B683900D7F741
:10A72000C5FD06000F000C9B6D100833E2E7C04624
:10A730000000F07F0F270000290303082C03030803
:10A74000C3020308C20203080000F03F01FCFFFF40
:10A750000000F83F61436F63A787D23FB3C8608BA7
:10A76000288AC63FFB799F501344D33FC801030892
:10A770003204000012040000000010FEC9000308AB
:10A780002D030308A0010308049B0224002B16D00C
:10A79000129813990F225D422A40C34BD2009B1896
:10A7A0001A685B68D7F782FD012700230A900B9196
:10A7B000BE4E2D11002D00D0BAE0002BA3D10A9E71
:10A7C0000B9F159B002B00D1BDE00022300039000B
:10A7D000B74BD5F74BFE002800D1B4E0099B002B06
:10A7E00000D1B0E00E9B002B39DD049B0022013B21
:10A7F0000C933000AF4B3900D7F758FD0A900B91FE
:10A800000E9B013420001193D8F712FC0A9A0B9B7F
:10A81000D7F74CFDA84B0022D6F7A0FDA74B0600AA
:10A82000CF18119B002B00D091E00A980B990022C1
:10A83000A34BD8F703F832003B0004000D00D5F716
:10A8400029FE002800D0A1E2802109067B183200F1
:10A8500020002900D5F70AFE002800D044E1129B11
:10A86000139C0A930B941B9B002B00DA7BE1049A48
:10A870000E2A00DD77E18C4BD2009B185C681B68C8
:10A8800006930794239B002B03DA099B002B00DC23
:10A890001AE10A9E0B9F099B089D013B5B190A93D5
:10A8A000069A079B30003900D7F7BCF8D8F784FB2D
:10A8B0000990D8F7BDFB069A079BD7F7F7FC020073
:10A8C0000B0030003900D7F7B9FF2B00099A01358A
:10A8D00030321A700A9A2C009A4200D035E10200F8
:10A8E0000B00D6F73BFD069A079B06000F00D5F735
:10A8F000D1FD002800D013E1069A079B30003900F3
:10A90000D5F7AEFD002803D0099BDD0700D507E190
:10A9100005990398FDF746FC00232370049B249AB5
:10A9200001331360269B002B00D1AAE51C60A8E52B
:10A930003D4205D032687368D7F7B8FC3B0001345C
:10A940006D10083636E7049B0C93099B5AE7119A61
:10A95000554B013AD20010999B181A685B68002980
:10A9600050D000205749D7F75DF832003B00D7F7A9
:10A9700065FF089A060094460F00089B1693119BEA
:10A98000634411930A980B99D8F716FB0500D8F782
:10A990004FFB02000B000A980B99D7F74FFF169B4D
:10A9A00030350A900B9102005C1C1D7030000B00CA
:10A9B0003900D5F76FFD00286CD10A9A0B9B002057
:10A9C0003B49D7F73BFF02000B0030003900D5F7B9
:10A9D00061FD002800D0A5E0119BA34200D13EE715
:10A9E000002230003900334BD7F760FC002206000C
:10A9F0000F000A980B992F4BD7F758FC16940A9022
:10AA00000B91BFE730003900D7F750FC089D119A31
:10AA10002B00944616901791634419930A980B994A
:10AA2000D8F7CAFA0400D8F703FB0B0002000A9813
:10AA30000B99D7F703FF3034199B2C7001350600B2
:10AA40000F00AB4229D116981799089B119C9C4680
:10AA500000221C4B6444D6F781FC02000B0030003E
:10AA60003900D5F717FD00285CD1169A179B0020F6
:10AA70001449D7F7E3FE02000B0030003900D5F788
:10AA8000F5FC002800D1EAE62300013C2278302AB8
:10AA9000FAD01C000C9B04933AE70022054BD7F731
:10AAA00005FC0A900B91B9E7C8010308A00103084F
:10AAB0000000F03F0000244000001C400000C0FCEB
:10AAC000000014400000E03F099B002B0CD10698C9
:10AAD00007990022BE4BD7F7E9FB0A9A0B9BD5F7E3
:10AAE000E3FC002800D154E100263700239B089C9A
:10AAF000DB430C930023049331000398FDF752FBD2
:10AB0000002FC7D0049B002B05D0BB4203D01900F7
:10AB10000398FDF747FB39000398FDF743FBB9E7BE
:10AB2000049B0C9323001C00013B1A78392A08D19E
:10AB3000089A9A42F7D10C9A089901320C92302265
:10AB40000A701A7801321A70A4E70022A14BD7F7D5
:10AB5000ADFB0022002306000F00D5F781FC002882
:10AB600000D19DE6D4E6109F0F9D069C002F14D0C7
:10AB7000229A012A00DDC8E0189A002A00D1BEE01E
:10AB8000954A9B18069A0121D21806920D9A0398AD
:10AB9000D3180D93FDF7F0FB0700002C0ED00D9B92
:10ABA000002B0BDD0D9A2300944200DD1300069A62
:10ABB000E41AD21A06920D9AD31A0D930F9B002B0A
:10ABC0001FD0109B002B00D1B5E0002D10D0390014
:10ABD0002A000398FDF79AFC059A010007000398E4
:10ABE000FDF7E2FB060005990398FDF7DBFA0596F1
:10ABF0000F9B5A1BAB4204D005990398FDF786FCC6
:10AC0000059001210398FDF7B7FB149B0600002B6C
:10AC100000D1BDE11A0001000398FDF777FC229BEB
:10AC200006000025012B16DC00250A9BAB420ED145
:10AC30000B9B1B03AB420AD1684B0B9A134206D005
:10AC4000069B0135013306930D9B01330D93149B35
:10AC50000120002B08D0336903339B00F318586898
:10AC6000FDF73AFB2023181A0D9B181802001F232A
:10AC70001A40184265D001339B1A042B5DDD1C235A
:10AC80009B1A069AE418D21806920D9AD3180D93BF
:10AC9000069B002B05DD1A0005990398FDF778FC4B
:10ACA00005900D9B002B05DD31001A000398FDF780
:10ACB0006FFC0600159B002B45D031000598FDF771
:10ACC000D3FC00283FDA049B0A22013B0C93059930
:10ACD00000230398FDF770FA109B0590002B00D11C
:10ACE0005DE1002339000A220398FDF765FA0E9B07
:10ACF0000700002B55DC229B022B2DDC51E0362374
:10AD00001A9A0F9D069C9B1A3CE7099B5D1E0F9BA0
:10AD1000AB4208DB5D1B099B069C002B00DB31E787
:10AD2000E41A00232EE70F9B149AEB1AD3180F9501
:10AD300014930025EFE70F9A5EE7042BA8D01C338D
:10AD40009FE71300FBE7049B0C93099B0E93002BDA
:10AD500023DC229B022B20DD0E9B002B00D0C5E6BE
:10AD6000310005220398FDF727FA06000100059837
:10AD7000FDF77AFC002800DCB8E6089B089A5C1C0A
:10AD8000312313700C9B01330C93B3E6119E3700F3
:10AD9000F3E7049B099E0C93F9E7109B002B00D16D
:10ADA00001E1002C05DD390022000398FDF7F0FBDE
:10ADB00007003800002D26D079680398FDF7CAF9FE
:10ADC000041E13D12200064B0648074958E4C0462A
:10ADD0000000144000002440330400000000F07F15
:10ADE000C90003082D030308EF02000039003A6987
:10ADF0000C31023292000C30FCF715FD01222100CB
:10AE00000398FDF7C5FB089B0E9A0693013B9B1820
:10AE10000122049707000F930A9B13400E93310001
:10AE20000598FFF76DFA049905000A900598FDF75B
:10AE30001BFC3A000D9031000398FDF731FC012214
:10AE4000C368040030350992002B04D10100059835
:10AE5000FDF70AFC099021000398FDF7A3F9069B72
:10AE6000099A5C1C229B13430E9A134309D1392D76
:10AE700022D00D9B002B01DD0A9D3135069B1D70F4
:10AE80003AE60D9B002B04DB229A13430E9A1343E0
:10AE90001ED1099B002BF1DD059901220398FDF7D6
:10AEA00077FB31000590FDF7DFFB002802DCE5D1E0
:10AEB000EB07E3D5392DDFD13923069A1370230030
:10AEC0001C00013B1A78392A4FD001321A7013E660
:10AED000099B002B03DD392DEED00135CEE7069B13
:10AEE000069A1D700F9B93422AD000230A220599CF
:10AEF0000398FDF761F9049B0590BB4209D100233B
:10AF00000A2204990398FDF757F904900700069464
:10AF100085E7049900230A220398FDF74DF90023E1
:10AF200004900A2239000398FDF746F9EEE70E9BDC
:10AF30000124002B00DD1C00089B1C190023049336
:10AF4000059901220398FDF723FB31000590FDF7D9
:10AF50008BFB0028B3DC01D1ED07B0D423001C002B
:10AF6000013B1A78302AFAD0C6E5089A9A42A7D14E
:10AF70000C9B01330C9331231370BDE5144B269ABF
:10AF80000893144B002A01D0FFF779FAFFF779FAFA
:10AF9000229B012B00DC47E60120149D64E60E9BFA
:10AFA000002B00DCD5E6002431000598FFF7A8F956
:10AFB000089B303018550E9B013405009C42B6DAD0
:10AFC00000230A2205990398FDF7F6F80590EBE7B0
:10AFD00020030308280303080EB417B5054C05AB7E
:10AFE00004CB01002068019300F0C0F81EBC08BC2F
:10AFF00003B01847CC070020F0B5136887B01700DE
:10B000000393936800220C0016000590029293426D
:10B010000BD1002000237B6007B0F0BD039B1B68B1
:10B020000293039B5E6808330393A5682368002E90
:10B03000F4D0AE4232D30C21625E9021C9000A42A4
:10B040002CD0032021695B1A049363694343D80F12
:10B05000C3185B100193049B019801339B19834231
:10B0600000D90193520530D501990598FAF7D4FE1D
:10B07000051E34D0049A2169FCF7D5FBA2891E4B2A
:10B080001A4080231343A381049B2561ED1825609A
:10B090003500019B049A63619B1AA360B54200D9F5
:10B0A00035002A0002992068FCF782FAA3685B1B2E
:10B0B000A36023685B192360029B9B190293BB6802
:10B0C0009B1BBB60A5D00026AFE7019A0598FBF754
:10B0D000E7F8051ED8D121690598FCF71DFC0C2363
:10B0E000059A01201360A28934331343A3810023FE
:10B0F0004042BB608EE7C0467FFBFFFFF0B5936820
:10B1000085B001900D001400181E08D04B6E9B04F2
:10B1100027D51668A068002805D10023A360002366
:10B12000636005B0F0BD0027336802937368009335
:10B130009B080393039BBB4208DC0323009A083659
:10B140009A431300A268D31AA360E3E70299BB00F5
:10B15000C9582A00019800F02DFF431CDDD00137AB
:10B16000E8E7019800F030FDD7E70000F0B5C1B086
:10B170001C001D00069004910792002804D0436B28
:10B18000002B01D1FCF774F9049B5B6EDB0707D43D
:10B19000049B9B899B0503D4049B986DFCF72EFBB5
:10B1A000049B0C229A5E80239B011A4207D1134311
:10B1B000049A9381536EA74A1340049A5366049BE2
:10B1C0009B891B0703D5049B1B69002B18D104998D
:10B1D000069800F053FE002812D0049B5B6EDB073C
:10B1E00005D501235B420893089841B0F0BD049B4C
:10B1F0009B899B05F5D4049B986DFCF700FBF0E759
:10B20000049B0C229B5E1A221A400A2A16D1049A29
:10B210000E21525E002A11DB049A526ED20705D429
:10B220009B0503D4049B986DFCF7E9FA2300079A69
:10B230000499069800F084FC0890D5E7002317AE27
:10B2400014961693159303960C930D930E930F93E8
:10B250000893079C2378002B02D0252B00D087E091
:10B26000079BE71A9C4210D0039A1360169B576005
:10B27000DB191693159B01331593072B7ADC13000A
:10B2800008330393089BDB1908932378002B01D123
:10B2900000F011FC002212A9CA700121631C1400E5
:10B2A0004942059109925A1C1B78079218002038D0
:10B2B0005A2800D95CE3D4F743FFA0005B035B038B
:10B2C000A9005B035B035B0385005B035B03AB00CF
:10B2D000B3005B03B100B7005B03DC00DE00DE00FF
:10B2E000DE00DE00DE00DE00DE00DE00DE005B03EE
:10B2F0005B035B035B035B035B035B035B035B035E
:10B300000601EA015B035B035B035B035B035B0317
:10B310005B035B035B035B0341025B035B035B0358
:10B320007A025B0394025B035B03C2025B035B0371
:10B330005B035B035B035B035B035B035B035B031D
:10B340000601EC015B035B035B03EF00EC01020110
:10B350005B03FB005B03260243026E0202015B03F8
:10B360007A02A70096025B035B0367005B03A700FA
:10B3700001346FE70499069814AAFFF7BFFE00286E
:10B3800000D073E317AB7CE7334A20000C922022F5
:10B390001040144200D154E2193A0735954306CDC6
:10B3A00000910192E20709D5009A01990A4305D05C
:10B3B00013AA30215370022311701C43274B1C40E9
:10B3C0000223CBE10698FEF799FE436818000F931D
:10B3D000D4F7A4FE0E900698FEF790FE83680D93B6
:10B3E0000E9B002B10D00D9B002B0DD01B78002B3B
:10B3F0000AD08023DB001C4306E012ABDA7803336B
:10B40000002A01D120321A70079B4CE70123F2E792
:10B4100008CD0993002BF7DA5B4209930423EAE78E
:10B420002B2212ABDA70EFE7079B5A1C1B782A2BF2
:10B4300016D000210A2005911900303907920929F8
:10B4400000D933E7059B43435B180593137801321A
:10B45000F2E7C046FFDFFFFFA0020308FFFBFFFF8C
:10B4600008CD0593002B02DA01235B420593079276
:10B47000CAE78023BFE70021079A09910A3109989A
:10B48000303B48431B1809931378013218003038B9
:10B490000928F4D9079209E7079B1B78682B05D187
:10B4A000079B0133079380239B00A4E74023A2E777
:10B4B000079B1B786C2B04D1079B01330793202338
:10B4C00099E7102397E704CD27AB1A70002212A941
:10B4D000CA7001211E0005910B920B9B059A0A93DD
:10B4E000934200DA0A9212AB03331B785A1E93413F
:10B4F0000A9AD3180A9302232340109302231C4272
:10B5000002D00A9B02330A93842322001A4011922C
:10B510001C4221D1099B0A9A9F1A002F1CDD169B01
:10B5200003999C46CB48159B039A01330831106060
:10B53000102F00DD29E25760674416971593039199
:10B54000072B09DD0499069814AAFFF7D7FD0028F8
:10B5500000D08BE217AB039312A9C878169A159BFB
:10B56000033100280DD003980133016001215218E6
:10B57000416016921593072B00DD19E20300083392
:10B5800003931099169A159B00290ED0039813A9BE
:10B590000160022101335218416016921593072B66
:10B5A00000DD0EE2030008330393119B802B21D1B1
:10B5B000099B0A9A9F1A002F1CDD169B03999C4633
:10B5C000A548159B039A013308311060102F00DD48
:10B5D00000E257606744169715930391072B09DD26
:10B5E0000499069814AAFFF789FD002800D03DE2CF
:10B5F00017AB03930B9B059A9F1A002F1CDD169B1C
:10B6000003999C469448159B039A013308311060B6
:10B61000102F00DDF1E157606744169715930391F1
:10B62000072B09DD0499069814AAFFF767FD002887
:10B6300000D01BE217AB0393039A059B166053607F
:10B64000169B059A9B181693159B01331593072B90
:10B6500000DDE5E1039E0836640700D5E9E1099BBA
:10B660000A9A934200DA1300089AD3180893169B9B
:10B67000002B07D00499069814AAFFF73FFD002875
:10B6800000D0F3E10023159317AB0393E1E51023FA
:10B690001C43A30628D5072307359D430CCD0092F4
:10B6A0000193019A0123002A09DA009E019F0022DA
:10B6B0007142BA41009101922D2112AAD1700199D3
:10B6C000009A0A430599013100D102E28021270046
:10B6D0008F43002A00D000E2059A002A00D13DE104
:10B6E000012B00D0FCE1D8E008CDE20603D50093A1
:10B6F000DB170193D5E7620601D51BB2F7E7A20578
:10B70000F5D55BB2F3E7A30606D52B68089A1A6055
:10B71000D2175A6004359CE5E30603D52B68089AD6
:10B720001A60F7E7630603D52B68089A1A80F1E7D9
:10B73000A405F3D52B68089A1A70EBE710231C4375
:10B740002023200018401C420BD0193B07359D4395
:10B750000CCD00920193414B1C400023002112AA02
:10B76000ACE71022210008CD1140144202D0009312
:10B770000190F0E7402220001040144203D09BB219
:10B7800000930191E7E780222100920011401442CA
:10B79000F6D0DBB2EBE708CD31490093002313AAC2
:10B7A0001180304A019302331C430C92D6E70027E4
:10B7B00008CD1E0012ABDF70059B01330CD03900A1
:10B7C0003000059AFEF7B2FC0B90B84200D184E637
:10B7D000831B05930B9780E63000D4F79FFC059000
:10B7E000F8E710231C432023200018401C4207D0F8
:10B7F000193B07359D430CCD009201930123ADE722
:10B800001023210004CD19401C4203D00092019066
:10B810000F3BA3E74023200018401C4203D093B203
:10B8200000930191EAE7802321009B0019401C420C
:10B8300003D0D3B200930190E0E70092F1E70A4A07
:10B84000A3E51021270004CD0F400C420ED000923A
:10B850000190A7E59503030885030308FFFBFFFF9D
:10B8600030780000A0020308B10203084021200044
:10B8700008400C4203D092B20092019792E58021D9
:10B88000270089000F400C42F6D0D2B2DFE7019BBF
:10B89000002B0BD1009B092B08D8009B3033DBB267
:10B8A000B72212A952181600137040E140AB1E00D7
:10B8B00080230024DB003B400A930A220098019970
:10B8C0000023D4F735FE33003032013B1E001A70DE
:10B8D0000A9B0B9010910134002B1AD00D9B1B7802
:10B8E000A34216D1FF2C14D0019B002B02D1009B48
:10B8F000092B0ED90E9A0F99B31A18001E00FBF7E8
:10B900009EFE0D9B00245B785A1E93410D9AD3181E
:10B910000D93019B002B03D1009B092B00D806E15E
:10B920000B9B0093109B0193C7E740AB1E000F20B9
:10B930003300013B1E00009B0C9A0340D35C337024
:10B94000019B1907009B1A09019B11431B090193D5
:10B950000B00019A00911343EAD1E8E040AA1600D7
:10B96000002B00D0E3E0E40700D4E0E0303397E7B9
:10B97000002B00D19FE027AA1370002312A9CB70DF
:10B980000121160005910B93A7E510205060624637
:10B99000121816921593072B07DD0499069814AA1E
:10B9A000FFF7ACFB002861D117A9103F0391B6E562
:10B9B0000499069814AAFFF7A1FB002856D117ABEB
:10B9C000DEE50499069814AAFFF798FB00284DD1EC
:10B9D00017ABE9E5102050606246121816921593D5
:10B9E000072B07DD0499069814AAFFF787FB0028A8
:10B9F0003CD117A9103F0391DFE51020506062464B
:10BA0000121816921593072B07DD0499069814AAAD
:10BA1000FFF774FB002829D117A9103F0391EEE529
:10BA20000499069814AAFFF769FB00281ED117AEE7
:10BA300012E6099B0A9A10279C1A002C00DC0EE6DD
:10BA400015993E4A169B01313260102C22DC74603D
:10BA5000E41816941591072900DC00E6049906986D
:10BA600014AAFFF74BFB002800D1F8E5049B5B6E9E
:10BA7000DB0707D4049B9B899B0503D4049B986D2B
:10BA8000FBF7BDFE049B9B895B0601D4FFF7ACFB73
:10BA9000FFF7A7FB10337760169315910836072937
:10BAA00007DD0499069814AAFFF728FB0028DDD1CA
:10BAB00017AE103CC4E7169B002B02D10023159350
:10BAC000D4E70499069814AAFFF718FB0028F5D0CC
:10BAD000CCE72700002A00D102E6012B00D1D6E6F0
:10BAE000022B00D121E740AB1E0007239C46330008
:10BAF000013B32001E00634600990B400199303330
:10BB00004C0700993370C80801990443C908019192
:10BB10002100019800940143E9D1F90707D5302BA2
:10BB200005D033003021013B1970931E1E00059B88
:10BB30003C000B9340AB9B1B0593CEE4950303089D
:10BB4000F0B5150002221E4C1F008B89A5449343BB
:10BB50006A4693814B6E06001993CB8916A8D38150
:10BB6000CB690C0007934B6A09931AAB00930493BB
:10BB70008023DB000293059300230693FBF73CFE32
:10BB80002A003B0069463000FFF7F0FA051E07DB8C
:10BB900069463000FEF78CFA002801D001256D427D
:10BBA0006B469A8940231A4202D0A2891343A3818B
:10BBB0001698FBF722FE2800024B9D44F0BDC046BC
:10BBC00094FBFFFF6C040000F0B5936887B00C0095
:10BBD00002900492002B02D1002007B0F0BD8B89A7
:10BBE0001B0756D50B69002B53D0049B1B68019390
:10BBF0000C22A35E02221E00164013426FD10122C6
:10BC000001211A400B4200D1A2E030003700039618
:10BC1000002F00D10AE100280AD13A000A21039836
:10BC2000FEF784FA7E1C002802D0039B0130C61A5E
:10BC30000596BE4200D9059720682269A568636908
:10BC4000904200D8FBE0059AED18AA4200DCF6E02D
:10BC500003992A00FBF7ACFC236821005B190298CA
:10BC60002360FEF725FA00286DD10120761B05D14F
:10BC700021000298FEF71CFA002864D1039B049A65
:10BC80005B190393049B7F1B9B685B1B9360BFD175
:10BC9000A2E72100029800F0F1F80028A5D00120C9
:10BCA00040429AE7019B1E685D6808330193676A0A
:10BCB000E169002DF6D06E4A2B00954200D91300A1
:10BCC00032000298B84700283DDD049B049A9B6827
:10BCD00036181B1A2D1A9360002BE8D17CE700263A
:10BCE0003500E4E7019B1B680393019B5D68083303
:10BCF00001930C22A35E2068A668002DF2D080225A
:10BD00009200134262D0AE4237D89022D200134242
:10BD100033D02169421A0320059262694243D70F4A
:10BD2000BF18059A7F1001325219BA4200D9170084
:10BD30005B053CD539000298FAF76EF8061E0AD169
:10BD40000C23029A13604023A2891343A381A6E720
:10BD500015000392CDE7059A2169FBF764FDA289DE
:10BD6000444B1A4080231343A381059B2661F61898
:10BD700026602E006761FF1AA7602F00AE4200D92F
:10BD80002E00320003992068FBF712FCA3689B1B6E
:10BD9000A36023689B192360039B049ADB19039318
:10BDA000049BED1B9B68DB1B9360A2D114E73A0058
:10BDB0000298FAF775FA061ED7D121690298FBF7A7
:10BDC000ABFD8022A3899343A381B9E72369834212
:10BDD00002D36769AF4216D9AE4200D92E003200B5
:10BDE0000399FBF7E5FBA36822689B1B92193700B8
:10BDF000A3602260002BCFD121000298FEF758F9F2
:10BE00000028C9D09FE7802328001B069D4200D34D
:10BE100019483900D4F728FA3B00666A4343039A6D
:10BE2000E1690298B047071EB6DC8CE7019B002051
:10BE30001B680393019B5F6808330193E8E6059A4A
:10BE4000934208DC656A039AE1690298A847051ED7
:10BE500000DD0AE777E7059A0399FBF7A9FB059A46
:10BE6000A36815009B1AA36023689B182360FCE657
:10BE700000FCFF7F7FFBFFFFFFFFFF7F2D4B70B5B7
:10BE8000050018680C00002804D0436B002B01D17A
:10BE9000FBF7EEFA0C23E25E130723D4D30607D494
:10BEA00009232B60402301201343A38140423AE041
:10BEB000520713D5216B002908D023004033994243
:10BEC00002D02800FBF728FD002323632422A38946
:10BED0009343A38100236360236923600823A2891D
:10BEE0001343A3812369002B0BD1A0218022A389B6
:10BEF000890092000B40934203D02100280000F0FB
:10BF0000CDF80C23E25E012113000B400A420BD056
:10BF10000023A36063695B42A3610020236983421D
:10BF200001D11306BED470BD910700D46369A3602C
:10BF3000F3E7C046CC070020F0B585B00E00140032
:10BF40000190FBF7C7FB0500012819D1731EFE2BDA
:10BF500016D802AB1E710027AF4221D003ABD95DCA
:10BF6000A368013BA360002B04DAA26993421ADBA9
:10BF70000A2918D023685A1C226019700137EBE790
:10BF80002300320001985C3303A900F043F8050058
:10BF9000431CE0D14023A2891343A38101267642AA
:10BFA000300005B0F0BD2200019800F0B9F8013072
:10BFB000E4D1F3E7536E70B505000E001400DB0703
:10BFC00005D493899B0502D4906DFBF717FC0C23D5
:10BFD000E25E80239B011A4204D11A43A281626E61
:10BFE00013436366280022003100FFF7A5FF636E4C
:10BFF0000500DB0705D4A3899B0502D4A06DFBF7E0
:10C00000FEFB280070BD062010B500F005F90120E8
:10C0100000F056F97FB51D00084B04001E682B0088
:10C02000002901D10A0001A92000B047431C03D117
:10C0300000232B608A33236004B070BD40070020CA
:10C0400070B50E001D000E23C95E140096B00029C5
:10C0500009DAB2898023110019401A4218D18023CD
:10C06000DB00080010E06A4600F0E0F80028F0DB92
:10C07000F02301991B021940074B8020C9184B423D
:10C08000594180230001DB002960236016B070BD98
:10C0900000214023E5E7C04600E0FFFFF0B502269F
:10C0A0008B8905000C0085B0334207D02300433351
:10C0B000236023610123636105B0F0BD03AB02AAD5
:10C0C000FFF7BEFF029F019039002800F9F7A4FE98
:10C0D000002808D10C22A35E9A05EDD403229343D5
:10C0E0001E43A681E2E78023A28920601343A38137
:10C0F000039B20616761002B0CD028000E23E15EBA
:10C1000000F0A6F8002805D00323A2899A43023B39
:10C110001343A381A389019A1343A381CCE70000B1
:10C12000F8B506000D001400002804D0436B002B66
:10C1300001D1FBF79DF9A369A360A3891B0702D571
:10C140002369002B09D121003000FFF797FE00285A
:10C1500003D001256D422800F8BD0C23E25E802348
:10C160009B01EFB2EDB21A4205D11343A381134AEA
:10C17000636E1340636623692068C01A6369834253
:10C1800005DC21003000FDF793FF0028E1D1A36812
:10C190000130013BA36023685A1C22601F70636951
:10C1A000834204D0A389DB07D5D50A2DD3D1210042
:10C1B0003000FDF77DFF0028CDD0CAE7FFDFFFFF8D
:10C1C00070B504000D001F2904D916230360012057
:10C1D000404270BD0300FC33DB69002B04D08A00B1
:10C1E0009B181A68002A08D1200000F055F82A0090
:10C1F0000100200000F03EF8EBE7012A09D0511CB5
:10C2000003D1162303600120E3E700212800196011
:10C2100090470020DDE7000010B5034B01001868CF
:10C22000FFF7CEFF10BDC046CC070020002370B53D
:10C23000064D0400080011002B60F9F7AFFD431C08
:10C2400003D12B68002B00D0236070BDA0A101207A
:10C25000002370B5064D040008002B60F9F78FFD30
:10C26000431C03D12B68002B00D0236070BDC04657
:10C27000A0A10120002370B5064D040008001100A4
:10C280002B60F9F771FD431C03D12B68002B00D004
:10C29000236070BDA0A1012010B5F9F779FD10BD94
:10C2A000054A03001168002901D104491160106892
:10C2B000C31813607047C0463CA3012040A301206F
:10C2C000FEE70000F8B5C046F8BC08BC9E467047C3
:10C2D000F8B5C046F8BC08BC9E4670470000000098
:10C2E00001B40248844601BC604700BFF508002045
:10C2F000081C3044586C80000000000000004830EA
:10C300003152300050303152300048323352300018
:10C3100048323352310048323352330048303752BA
:10C3200033004830385236005030385236004830EA
:10C3300039523000483039523900483142523600C3
:10C34000483132523000483133523700483046527B
:10C3500031004830465236004830465237004831A6
:10C360004152320048304152390048314452310084
:10C370004831445235004830425234004831385236
:10C3800030004832365230004831355230004831A2
:10C390003052340048324152330048343152360072
:10C3A0004833425236004831385231004831465203
:10C3B000350048334252320048323152320048315F
:10C3C000375231004831355238004832425230003D
:10C3D00048303552300048334252370048324252DA
:10C3E0003100483037523800483038523700483131
:10C3F000365236005030385237004831395230000A
:10C400005250490000004831345241004831345202
:10C4100039000000000000000000000000000000E3
:10C420006D650000616C6C0069660000666F7200EB
:10C430004D6F6E64617900005475657364617900B5
:10C440005765646E657364617900000054687572A5
:10C4500073646179000000004672696461790000CC
:10C4600053617475726461790000000053756E64E5
:10C47000617900004A616E00466562004D6172009C
:10C48000417072004D6179004A756E004A756C000A
:10C4900041756700536570004F6374004E6F7600FE
:10C4A000446563000D0A424F532E726573706F6EC0
:10C4B00073653A20616C6C2C206D657373616765E0
:10C4C0002C20636C692C206E6F6E650D0A000000D5
:10C4D0000D0A424F532E74726163653A20616C6C91
:10C4E0002C206D6573736167652C20726573706FA6
:10C4F0006E73652C206E6F6E650D0A00424F532ED1
:10C50000636C6962617564726174653A20434C4979
:10C510002062617564726174652E20446566617580
:10C520006C74206973203932313630302E205468D3
:10C530006973206166666563747320616C6C20703A
:10C540006F7274732E20496620796F75206368615D
:10C550006E676520746869732076616C75652C2040
:10C560002020202020202020202020796F75206D81
:10C5700075737420636F6E6E65637420746F2061D1
:10C5800020434C4920706F7274206F6E2065616388
:10C5900068207374617274757020746F2072657393
:10C5A000746F7265206F7468657220417272617970
:10C5B00020706F72747320696E746F206465666199
:10C5C000756C742062617564726174650D0A000097
:10C5D000424F532E6465626F756E63653A20312059
:10C5E0002E2E2E2E2E2E2E2E2E2E2E2E2036353563
:10C5F0003336206D7365630D0A000000424F532EE1
:10C6000073696E676C65636C69636B74696D653AB9
:10C610002031202E2E2E2E2E203635353336206D0D
:10C620007365630D0A000000424F532E6D696E69F9
:10C630006E746572636C69636B74696D653A203101
:10C64000202E2E2E20323535206D7365630D0A00A5
:10C65000424F532E6D6178696E746572636C6963C5
:10C660006B74696D653A2031202E2E2E20323535BF
:10C67000206D7365630D0A000A0D54686973206D9F
:10C680006F64756C652077696C6C20626520666FDD
:10C690007263656420696E746F20626F6F746C6F73
:10C6A00061646572206D6F64652E0A0D506C656162
:10C6B00073652075736520746865202253544D207E
:10C6C000466C617368204C6F616465722044656DCF
:10C6D0006F6E73747261746F722220090909757428
:10C6E000696C69747920746F207570646174652059
:10C6F000746865206669726D776172652E0A0D0A2D
:10C70000092A2A2A20496D706F7274616E74202A7A
:10C710002A2A0A0D49662074686973206D6F647552
:10C720006C6520697320636F6E6E65637465642049
:10C730006469726563746C7920746F205043207053
:10C740006C6561736520636C6F73652074686973D1
:10C7500020706F72742066697273742E0A0D000067
:10C760000A0D4D6F64756C652025642077696C6CCB
:10C7700020626520666F7263656420696E746F2045
:10C78000626F6F746C6F61646572206D6F64652E8B
:10C79000000000000A0D506C6561736520757365BB
:10C7A00020746865202253544D20466C61736820C4
:10C7B0004C6F616465722044656D6F6E7374726155
:10C7C000746F7222207574696C69747920746F209B
:10C7D00075706461746520746865206669726D7730
:10C7E0006172652E0909090A0D0A092A2A2A2049B7
:10C7F0006D706F7274616E74202A2A2A0A0D2D20C2
:10C8000049662074686973206D6F64756C65206972
:10C810007320636F6E6E656374656420646972650E
:10C8200063746C7920746F20504320706C65617361
:10C830006520636C6F7365207468697320706F7214
:10C84000742066697273742E0A0D0909092D205926
:10C850006F75206D75737420706F776572206379C2
:10C86000636C652074686520656E7469726520412B
:10C8700072726179206166746572207468652075D2
:10C8800070646174652069732066696E6973686598
:10C89000642E0A0D000000000A0D52656D6F74656C
:10C8A0002075706461746520766961206D6F6475B0
:10C8B0006C652025642C20706F72742050256420D4
:10C8C00077696C6C20626520747269676765726550
:10C8D000642E00003D0000003E0000003C0000000F
:10C8E0003E3D00003C3D0000213D00000A0D284D6A
:10C8F0006F64756C653A506F727429090900000005
:10C9000050256409000000000A0A0D004D6F64758F
:10C910006C652025643A09000900000025640900BF
:10C9200025643A25640900000A0D00000A00000091
:10C930000A0D546865736520706F7274732061729C
:10C94000652072657665727365643A000A0D4D6FF5
:10C9500064756C65202564203A2050256400000031
:10C960000A0A0D416C6C206F7468657220706F72DA
:10C97000747320617265206E6F726D616C0A0D00B8
:10C980000A0D2A2A2A204D6F64756C6520256420C3
:10C99000537461747573202A2A2A0A000A0D436FA2
:10C9A0006E6E65637465642076696120706F727461
:10C9B0003A205025640A0D000A0D4669726D7761B0
:10C9C00072652076657273696F6E3A2025642E2534
:10C9D000642E2564000000004A756C203239203234
:10C9E000303235000A0D4669726D776172652064D8
:10C9F0006174653A202020202573000031323A34DA
:10CA0000343A3531000000000A0D4669726D7761D5
:10CA100072652074696D653A2020202025730A0D07
:10CA2000000000000A0D506F72747320537461741B
:10CA300075733A0A0A0D00005025643A2000000080
:10CA4000467265650A0D0000526563656976696E18
:10CA500067206D657373616765730A0D00000000E0
:10CA600053747265616D696E670A0D005265636586
:10CA70006976696E67207573657220636F6D6D618D
:10CA80006E64730A0D000000436F6E6E656374651B
:10CA90006420746F206120627574746F6E2F7377D9
:10CAA000697463680A0D00000A0D444D41205374F7
:10CAB0007265616D73205374617475733A0A0D0069
:10CAC0000A0D53747265616D696E6720444D412093
:10CAD0002564206973206672656500000A0D537431
:10CAE0007265616D696E6720444D4120256420693F
:10CAF000732073747265616D696E672066726F6D05
:10CB00002050256420746F20502564000A0D54685D
:10CB100065736520706F7274732061726520726531
:10CB20007665727365643A20000000005025642029
:10CB3000000000004E6F6E6500000000F25B000810
:10CB4000005C00080E5C00081C5C00082A5C000801
:10CB50006D650000616C6C00C666000854630008D7
:10CB6000706300088E630008BC630008EA63000875
:10CB70002A6400086A64000854630008D866000844
:10CB8000246500084465000866650008986500088B
:10CB9000CA6500080E660008526600082465000891
:10CBA000AA680008B8680008C6680008D4680008C9
:10CBB000E26800082E6900083C6900084A6900081C
:10CBC0005869000866690008257320253032642FF3
:10CBD000253032642F253034640000002530326463
:10CBE0003A253032643A253032640000081C304463
:10CBF000586C80000A0D0A0D3D3D3D3D3D3D3D3DDB
:10CC00003D3D3D3D3D3D3D3D3D3D3D3D3D3D3D3D54
:10CC10003D3D3D3D3D3D3D3D3D3D3D3D3D3D3D3D44
:10CC20003D3D3D3D3D3D3D3D3D3D3D3D09202020BF
:10CC300020200A0D3D3D3D3D3D3D3D3D3D3D3D3DC1
:10CC40003D3D3D3D3D3D3D3D3D3D3D3D3D3D3D3D14
:10CC50003D3D3D3D3D3D3D3D3D3D3D3D3D3D3D3D04
:10CC60003D3D3D3D3D3D3D3D0920202020200A0D1C
:10CC70007C7C202020202020202020202020576580
:10CC80006C636F6D6520746F204269747A4F532016
:10CC9000434C49212020202020202020202020201B
:10CCA00020207C7C0909200A0D7C7C20202020206B
:10CCB000202028432920434F5059524947485420A7
:10CCC000484558414249545A20323031372D32308C
:10CCD00032352E20202020202020207C7C0920207E
:10CCE0002020200A0D7C7C202020202020202020B5
:10CCF0002020202020202020202020202020202034
:10CD00002020202020202020202020202020202023
:10CD1000202020202020207C7C0909200A0D7C7CFA
:10CD2000202020202020506C656173652063686599
:10CD3000636B207468652070726F6A656374207716
:10CD40006562736974652061742020202020202092
:10CD50007C7C0909200A0D7C7C20202020202020BA
:10CD6000202020202020687474703A2F2F68657866
:10CD7000616269747A2E636F6D2F2020202020203D
:10CD80002020202020202020207C7C092020202002
:10CD9000200A0D7C7C202020202020202020202004
:10CDA0002020202020202020202020202020202083
:10CDB0002020202020202020202020202020202073
:10CDC00020202020207C7C0920202020200A0D7C8F
:10CDD0007C202020547970652068656C7020666F17
:10CDE000722061206C697374206F662061766169BE
:10CDF0006C61626C6520636F6D6D616E64732E2073
:10CE0000207C7C0920202020200A0D3D3D3D3D3D19
:10CE10003D3D3D3D3D3D3D3D3D3D3D3D3D3D3D3D42
:10CE20003D3D3D3D3D3D3D3D3D3D3D3D3D3D3D3D32
:10CE30003D3D3D3D3D3D3D3D3D3D3D3D3D3D3D0956
:10CE400020202020200A0D3D3D3D3D3D3D3D3D3D06
:10CE50003D3D3D3D3D3D3D3D3D3D3D3D3D3D3D3D02
:10CE60003D3D3D3D3D3D3D3D3D3D3D3D3D3D3D3DF2
:10CE70003D3D3D3D3D3D3D3D3D3D3D09202020208A
:10CE8000200A0A0D000000000D0A00000D0A5B5088
:10CE90007265737320454E54455220746F20657837
:10CEA0006563757465207468652070726576696F56
:10CEB000757320636F6D6D616E6420616761696E6B
:10CEC0005D0D0A3E00000000436F6E6E6563746581
:10CED0006420746F206D6F64756C65202564202854
:10CEE0002573292C20706F7274205025642E0A0A35
:10CEF0000D3E0000696620000A43616E6E6F74206B
:10CF000073746F7265206D6F726520436F6D6D6114
:10CF10006E6420536E6970706574732E20506C655A
:10CF20006173652064656C657465206578697374E8
:10CF3000696E67206F6E657320616E64207472790C
:10CF400020616761696E2E0A0D000000656E642025
:10CF500069660000000000000A436F6E646974692E
:10CF60006F6E616C2073746174656D656E742061A1
:10CF70006363657074656420616E642061646465D8
:10CF80006420746F20436F6D6D616E6420536E6911
:10CF900070706574732E0A0D00000000626F7300DC
:10CFA00057726F6E67206D6F64756C65206E616D72
:10CFB000652120506C65617365207472792061670A
:10CFC00061696E2E0A0D000057726F6E67206D6FDB
:10CFD00064756C652049442120506C65617365203F
:10CFE00074727920616761696E2E0A0D000000007D
:10CFF000436F6D6D616E642062726F616463617313
:10D0000074656420746F20616C6C0A0D0000000070
:10D0100025734D756C74696361737420436F6D6D16
:10D02000616E6420666F7277617264656420746FEC
:10D030002067726F75702025730A0D00757064612A
:10D0400074650000436F6D6D616E6420666F72776A
:10D05000617264656420746F204D6F64756C652027
:10D0600025640A0D0000000025734D6F64756C6522
:10D07000202564206973206E6F7420726561636877
:10D0800061626C652E0A0D00636C69636B656400F8
:10D09000646F75626C6520636C69636B6564000026
:10D0A00072656C656173656400000000200000001B
:10D0B00068770008B4760008CA760008E0760008B1
:10D0C000067700081C77000842770008081C3044E7
:10D0D000586C80003D3D003E00003C00003E3D009D
:10D0E0003C3D00213D00000072756E2D74696D6538
:10D0F0002D7374617473000072756E2D74696D65A3
:10D100002D73746174733A0D0A20446973706C61F5
:10D11000792061207461626C652073686F77696E35
:10D120006720686F77206D7563682070726F636524
:10D130007373696E672074696D652065616368202B
:10D140004672656552544F53207461736B20686159
:10D150007320757365640D0A0D0A0000E8D002089B
:10D16000F8D002085D7B0008000000007461736B5A
:10D170002D737461747300007461736B2D7374612B
:10D1800074733A0D0A20446973706C6179206120D0
:10D190007461626C652073686F77696E672074686C
:10D1A00065207374617465206F6620656163682013
:10D1B0004672656552544F53207461736B0D0A0DAE
:10D1C0000A0000006CD1020878D102081D7B00081B
:10D1D0000000000070696E670000000070696E67F3
:10D1E0003A0D0A2050696E672061206D6F64756C7E
:10D1F000650D0A0D0A000000D4D10208DCD1020836
:10D200009D7B00080000000075706461746500007B
:10D210007570646174653A0D0A20507574207468E5
:10D2200065206D6F64756C6520696E20666163743E
:10D230006F727920626F6F746C6F61646572206DBC
:10D240006F646520746F2075706461746520697403
:10D2500073206669726D776172652E0D0A0A09097D
:10D260000909090920202D205573652027236E2EDA
:10D270007570646174652720746F207570646174C3
:10D28000652072656D6F7465206D6F64756C6520C7
:10D290006E2E204D616B6520737572652074686514
:10D2A0002070726F6772616D6D696E6720706F724A
:10D2B000742069732074686520696E636F6D696E90
:10D2C0006720706F7274206F662074686973206DB8
:10D2D0006F64756C652E0D0A09090909090920207A
:10D2E0002D205573652027757064617465207669FB
:10D2F0006120236E2070782720746F20757365205D
:10D3000074686520535420466C617368204C6F61CB
:10D3100064657220746F6F6C2077697468206D6F1C
:10D3200064756C65206E2C20706F72742078207488
:10D330006F207570646174652061206E656967682F
:10D34000626F72206D6F64756C652E20546869730E
:10D350002069732075736566756C206966200909FC
:10D360000909090909746172676574206D6F647534
:10D370006C65206973206E6F742070617274206F09
:10D38000662074686520746F706F6C6F6779206FAA
:10D39000722069662070726F6772616D6D696E6769
:10D3A00020706F7274206973206E6F7420696E2014
:10D3B0007468652073686F7274657374207061742B
:10D3C0006820746F20746172676574206D6F647576
:10D3D0006C652E0D0A0D0A0008D2020810D2020850
:10D3E000397C0008FF0000006578706C6F72650082
:10D3F0006578706C6F72653A0D0A204578706C6FB5
:10D4000072652074686520617272617920616E6452
:10D41000206275696C642069747320746F706F6C1E
:10D420006F67790D0A0D0A00E8D30208F0D30208ED
:10D43000397E00080000000072657365740000000A
:10D4400072657365743A0D0A2052657365742074B1
:10D450006865206D6F64756C650D0A0D0A0000002B
:10D4600038D4020840D40208317F000800000000D0
:10D470006E616D65000000006E616D653A0D0A20F9
:10D480004E616D6520746865206D6F64756C6520F4
:10D490007769746820616E20616C6961732028313E
:10D4A0007374207061722E290D0A0D0A00000000AD
:10D4B00070D4020878D40208417F000801000000FF
:10D4C00067726F757000000067726F75703A0D0AB1
:10D4D0002047726F7570206D756C7469706C652073
:10D4E0006D6F64756C65732028326E642B207061DB
:10D4F000722E2920696E746F2061206E6577206F0F
:10D5000072206578697374696E672067726F7570D1
:10D510002028317374207061722E290D0A0D0A00C3
:10D52000C0D40208C8D4020829800008FF00000007
:10D5300073746174757300007374617475733A0D5C
:10D540000A20446973706C6179206D6F64756C6535
:10D55000207374617475730D0A0D0A0030D50208CA
:10D5600038D502082583000800000000696E666F48
:10D5700000000000696E666F3A0D0A2044697370FE
:10D580006C617920617272617920696E666F726D6B
:10D590006174696F6E0D0A0D0A0000006CD50208F7
:10D5A00074D5020841830008000000006164642D06
:10D5B000627574746F6E00006164642D62757474BA
:10D5C0006F6E3A0D0A20446566696E6520612062BF
:10D5D0007574746F6E206174206F6E65206F6620A5
:10D5E00074686520617272617920706F7274732E35
:10D5F00020427574746F6E207479706520282773CB
:10D6000077697463682D6E6F272C20277377697490
:10D6100063682D6E63272928317374207061722E20
:10D62000292C20427574746F6E20706F72742028DC
:10D63000326E64207061722E290D0A0D0A000000FE
:10D64000ACD50208B8D502083D84000802000000ED
:10D6500072656D6F76652D627574746F6E00000073
:10D6600072656D6F76652D627574746F6E3A0D0A12
:10D670002052656D6F7665206120627574746F6EDF
:10D680002074686174207761732070726576696FA9
:10D6900075736C7920646566696E656420617420B9
:10D6A0007468697320706F727420283173742070ED
:10D6B00061722E290D0A0D0A0000000050D60208E2
:10D6C00060D602084D8500080100000073657400F3
:10D6D0007365743A0D0A205365742061207061727D
:10D6E000616D657465722028317374207061722ECB
:10D6F000292077697468206120676976656E2076D5
:10D70000616C75652028326E64207061722E290D5F
:10D710000A0D0A00CCD60208D0D60208E18500081E
:10D72000FF000000676574006765743A0D0A2047C2
:10D730006574207468652063757272656E742076F6
:10D74000616C7565206F66206120706172616D6526
:10D750007465722028317374207061722E290D0A4D
:10D760000D0A000024D7020828D702088991000872
:10D77000FF00000064656661756C74006465666135
:10D78000756C743A0D0A20547970652027646566BB
:10D7900061756C7420706172616D732720746F20E5
:10D7A00073657420616C6C20706172616D65746565
:10D7B000727320746F2064656661756C7420766185
:10D7C0006C7565730D0A2054797065202764656651
:10D7D00061756C742061727261792720746F207298
:10D7E000656D6F76652063757272656E7420746FF7
:10D7F000706F6C6F67790D0A0D0A000074D702080C
:10D800007CD70208259500080100000074696D6549
:10D810000000000074696D653A0D0A204469737058
:10D820006C61792063757272656E742074696D65C0
:10D8300020696E2048483A4D4D3A53532D6D73651B
:10D840006320666F726D61740D0A0D0A000000009E
:10D850000CD8020814D802081D9600080000000029
:10D860006461746500000000646174653A0D0A200B
:10D87000446973706C61792063757272656E74208F
:10D880006461746520696E205765656B64617920F9
:10D890004D4D2F44442F5959595920666F726D616F
:10D8A000740D0A0D0A00000060D8020868D802084A
:10D8B000F5960008000000007365742D62617564C0
:10D8C00072617465000000007365742D6261756497
:10D8D000726174653A0D0A205365742055415254A3
:10D8E0002062617564726174650D0A092831737470
:10D8F00020706172616D65746572293A2050312023
:10D90000746F2050360D0A0928326E6420706172DF
:10D91000616D65746572293A206261756472617423
:10D92000650D0A0D0A000000B8D80208C8D8020820
:10D930002997000802000000757569640000000066
:10D94000757569643A0D0A20446973706C617920B9
:10D950004D435520756E69717565205549440D0A12
:10D960000D0A000038D9020840D90208E9970008DA
:10D97000000000006964636F646500006964636FA0
:10D9800064653A0D0A20446973706C6179204D43D7
:10D9900055204944434F444520284445565F494457
:10D9A00020616E64205245565F4944290D0A0D0AD4
:10D9B0000000000074D902087CD902087998000898
:10D9C00000000000666C6173682D73697A65000061
:10D9D000666C6173682D73697A653A0D0A20446933
:10D9E00073706C6179204D435520466C61736820DB
:10D9F00073697A6520696E204B62797465730D0ACC
:10DA00000D0A0000C4D90208D0D90208F598000810
:10DA100000000000736E697000000000736E697092
:10DA20003A0D0A20446973706C61792061206C6939
:10DA30007374206F662073746F72656420436F6D1A
:10DA40006D616E6420536E69707065747320746FBD
:10DA50002065646974206F722064656C6574650D5F
:10DA60000A0D0A0014DA02081CDA020829990008D3
:10DA7000000000006163742D736E69700000000087
:10DA80006163742D736E69703A0D0A204163746985
:10DA900076617465206120436F6D6D616E64205303
:10DAA0006E69707065740D0A0D0A000074DA020860
:10DAB00080DA0208519C0008010000007061757353
:10DAC000652D736E6970000070617573652D736EDE
:10DAD00069703A0D0A205061757365206120436FAB
:10DAE0006D6D616E6420536E69707065740D0A0D02
:10DAF0000A000000BCDA0208C8DA0208099D000822
:10DB00000100000064656C2D736E697000000000F8
:10DB100064656C2D736E69703A0D0A2044656C65FE
:10DB20007465206120436F6D6D616E6420536E6972
:10DB3000707065740D0A0D0A0000000004DB020815
:10DB400010DB0208C19D00080100000062726964D8
:10DB5000676500006272696467653A0D0A20427267
:10DB6000696467652074776F2061727261792070D3
:10DB70006F7274730D0A0D0A000000004CDB02087E
:10DB800054DB0208959F000802000000756E627267
:10DB90006964676500000000756E6272696467659C
:10DBA0003A0D0A20556E2D6272696467652074779C
:10DBB0006F20617272617920706F7274730D0A0D3B
:10DBC0000A0000008CDB020898DB0208B1A0000804
:10DBD00002000000746573742D706F727400000091
:10DBE000746573742D706F72743A0D0A20746573C6
:10DBF0007420706F72742066756E6374696F6E61E5
:10DC00006C6974792E20796F752063616E2063686A
:10DC10006F6F73652065697468657220746F207416
:10DC2000657374206F6E65207370656369666963E0
:10DC300020706F7274206F7220746F20746573741B
:10DC400020616C6C20706F7274732E20706C656133
:10DC500073652074797065205078207768657265E7
:10DC60002078207374616E647320666F722074680C
:10DC700065206E756D626572206F6620706F7274BC
:10DC8000206F722074797065203C616C6C3E20744A
:10DC90006F207465737420616C6C20706F72740DEA
:10DCA0000A0D0A00D4DB0208E0DB0208CDA100085F
:10DCB00001000000726561642D6164630000000072
:10DCC000726561642D6164633A0D0A205265616476
:10DCD0002061646320766F6C746167652056616CA7
:10DCE00075652066726F6D205032206F7220503142
:10DCF00020616E642063686F6F73652074686520AF
:10DD000073696465207768657265617320746F70EC
:10DD1000206F7220626F74746F6D0D0A0D0A00001F
:10DD2000B4DC0208C0DC0208A5A400080200000060
:10DD3000726561642D74656D7000000072656164C8
:10DD40002D74656D703A0D0A205265616420696E0C
:10DD50007465726E616C2074656D70657261747546
:10DD600072650D0A0D0A000030DD02083CDD020874
:10DD7000B9A5000800000000726561642D76726527
:10DD800066000000726561642D767265663A0D0A60
:10DD9000205265616420696E7465726E616C2072D8
:10DDA00065666572656E636520566F6C7461676544
:10DDB0000D0A0D0A0000000078DD020884DD02086B
:10DDC0000DA6000800000000726561642D616463A7
:10DDD0002D70657263656E7461676500726561645C
:10DDE0002D6164632D70657263656E746167653A59
:10DDF0000D0A204765742061646320766F6C74613E
:10DE000067652070657263656E7461676520766111
:10DE10006C75652066726F6D205032206F722050D5
:10DE2000310D0A0D0A000000C8DD0208DCDD020821
:10DE300061A60008020000005461736B20537461F6
:10DE40007465205072696F726974792053746163CC
:10DE50006B20230D0A2A2A2A2A2A2A2A2A2A2A2A2F
:10DE60002A2A2A2A2A2A2A2A2A2A2A2A2A2A2A2A12
:10DE70002A2A2A2A2A2A2A2A2A2A2A2A2A2A2A2A02
:10DE80002A2A2A2A2A0D0A005461736B20416273E0
:10DE90002054696D6520252054696D650D0A2A2A74
:10DEA0002A2A2A2A2A2A2A2A2A2A2A2A2A2A2A2AD2
:10DEB0002A2A2A2A2A2A2A2A2A2A2A2A2A2A2A2AC2
:10DEC0002A2A2A2A2A2A0D0A0000000076696100FF
:10DED000200000004D6F64756C6573205B000000CE
:10DEE0002C2000000A0D4E756D626572206F662051
:10DEF0006D6F64756C65733A2025640A000000003C
:10DF00000A0D417272617920746F706F6C6F67795E
:10DF10003A0A0000436F756C64206E6F742072655E
:10DF2000616420706F7274732064697265637469D0
:10DF30006F6E20666F7220736F6D65206D6F6475F4
:10DF40006C65732120506C65617365207472792053
:10DF5000616761696E0A0D007377697463682D6E7D
:10DF60006F0000007377697463682D6E63000000B2
:10DF7000626F732E00000000726573706F6E7365C0
:10DF800000000000616C6C006D6573736167650073
:10DF9000636C69006E6F6E650000000074726163EF
:10DFA00065000000636C696261756472617465008C
:10DFB0006465626F756E63650000000073696E676B
:10DFC0006C65636C69636B74696D65006D696E691E
:10DFD0006E746572636C69636B74696D65000000D3
:10DFE0006D6178696E746572636C69636B74696D79
:10DFF00065000000616D0000706D00006D6F6E6463
:10E000006179000074756573646179007765646E89
:10E010006573646179000000746875727364617976
:10E0200000000000667269646179000073617475B4
:10E03000726461790000000073756E64617900009C
:10E040006A616E75617279003120000066656272E6
:10E050007561727900000000322000006D6172630A
:10E060006800000033200000617072696C000000DD
:10E07000342000006D617900352000006A756E65FE
:10E0800000000000362000006A756C790000000076
:10E090003720000061756775737400003820000038
:10E0A00073657074656D6265720000003920000050
:10E0B0006F63746F62657200313000006E6F766559
:10E0C0006D626572000000003131000064656365B7
:10E0D0006D62657200000000313200006D736700F0
:10E0E00025640A0D0000000025732325640A0D0035
:10E0F000706172616D73000061727261790000007D
:10E10000414D0000504D000025730000257325305F
:10E11000385800000D0A000053544D333247304246
:10E1200031000000554E4B4E4F574E0050617573F5
:10E130006564004163746976650000004800000072
:10E140005032000050310000746F7000626F7474C0
:10E150006F6D000061646320766F6C746167652089
:10E160006973203D2025302E3266200D0A00000004
:10E17000696E7465726E616C2074656D7065726134
:10E180007475726520697320252E326643200D0A4E
:10E1900000000000696E7465726E616C20726566C5
:10E1A0006572656E636520766F6C74616765206962
:10E1B00073203D20252E326656200D0A00000000F7
:10E1C00061646320766F6C7461676520706572634B
:10E1D000656E74616765206973203D20252E326667
:10E1E000252520250D0A000048692066726F6D20E4
:10E1F0006D6F64756C652025640D0A0048692066A2
:10E20000726F6D206D6F64756C6520256420282504
:10E2100073290D0A00000000557064617465206662
:10E2200069726D7761726520666F72206D6F6475BB
:10E230006C652025640A0D0057726F6E6720766149
:10E240006C7565210A0D00000A54686520617272C0
:10E250006179206973206265696E67206578706CEA
:10E260006F7265642E20506C6561736520776169FB
:10E27000742E2E2E0A0D00000A54686520617272F9
:10E280006179206578706C6F726174696F6E20734C
:10E2900075636365656465642E204920666F756EDD
:10E2A00064202564206D6F64756C657320696E63EE
:10E2B0006C7564696E67206D7973656C662E204895
:10E2C0006572652069732074686520646973636F83
:10E2D000766572656420746F706F6C6F67793A0A47
:10E2E0000D0000000A546865206172726179206532
:10E2F00078706C6F726174696F6E206661696C65AD
:10E30000642E20506C6561736520646F75626C6566
:10E3100020636865636B20636F6E6E656374696FFD
:10E320006E732C20726573657420746865206D6F40
:10E3300064756C657320616E642074727920616706
:10E3400061696E2E0A0D00004D6F64756C652025A5
:10E3500064206973206E616D65642025730A0D0069
:10E360002573206973206120726573657276656418
:10E3700020424F53206B6579776F72642120506C77
:10E3800065617365207573652061206469666665E3
:10E3900072656E7420616C6961730A0D0000000083
:10E3A000257320697320616C7265616479207573CF
:10E3B00065642120506C656173652075736520610B
:10E3C00020646966666572656E7420616C6961734C
:10E3D0000A0D0000257320697320616E206578693D
:10E3E0007374696E6720434C4920636F6D6D616E75
:10E3F000642120506C656173652075736520612010
:10E40000646966666572656E7420616C6961730A21
:10E410000D000000257320697320612077726F6EF4
:10E4200067206D6F64756C65204944206F722061B0
:10E430006C6961730A0D0000506C6561736520653D
:10E440006E74657220736F6D65206D6F64756C6599
:10E450002049447320746F2061646420746F202508
:10E46000730A0D005D20616464656420746F206E22
:10E4700065772067726F75702025730A0D000000A4
:10E480005D20616464656420746F206578697374CD
:10E49000696E672067726F75702025730A0D000022
:10E4A00041206E657720257320627574746F6E202D
:10E4B0006E616D6564204225642077617320646518
:10E4C00066696E656420617420706F7274205025D7
:10E4D000640A0D00427574746F6E204225642077C3
:10E4E00061732072656D6F7665642066726F6D2052
:10E4F000706F7274205025640A0D00002573207718
:10E5000061732073657420746F2025730A0D0000F9
:10E510000A596F75206D757374207265737461721A
:10E520007420746F20656E61626C6520746865206C
:10E530006E65772062617564726174652E0A0D00E4
:10E5400054686973206166666563747320616C6CDE
:10E5500020706F7274732E20496620796F75206366
:10E5600068616E676520746869732076616C756593
:10E570002066726F6D2064656661756C742C20096D
:10E580000909090909090909090909202020796FE0
:10E5900075206D75737420636F6E6E65637420747F
:10E5A0006F206120434C4920706F7274206F6E2081
:10E5B00065616368207374617274757020746F2074
:10E5C000726573746F7265206F7468657220617212
:10E5D00072617920706F72747320696E746F206439
:10E5E000656661756C742062617564726174650A38
:10E5F0000D00000057726F6E6720706172616D656B
:10E60000746572210A0D000025730A0D00000000D8
:10E6100025732067726F757020646F6573206E6F4D
:10E6200074206578697374210A0D000047726F7554
:10E6300070202573206D656D626572733A0A0D0056
:10E6400025732069732073657420746F20612077AF
:10E65000726F6E672076616C7565210A0D0000008F
:10E66000416C6C20706172616D65746572732073AA
:10E67000657420746F2064656661756C74207661C2
:10E680006C7565730A0D000043757272656E7420B7
:10E69000617272617920746F706F6C6F6779207727
:10E6A00061732072656D6F7665642E20506C6561B4
:10E6B0007365207265626F6F7420616C6C206D6F82
:10E6C00064756C65730A0D0043757272656E742013
:10E6D00074696D6520697320253032643A253032C3
:10E6E000643A253032642D253033640A0D00000071
:10E6F00043757272656E742074696D65206973204C
:10E70000253032643A253032643A253032642D2582
:10E710003033642025730A0D0000000043757272C7
:10E72000656E7420646174652069732025730A0D19
:10E730000000000057726F6E6720706172616D6536
:10E74000746572210D0A000042617564726174651E
:10E7500020666F7220706F7274205025642077617C
:10E76000732073657420746F2025640D0A00000007
:10E770004D435520555549442069730A0D0000004A
:10E780004D4355204445565F494420697320257305
:10E790000A0D000025734D4355205245565F4944EC
:10E7A0002069732025642E300A0D00004D4355204A
:10E7B000466C6173682073697A65206973202564EB
:10E7C000204B62797465730A0D000000546865205F
:10E7D000666F6C6C6F77696E6720436F6D6D616EED
:10E7E0006420536E69707065747320617265207364
:10E7F000746F72656420696E206D656D6F72793A11
:10E800000A0A0D005B253032645D2025730A0D0075
:10E8100025736966206225642E636C69636B656489
:10E820000000000025736966206225642E646F7500
:10E83000626C6520636C69636B656400257369664F
:10E84000206225642E72656C65617365640000004A
:10E850002573696620257320257320252E316600D7
:10E8600025730A0D092573000A0D656E642069661B
:10E870000A0A0D00546F2064656C65746520612080
:10E88000536E69707065742C20747970653A2064D9
:10E89000656C2D736E697020780A0D546F2061636A
:10E8A000746976617465206120536E697070657457
:10E8B0002C20747970653A200909090909090909A8
:10E8C0000909090909096163742D736E697020785B
:10E8D0000A0D546F207061757365206120536E6955
:10E8E000707065742C20747970653A20706175734E
:10E8F000652D736E697020780A0A0D7768657265F8
:10E9000020782069732074686520536E6970706583
:10E9100074206E756D6265722066726F6D2074680A
:10E9200065206C6973740A0D00000000536E6970F5
:10E9300070657420776173206163746976617465B2
:10E94000642E205479706520736E697020746F2076
:10E95000766965772075706461746564206C69738D
:10E96000740A0D0054686520536E697070657420D8
:10E970006E756D62657220776173206E6F742066AC
:10E980006F756E640A0D0000536E697070657420B7
:10E99000776173207061757365642E20547970659A
:10E9A00020736E697020746F2076696577207570AA
:10E9B0006461746564206C6973740A0D0000000062
:10E9C000536E6970706574207761732064656C653F
:10E9D0007465642E205479706520736E697020749C
:10E9E0006F20766965772075706461746564206C4A
:10E9F0006973740A0D00000050256420616E642064
:10EA000050256420617265206272696467656420C4
:10EA1000746F6765746865720A0D000057726F6ED7
:10EA2000672073796E7461780A0D0000506F7274FC
:10EA3000206272696467696E67206661696C6564EB
:10EA40000A0D000050256420616E6420502564206A
:10EA500061726520756E2D627269646765640A0D66
:10EA600000000000506F727420756E6272696467F6
:10EA7000696E67206661696C65640A0D00000000BC
:10EA800050256420697320776F726B696E6720630D
:10EA90006F72726563746C790A0D000050256420F2
:10EAA00074657374206661696C65640A0D0000000A
:10EAB000506C656173652073686F7274656E207445
:10EAC0006865206E65787420706F727420616E6462
:10EAD00020707265737320616E79206B6579207484
:10EAE0006F20636F6E74696E7565207465737469E9
:10EAF0006E6720746865206E657874206F6E650A95
:10EB00000D0A0D0074686520706F7274206E756D4B
:10EB10006265722069732077726F6E670A0D00005C
:10EB200057726F6E6720506172616D657465720A0D
:10EB30000D00000057726F6E6720506F7274206E68
:10EB4000756D626572200A0D00000000081C3044DB
:10EB5000586C800044656661756C745461736B0019
:10EB60004261636B456E645461736B0055736572EB
:10EB70005461736B00000000436C695461736B0057
:10EB800050314D73675461736B00000050324D7308
:10EB9000675461736B00000050334D7367546173A9
:10EBA0006B00000050344D73675461736B000000BC
:10EBB00050354D73675461736B00000050364D73D0
:10EBC000675461736B000000081C3044586C80006F
:10EBD00053747265616D54696D6572009AB3000873
:10EBE0003AB300084AB300085AB300086AB30008F1
:10EBF0007AB300088AB30008081C3044586C8000BF
:10EC00006ED0000886CB0008A8CB0008CACB00084D
:10EC1000DACB0008EACB000846D0000846D000084E
:10EC200046D0000846D00008FACB00081CCC0008EB
:10EC300060CC000882CC0008A4CC000842CD0008BB
:10EC4000C6CC0008E8CC000846D000080ACD000871
:10EC500020CD000864CD000886CD0008C0CD000896
:10EC6000E2CD000804CE000826CE000848CE0008F9
:10EC70006ACE000846D000088CCE0008AECE000850
:10EC8000D0CE0008F2CE000846D0000814CF00080D
:10EC900046D0000846D0000846D0000846D00008FC
:10ECA00036CF000858CF000858CF000846D00008DB
:10ECB0007ACF00089CCF0008BECF0008E0CF000844
:10ECC00002D0000824D0000848692066726F6D20C9
:10ECD0006D6F64756C652025640D0A0048692066B7
:10ECE000726F6D206D6F64756C652025642028251A
:10ECF00073290D0A00000000C4EE000814EB0008A0
:10ED00002CEB000848EB000864EB000880EB0008DF
:10ED10009CEB0008B8EB000814EB0008C8EE0008F4
:10ED200098EC0008B0EC0008CCEC0008E8EC000817
:10ED300004ED000820ED00083CED000898EC000808
:10ED4000CCEE0008F6ED000838EE000854EE00089E
:10ED500070EE00088CEE0008CCEE0008A8EE00086B
:10ED6000F6ED00087CEF000884EF0008B4EF00081F
:10ED7000E6EF000810F000083AF0000864F0000820
:10ED80008EF0000884EF000800F20008DEF00008B2
:10ED90000CF1000838F1000860F1000888F1000863
:10EDA000B0F10008D8F10008DEF0000816F80008FD
:10EDB000FCF20008AEF3000862F400081AF500083F
:10EDC000E8F50008A0F6000858F70008FCF2000873
:10EDD00044FB0008BAF90008DAF90008FCF9000859
:10EDE00022FA000868FA00088EFA0008B4FA00084F
:10EDF000BAF90008D0FE000876FF000820000108DC
:10EE00008E0001084C010108E001010854020108CC
:10EE10001403010808FF0008081C3044586C8000E7
:10EE200064656D6F0000000064656D6F3A0D0A2027
:10EE300052756E20612064656D6F2070726F67720D
:10EE4000616D20746F2074657374206D6F64756CD0
:10EE5000652066756E6374696F6E616C6974790D97
:10EE60000A0D0A0020EE020828EE0208FD2801081B
:10EE7000000000006F6E00006F6E3A0D0A2054759E
:10EE8000726E20524742204C4544206F6E202877F6
:10EE90006869746520636F6C6F72292061742061EA
:10EEA00020737065636966696320696E74656E734B
:10EEB0006974792028302D3130302529202831738C
:10EEC00074207061722E290D0A0D0A0074EE02087A
:10EED00078EE0208E9290108010000006F6666006B
:10EEE0006F66663A0D0A205475726E2052474220B2
:10EEF0004C4544206F66660D0A0D0A00DCEE0208E0
:10EF0000E0EE0208812A010800000000636F6C6FC8
:10EF100072000000636F6C6F723A0D0A20536574C3
:10EF200020524742204C454420636F6C6F7220286A
:10EF3000317374207061722E2920617420612073F6
:10EF40007065636966696320696E74656E73697460
:10EF5000792028302D31303025292028326E642048
:10EF60007061722E290A0D52656769737465726546
:10EF70006420636F6C6F7273206172653A090909CE
:10EF800009090D0A626C61636B2C207768697465EE
:10EF90002C207265642C20626C75652C206772656C
:10EFA000656E2C2079656C6C6F772C206379616EAF
:10EFB0002C20616E64206D6167656E7461200D0A9E
:10EFC0000D0A00000CEF020814EF0208AD2A010838
:10EFD00002000000726762005247423A0D0A205355
:10EFE000657420524742204C4544207265642028B5
:10EFF000317374207061722E292C20677265656EE2
:10F000002028326E64207061722E292C20616E647B
:10F0100020626C75652028337264207061722E291D
:10F020002076616C7565732028302D3235352920A6
:10F030006174206120737065636966696320696E1D
:10F0400074656E736974792028302D31303025292C
:10F050002028347468207061722E290D0A0D0A0070
:10F06000D4EF0208D8EF0208B92C01080400000010
:10F07000746F67676C650000746F67676C653A0D45
:10F080000A20546F67676C6520524742204C454404
:10F090002028776869746520636F6C6F722920611E
:10F0A00074206120737065636966696320696E749A
:10F0B000656E736974792028302D31303025292010
:10F0C00028317374207061722E290D0A0D0A000018
:10F0D00070F0020878F002083D2E010801000000DF
:10F0E00070756C7365636F6C6F72000070756C7314
:10F0F00065436F6C6F723A0D0A2053656E64206130
:10F100002070756C7365206F6E20524742204C450D
:10F1100044207573696E672061207370656369664A
:10F12000696320636F6C6F72202831737420706183
:10F13000722E292C2070756C736520706572696F52
:10F140006420286D73292028326E64207061722E2D
:10F15000292C2070756C736520647574792063792F
:10F16000636C6520286D73292028337264207061D8
:10F17000722E2920090909090920616E6420707521
:10F180006C7365207265706561742074696D657358
:10F190002028347468207061722E292028747970B8
:10F1A000652027696E662720666F72207065726918
:10F1B0006F646963207369676E616C290D0A0D0ABB
:10F1C00000000000E0F00208ECF00208092F01083E
:10F1D0000400000070756C736572676200000000C7
:10F1E00070756C73655247423A0D0A2053656E6420
:10F1F00020612070756C7365206F6E20524742202D
:10F200004C4544207573696E6720524742207661F1
:10F210006C75657320283173742C20326E64206104
:10F220006E6420337264207061722E292028302D84
:10F23000323535292C2070756C73652070657269C4
:10F240006F6420286D7329202834746820706172DF
:10F250002E292C2070756C73652064757479206379
:10F2600079636C6520286D732920283574682070B7
:10F2700061722E2920090909090920616E64207034
:10F28000756C7365207265706561742074696D6555
:10F29000732028367468207061722E2920287479B2
:10F2A00070652027696E662720666F722070657210
:10F2B000696F646963207369676E616C290D0A0D5B
:10F2C0000A000000D4F10208E0F1020875310108DB
:10F2D0000600000073776565700000007377656550
:10F2E000703A0D0A20506572666F726D20636F6C04
:10F2F0006F72207377656570206F6E2052474220D1
:10F300004C4544207573696E672061207370656396
:10F3100069666963207377656570206D6F64652029
:10F3200028276261736963273A20737765657020C7
:10F33000626173696320636F6C6F72206F6E6C79AA
:10F340002C202766696E65273A20737765657020E3
:10F35000616C6C20636F6C6F727329202831737439
:10F36000207061722E292C2073776565702070657E
:10F3700072696F6420286D73292028326E642070B2
:10F3800061722E2920090909090920616E64207320
:10F3900077656570207265706561742074696D654C
:10F3A000732028337264207061722E2920287479AA
:10F3B00070652027696E662720666F7220706572FF
:10F3C000696F646963207369676E616C290D0A0D4A
:10F3D0000A000000D4F20208DCF2020871330108CE
:10F3E0000300000064696D0064696D3A0D0A2044F1
:10F3F000696D206120737065636966696320636F5E
:10F400006C6F722028317374207061722E29206F06
:10F410006E20524742204C4544207573696E672028
:10F42000612073706563696669632064696D206D2E
:10F430006F64652028277570272C202775707761E9
:10F440006974272C2027646F776E272C2027646F20
:10F45000776E77616974272C20277570646F776EDB
:10F46000272C2027646F776E7570272C20277570E6
:10F47000646F776E77616974272C2027646F776ECD
:10F4800075707761697427292028326E6420706155
:10F49000722E292C200909090909207377656570E6
:10F4A00020706572696F6420286D7329202833727B
:10F4B00064207061722E292C207761697420746930
:10F4C0006D6520286D73292028347468207061725E
:10F4D0002E2920616E642064696D207265706561FB
:10F4E000742074696D6573202835746820706172AA
:10F4F0002E292028747970652027696E662720667A
:10F500006F7220706572696F646963207369676EDA
:10F51000616C290D0A0D0A00E4F30208E8F3020801
:10F52000E53401080500000000080108080801088A
:10F5300010080108180801082008010876080108C9
:10F540007E080108860801088E080108960801084F
:10F550005247426C65645461736B00007E10010871
:10F56000A2100108A8100108D8100108CA1101084A
:10F570008E150108AC160108561A0108D2190108A7
:10F58000DE190108EA190108F0190108F619010845
:10F59000021A01080E1A01081A1A0108261A01088F
:10F5A000321A01083E1A01084A1A010820270108E8
:10F5B0006E2601087C26010890260108A82601086D
:10F5C000C0260108D8260108F026010808270108EE
:10F5D0000D0A0000626C61636B000000776869745B
:10F5E0006500000072656400626C756500000000D3
:10F5F00079656C6C6F7700006379616E00000000C4
:10F600006D6167656E746100677265656E0000000C
:10F61000696E6600626173696300000066696E6509
:10F62000000000007570000075707761697400005B
:10F63000646F776E00000000646F776E77616974A5
:10F64000000000007570646F776E0000646F776E65
:10F65000757000007570646F776E77616974000073
:10F66000646F776E7570776169740000526564200D
:10F670004C4544206973206F6E0D0A004772656522
:10F680006E204C4544206973206F6E0D0A00000007
:10F69000426C7565204C4544206973206F6E0000F4
:10F6A000524742204C4544206973206F6E2061749C
:10F6B00020696E74656E7369747920256425250D43
:10F6C0000A00000057726F6E6720696E74656E7372
:10F6D000697479210A0D0000524742204C454420AC
:10F6E0006973206F66660D0A0000000052474220D1
:10F6F0004C454420636F6C6F722069732025732022
:10F70000617420696E74656E73697479202564254F
:10F71000250A0D00556E6B6E6F776E20636F6C6FF0
:10F7200072210A0D00000000524742204C4544203F
:10F730006973202825642C2025642C202564292029
:10F74000617420696E74656E73697479202564250F
:10F75000250A0D0057726F6E6720636F6C6F722001
:10F7600076616C7565210A0D00000000412025734B
:10F770002070756C73652077697468207065726994
:10F780006F64202564206D7320616E64206475743D
:10F7900079206379636C65202564206D732069731B
:10F7A0002067656E65726174656420706572696F4B
:10F7B000646963616C6C790A0D0000004120257357
:10F7C0002070756C73652077697468207065726944
:10F7D0006F64202564206D7320616E6420647574ED
:10F7E00079206379636C65202564206D73206973CB
:10F7F0002067656E65726174656420256420746994
:10F800006D65730A0D00000041202825642C202519
:10F81000642C20256429205247422070756C736542
:10F82000207769746820706572696F642025642090
:10F830006D7320616E642064757479206379636CE4
:10F8400065202564206D732069732067656E65727D
:10F850006174656420706572696F646963616C6C62
:10F86000790A0D0041202825642C2025642C2025B0
:10F870006429205247422070756C73652077697443
:10F880006820706572696F64202564206D73206143
:10F890006E642064757479206379636C65202564D7
:10F8A000206D732069732067656E6572617465648D
:10F8B0002025642074696D65730A0D005468652005
:10F8C000524742204C454420706572666F726D73DA
:10F8D000206120257320636F6C6F722073776565DC
:10F8E00070207769746820706572696F6420256480
:10F8F000206D732E205468652073776565702069CC
:10F900007320726570656174656420706572696FDB
:10F91000646963616C6C790A0D00000054686520AD
:10F92000524742204C454420706572666F726D7379
:10F93000206120257320636F6C6F7220737765657B
:10F9400070207769746820706572696F642025641F
:10F95000206D732E2054686520737765657020696B
:10F960007320726570656174656420256420746914
:10F970006D65730A0D0000005468652052474220EF
:10F980004C45442064696D73206120257320636FAA
:10F990006C6F72207769746820706572696F64207B
:10F9A0002564206D7320616E642077616974207412
:10F9B000696D65202564206D732E20546865206470
:10F9C000696D206D6F646520697320257320616EF9
:10F9D00064207468652064696D206379636C6520B8
:10F9E0006973207265706561746564207065726901
:10F9F0006F646963616C6C790A0D0000546865205E
:10FA0000524742204C45442064696D732061202593
:10FA10007320636F6C6F72207769746820706572F1
:10FA2000696F64202564206D7320616E64207761A6
:10FA300069742074696D65202564206D732E2054CF
:10FA400068652064696D206D6F6465206973202589
:10FA50007320616E64207468652064696D20637929
:10FA6000636C6520697320726570656174656420DC
:10FA700025642074696D65730A0D0000081C30440C
:10FA8000586C800052657374617274696E672E2EB3
:10FA90002E0D0A00486172644661756C74204572CF
:10FAA000726F720D0A000000537461636B204F7611
:10FAB0006572666C6F770D0A000000004865617022
:10FAC0002073697A652065786365656465640D0AED
:10FAD00000000000081C3044586C80004A756C20FF
:10FAE000323920323032350031323A34343A35321C
:10FAF00000000000081C3044586C8000BA720108F5
:10FB0000A2720108A6720108AA720108AE72010869
:10FB1000B2720108B6720108081C3044586C8000AB
:10FB200000000000000000000000000000000000D5
:10FB300000000000000000000000000000000000C5
:10FB400001000000020000000300000004000000AB
:10FB50000600000007000000080000000900000087
:10FB60000000000000000000000000000000000095
:10FB7000010000000200000003000000040000007B
:10FB8000081C3044586C800068656C7000000000F0
:10FB90000D0A68656C703A0D0A204C697374732005
:10FBA000616C6C2074686520726567697374657236
:10FBB000656420636F6D6D616E64732E205479707F
:10FBC00065202768656C7020706172616D732720F5
:10FBD000746F206C69737420617661696C61626C0A
:10FBE0006520706172616D657465727320616E6409
:10FBF00020746865697220706F737369626C652028
:10FC000076616C7565730D0A0D0A000088FB0208A9
:10FC100090FB020899B20108FF000000496E636F73
:10FC2000727265637420636F6D6D616E64207061C4
:10FC300072616D657465722873292E2020456E747B
:10FC40006572202268656C702220746F2076696569
:10FC5000772061206C697374206F6620617661691A
:10FC60006C61626C6520636F6D6D616E64732E0DE7
:10FC70000A0D0A00436F6D6D616E64206E6F742013
:10FC80007265636F676E697365642E2020456E74BC
:10FC90006572202268656C702220746F2076696519
:10FCA000772061206C697374206F662061766169CA
:10FCB0006C61626C6520636F6D6D616E64732E0D97
:10FCC0000A0D0A00706172616D73000049444C4571
:10FCD00000000000092563092575092575092575AA
:10FCE0000D0A0000A8D70108B2D70108BCD7010847
:10FCF000C6D70108D0D7010809257509092575253A
:10FD0000250D0A0009257509093C3125250D0A0034
:10FD1000DADA01089CDA0108AADA0108B6DA010881
:10FD2000BEDA0108E2DB0108A4DB0108B2DB01084E
:10FD3000BEDB0108C6DB0108546D722053766300F8
:10FD400034E2010834E2010834E2010898E20108D3
:10FD5000ACE20108DCE2010834E2010834E2010807
:10FD600098E20108ACE20108546D725100000000F5
:10FD7000081C3044586C8000CC2902082C2A020848
:10FD80002C2A02082C2A0208DC2902082C2A020844
:10FD90002C2A02082C2A0208EC2902082C2A020824
:10FDA0002C2A02082C2A0208FC2902082C2A020804
:10FDB0002C2A02082C2A02080C2A02082C2A0208E3
:10FDC0002C2A02082C2A02081C2A02088E2A020861
:10FDD000262C0208262C0208262C0208D02A02080B
:10FDE000262C0208262C0208262C0208162B0208B4
:10FDF000262C0208262C0208262C0208582B020862
:10FE0000262C0208262C0208262C02089E2B02080B
:10FE1000262C0208262C0208262C0208E02B0208B9
:10FE20006A2D0208782E0208782E0208782E020821
:10FE3000962D0208782E0208782E0208782E0208E5
:10FE4000C42D0208782E0208782E0208782E0208A7
:10FE5000F02D0208782E0208782E0208782E02086B
:10FE60001E2E0208782E0208782E0208782E02082C
:10FE70004A2E0208081C3044586C80000100020021
:10FE80000400060008000A000C00100020004000DA
:10FE900080000001081C3044586C800001010103FF
:10FEA0000701000008040204080101013E0A0008DD
:10FEB0006E09000886090008A409000886090008E0
:10FEC000E809000886090008A40900086E0900086E
:10FED0006E090008E8090008A40900088E09000856
:10FEE0008E0900088E090008F20900086E09000852
:10FEF0006E090008860900087C0A000886090008C7
:10FF0000E8090008860900087C0A00086E09000854
:10FF10006E090008E80900087C0A00088E0900083C
:10FF20008E0900088E0900080C1B0008FE1A000844
:10FF3000DC1A0008081B0008DC1A0008F21D000883
:10FF4000DC1A0008081B0008FE1A0008FE1A000848
:10FF5000F21D0008081B0008C41A0008C41A000893
:10FF6000C41A0008641E00082E00000034000000BF
:10FF7000CEFBFFFFCB0300000100000000000000EB
:10FF800035000000CEFBFFFFCB03000001000000A6
:10FF90000000000000000000BC89D897B2D29C3C51
:10FFA00033A7A8D523F649393DA7F444FD0FA53260
:10FFB0009D978CCF08BA5B25436FAC642806681107
:10FFC0000020202020202020202028282828282029
:10FFD0002020202020202020202020202020202021
:10FFE0002088101010101010101010101010101089
:10FFF0001004040404040404040404101010101079
:020000040803EF
:100000001010414141414141010101010101010142
:100010000101010101010101010101011010101094
:100020001010424242424242020202020202020214
:100030000202020202020202020202021010101068
:100040002000000000000000000000000000000090
:1000500000000000000000000000000000000000A0
:100060000000000000000000000000000000000090
:100070000000000000000000000000000000000080
:100080000000000000000000000000000000000070
:100090000000000000000000000000000000000060
:1000A0000000000000000000000000000000000050
:1000B0000000000000000000000000000000000040
:1000C000004300504F5349580042616C6C6F6320ED
:1000D000737563636565646564002F6275696C643C
:1000E0002F676E752D746F6F6C732D666F722D7325
:1000F000746D33325F31322E332E72656C312E3295
:10010000303234303932362D313731352F73726316
:100110002F6E65776C69622F6E65776C69622F6CE4
:100120006962632F7374646C69622F6764746F61B2
:100130002D6765746865782E63002F6275696C643D
:100140002F676E752D746F6F6C732D666F722D73C4
:10015000746D33325F31322E332E72656C312E3234
:10016000303234303932362D313731352F737263B6
:100170002F6E65776C69622F6E65776C69622F6C84
:100180006962632F7374646C69622F6D707265634A
:100190002E63000005000000190000007D00000033
:1001A0000080E03779C34143176E05B5B5B8934673
:1001B000F5F93FE9034F384D321D30F94877825A3F
:1001C0003CBF737FDD4F1575000000000000F03F5D
:1001D0000000000000002440000000000000594022
:1001E0000000000000408F40000000000088C34075
:1001F00000000000006AF8400000000080842E41EA
:1002000000000000D01263410000000084D7974135
:100210000000000065CDCD41000000205FA002423B
:10022000000000E876483742000000A2941A6D42B0
:10023000000040E59C30A2420000901EC4BCD642A3
:1002400000003426F56B0C430080E03779C341434E
:1002500000A0D8855734764300C84E676DC1AB43C4
:10026000003D9160E458E143408CB5781DAF1544E2
:1002700050EFE2D6E41A4B4492D54D06CFF08044BD
:10028000F64AE1C7022DB544B49DD9794378EA44D2
:10029000494E4600696E66004E414E006E616E002A
:1002A00030313233343536373839616263646566EC
:1002B00000303132333435363738394142434445E2
:1002C0004600300030303030303030303030303078
:1002D00030303030202020202020202020202020DE
:1002E000202020202C2066756E6374696F6E3A2082
:1002F00000617373657274696F6E2022257322200A
:100300006661696C65643A2066696C6520222573B4
:10031000222C206C696E65202564257325730A00E4
:10032000496E66696E697479004E614E002F627580
:10033000696C642F676E752D746F6F6C732D666FAB
:10034000722D73746D33325F31322E332E72656CC1
:10035000312E32303234303932362D313731352F7B
:100360007372632F6E65776C69622F6E65776C6947
:10037000622F6C6962632F7374646C69622F64749A
:100380006F612E63003030303030303030303030FC
:10039000303030303020202020202020202020200D
:0803A0002020202020000000B5
:0803A8003003FD7F010000009D
:0803B00045780208E90000088D
:0403B800C100000878
:1003BC0030C4020838C4020840C402084CC4020805
:1003CC0058C4020860C402086CC4020874C4020851
:1003DC0078C402087CC4020880C4020884C40208E1
:1003EC0088C402088CC4020890C4020894C4020891
:1003FC0098C402089CC40208A0C40208A4C4020841
:10040C00D0C40208FCC40208D0C50208FCC502080E
:10041C0028C6020850C6020878C6020860C702083F
:10042C0094C7020898C80208FF00010001010000EF
:10043C001E00320005FA000000100E00001800002B
:10044C00000000000000000000000000F4CB0208D7
:10045C0088CE02088CCE0208E8E10208FCE1020812
:10046C0018E2020838E2020848E2020878E20208C0
:10047C00E4E2020848E3020860E30208A0E3020891
:10048C00D4E3020814E4020838E4020864E4020825
:10049C0080E4020860E30208A0E30208D4E3020847
:1004AC00A0E40208D4E40208FCE4020810E5020807
:1004BC0040E50208F4E5020838E2020808E6020802
:1004CC0010E602082CE60208F4E5020840E60208F1
:1004DC0060E6020888E6020838E20208C8E602086C
:1004EC00F0E602081CE7020834E7020848E70208B5
:1004FC0070E7020880E7020894E70208ACE70208FC
:10050C00CCE7020804E8020810E8020824E8020814
:10051C003CE8020850E8020860E8020868E80208B3
:10052C0074E802082CE9020864E9020888E9020868
:10053C0064E90208C0E9020864E90208F8E9020863
:10054C001CEA02082CEA020844EA02081CEA020827
:10055C0064EA020880EA02089CEA0208B0EA02088F
:10056C0004EB02081CEA020820EB020834EB020838
:10057C00010000006CF602087CF6020890F60208F6
:10058C00A0F60208C4F60208D8F60208ECF6020837
:10059C0014F70208C4F6020828F7020854F70208F8
:1005AC00C4F60208A0F60208D8F60208C4F602083F
:1005BC006CF70208BCF7020808F8020864F8020895
:1005CC00BCF802081CF9020878F90208FCF90208C8
:1005DC0084FA02080024F400200000000CFC02083D
:1005EC00000000002C020020AAAAAAAA0400000005
:1005FC0001000000FFFFFFFF0000020000000000F0
:10060C00000000004C0200204C020020540200208C
:10061C00540200205C0200205C02002064020020D6
:10062C00640200206C0200206C0200207402002086
:10063C00740200207C0200207C0200208402002036
:10064C00840200208C0200208C02002094020020E6
:10065C00940200209C0200209C020020A402002096
:10066C00A4020020AC020020AC020020B402002046
:10067C00B4020020BC020020BC020020C4020020F6
:10068C00C4020020CC020020CC020020D4020020A6
:10069C00D4020020DC020020DC020020E402002056
:1006AC00E4020020EC020020EC020020F402002006
:1006BC00F4020020FC020020FC02002004030020B5
:1006CC00040300200C0300200C0300201403002062
:1006DC00140300201C0300201C0300202403002012
:1006EC00240300202C0300202C03002034030020C2
:1006FC00340300203C0300203C0300204403002072
:10070C00440300204C0300204C0300205403002021
:10071C00540300205C0300205C03002064030020D1
:10072C00640300206C0300206C0300207403002081
:10073C00740300207C0300207C0300208403002031
:10074C00840300208C0300208C03002094030020E1
:10075C00940300209C0300209C030020A403002091
:10076C00A4030020AC030020AC030020B403002041
:10077C00B4030020BC030020BC030020C4030020F1
:10078C00C4030020CC030020CC030020D4030020A1
:10079C00D4030020DC030020DC030020E403002051
:1007AC00E4030020EC030020EC030020F403002001
:1007BC00F4030020FC030020FC03002004040020B0
:1007CC00040400200C0400200C040020140400205D
:1007DC00140400201C0400201C040020240400200D
:1007EC00240400202C0400202C04002034040020BD
:1007FC00340400203C0400203C040020440400206D
:10080C00440400204C0400204C040020540400201C
:10081C00540400205C0400205C04002064040020CC
:10082C00640400206C0400206C040020740400207C
:10083C00740400207C0400207C040020840400202C
:10084C00840400208C0400208C04002094040020DC
:10085C00940400209C0400209C040020A40400208C
:10086C00A4040020AC040020AC040020B40400203C
:10087C00B4040020BC040020BC040020C4040020EC
:10088C00C4040020CC040020CC040020D40400209C
:10089C00D4040020DC040020DC040020E40400204C
:1008AC00E4040020EC040020EC040020F4040020FC
:1008BC00F4040020FC040020FC04002004050020AB
:1008CC00040500200C0500200C0500201405002058
:1008DC00140500201C0500201C0500202405002008
:1008EC00240500202C0500202C05002034050020B8
:1008FC00340500203C0500203C0500204405002068
:10090C00440500204C0500204C0500205405002017
:10091C00540500205C0500205C05002064050020C7
:10092C00640500206C0500206C0500207405002077
:10093C00740500207C0500207C0500208405002027
:10094C00840500208C0500208C05002094050020D7
:10095C00940500209C0500209C050020A405002087
:10096C00A4050020AC050020AC050020B405002037
:10097C00B4050020BC050020BC050020C4050020E7
:10098C00C4050020CC050020CC050020D405002097
:10099C00D4050020DC050020DC050020E405002047
:1009AC00E4050020EC050020EC050020F4050020F7
:1009BC00F4050020FC050020FC05002004060020A6
:1009CC00040600200C0600200C0600201406002053
:1009DC00140600201C0600201C0600202406002003
:1009EC00240600202C0600202C06002034060020B3
:1009FC00340600203C0600203C0600204406002063
:100A0C0044060020000000000300000064A0012048
:100A1C004300000000000000000000000000000087
:100A2C0000000000000000000000000000000000BA
:100A3C004300000000000000000000000000000067
:100A4C00000000000000000000000000000000009A
:100A5C004300000000000000000000000000000047
:100A6C00000000000000000000000000000000007A
:100A7C004300000000000000000000000000000027
:100A8C00000000000000000000000000000000005A
:100A9C004300000000000000000000000000000007
:100AAC00000000000000000000000000000000003A
:100ABC0043000000000000000000000000000000E7
:100ACC00000000000000000000000000000000001A
:100ADC0043000000000000000000000000000000C7
:100AEC0000000000000000000000000000000000FA
:100AFC00498A02083181020800000000C0FF020888
:100B0C0068FF02081F0303081F0303081F030308E1
:100B1C001F0303081F0303081F0303081F03030815
:100B2C001F0303081F030308FFFFFFFFFFFFFFFF67
:100B3C00FFFFFFFFFFFF0000010041534349490045
:100B4C000000000000000000000000000000000099
:100B5C000000000000000000000041534349490020
:100B6C000000000000000000000000000000000079
:100B7C00000000000000000000000000D007002072
:100B8C000000000064A00120CCA0012034A10120B1
:100B9C000000000000000000000000000000000049
:100BAC000000000000000000000000000000000039
:100BBC000000000000000000000000000000000029
:100BCC000000000000000000000000000000000019
:100BDC000000000000000000000000000000000009
:100BEC0000000000000000000000000000000000F9
:100BFC0000000000000000000000000000000000E9
:100C0C0000000000000000000000000000000000D8
:100C1C0000000000000000000100000000000000C7
:100C2C000E33CDAB34126DE6ECDE05000B0000008C
:100C3C0000000000000000000000000000000000A8
:100C4C000000000000000000000000000000000098
:100C5C000000000000000000000000000000000088
:100C6C000000000000000000000000000000000078
:100C7C000000000000000000000000000000000068
:100C8C000000000000000000000000000000000058
:100C9C000000000000000000000000000000000048
:100CAC00A5A1012080B588B000AF786039601F2302
:100CBC00FB1800221A707B68BB613B687B611A4B86
:100CCC005A69194B8021C9020A435A61EFF3108308
:100CDC00FB60FB683B6172B6C0460FE07A69BB698A
:100CEC0012681A607B6904337B61BB690433BB6196
:100CFC001F217B181A787B1801321A701F23FB18DE
:100D0C001B783F2BEAD9C046074B1A69C0239B02BC
:100D1C001340F9D13B69BB60BB6883F31088C046B4
:0C0D2C00C046BD4608B080BD002002405B
:04000005080175A5D4
:00000001FF
